DateTime,Epoch,ByteLen,PayloadHex
2025-08-19T22:33:56.080152+00:00,1755642836.080152,24,bda0016ffd100a0ffd175300000000000000000000a3e9bd
2025-08-19T22:33:56.713323+00:00,1755642836.713323,23,bdaffd00011ffd200a97530043060c16000000004afcbd
2025-08-19T22:33:57.074623+00:00,1755642837.074623,24,bda0016ffd100a0ffd1754000000000000000000002557bd
2025-08-19T22:33:57.769864+00:00,1755642837.769864,23,bdaffd00011ffd200a97540043060c1700000000b9a3bd
2025-08-19T22:33:58.078169+00:00,1755642838.078169,24,bda0016ffd100a0ffd175500000000000000000000a32dbd
2025-08-19T22:33:58.865121+00:00,1755642838.865121,23,bdaffd00011ffd200a97550043060c1800000000f636bd
2025-08-19T22:33:59.071322+00:00,1755642839.071322,24,bda0016ffd100a0ffd1756000000000000000000000951bd
2025-08-19T22:33:59.765429+00:00,1755642839.765429,23,bdaffd00011ffd200a97560043060c190000000038cabd
2025-08-19T22:34:00.075981+00:00,1755642840.075981,24,bda0016ffd100a0ffd175700000000000000000000d5ddbd
2025-08-19T22:34:00.813617+00:00,1755642840.813617,23,bdaffd00011ffd200a97570043060c1a00000000e88cbd
2025-08-19T22:34:10.379476+00:00,1755642850.379476,27,bda0016ffd100a0ffd095800000500022c790000000100001d9fbd
2025-08-19T22:34:12.345066+00:00,1755642852.345066,68,bdaffd00011ffd200a89580000020000fde4000143060908415292513e1705003ea6a39241b8f6793e290ff93f0751e441afb2113e2399e03eb16a3241ae40d4004208bd
2025-08-19T22:34:12.353221+00:00,1755642852.353221,31,bda0016ffd100a0ffd095900000600022c790000fb3c0000fde4000061c2bd
2025-08-19T22:34:13.664238+00:00,1755642853.664238,247,bdaffd00011ffd200a89590000020000fb3c000542fcb268415405a83e85fa0c3f0c828741addb9f3e88a63f3f3f9e2241aca92b3e4bb6ed3ed449f341ade2bcdc42fcb5ec4153d2163e85dfd53f0cf3af41aed77a3e8831273f3fbfc541accd163e4afbee3ed3f7ce41adcdc242fcb9704153cb363e85c91e3f0d527e41afcb2a3e8833c63f3fbcdcb641ace81c3e4b012d3ed3e65541adb50742fcbcdcf44153ba043e85b3463f0daf8e41b0a63b3e882f673f3fc65541ad0d263e4b082a3ed3c52141adba4342fcc078415389e23e85a00b3f0e08af41b194c43e87e3613f3fbe7641ad29493e4af86f3ed3f99041ada00e01be05bd
2025-08-19T22:34:13.690824+00:00,1755642853.690824,31,bda0016ffd100a0ffd095a00000600022c790000fb410000fde400001fd2bd
2025-08-19T22:34:14.868326+00:00,1755642854.868326,244,bdaffd00011ffd200a895a0000020000fb41000542fcc3fc41537f903e851dda3f0e60f041b278343e87b2733f3fe78a41ad5abe3e4b1b643ed3767c41ad8f9042fcc780415341ac3e8508e03f0eb54341b361613e87b5113f3fdadd41ad92333e4acaff3ed3c1a141ad87ad42fccb04415333ec3e84fbc43f0ef03f41b442573e87a7163f4005ae41adcdc53e4a2db53ed3b8e441ad7af042fcce88415341ac3e84edc83f0f2aca41b523093e8788823f4027c341ae16143e4a153f3ed41e4241ad7d3642fcd20c4153299b3e846f153f0f774041b5ed973e8728623f402c2141ae6ac53e4a1c3d3ed40b0941ad7d8f01e90ebd
2025-08-19T22:34:14.875269+00:00,1755642854.875269,31,bda0016ffd100a0ffd095b00000600022c790000fb460000fde400002695bd
2025-08-19T22:34:16.396075+00:00,1755642856.396075,245,bdaffd00011ffd200a895b0000020000fb46000542fcd5904153564d3e845e7c3f0fbcdc4941b6ab1e3e87144a3f406dab41aea4213e4a36743ed3951241ad737742fcd914415375403e844fa13f0ff74341b7811e3e870f0c3f40815341aef5723e4a40f13ed36e9e41ad737742fcdc98415383003e8446043f101f0441b83b063e86f5b43f40d22741af47913e4a38333ed390b241ad7b5242fce01c41537f903e843b883f10568241b8d8593e86e0bb3f411c6e41af994e3e4a5b263ed3157f41ad7a9742fce3a0415378b03e83de083f106b7c41b96e9b3e87152a3f4156f941afee633e4a49ae3ed3500941ad83910189b8bd
2025-08-19T22:34:16.402506+00:00,1755642856.402506,31,bda0016ffd100a0ffd095c00000600022c790000fb4b0000fde40000f24fbd
2025-08-19T22:34:17.624098+00:00,1755642857.624098,244,bdaffd00011ffd200a895c0000020000fb4b000542fce72441537f903e83bf723f10877141b9f86c3e8731203f418d9541b03d893e4a446f3ed3618241ad952d42fceaa8415394323e83bb143f10a05741ba86133e8724e33f41c19341b096793e4a34b33ed3309541ad953042fcee2c4153d5863e83b3363f10b8d141baf3043e8711ab3f41fbaf41b0e2f93e49992a3ed30a2241adaf6b42fcf1b0415409183e83b4f53f10ba9041bb604a3e86f3f53f425c3e41b142373e4980b33ed2f60641adc28442fcf53441545f0e3e83aed83f10cdc941bbbbea3e86e27b3f4299d741b186863e4985f13ed2e3af41adc3410183a5bd
2025-08-19T22:34:17.631203+00:00,1755642857.631203,31,bda0016ffd100a0ffd095d00000600022c790000fb500000fde4000023ebbd
2025-08-19T22:34:19.128003+00:00,1755642859.128003,251,bdaffd00011ffd200a895d0000020000fb50000542fcf8b8415484e13e83b1773f10caba41bcdc15453e870f0c3f42d77341b1cb8f3e49667c3ed2eaac41ade67742fcfc3c4154aab33e8368f03f10e1e141bcdc446a3e87365e3f43047341b249523e494c443ed2dd9141ae0b9742fcffc041550af93e83427f3f10d06741bcdc823b3e8725c43f433eff41b2782e3e495a3f3ed3538941ae19d142fd03444154ef783e83451d3f10bcdcbf41bcdca19c3e870f0b3f438f6541b2bcdcef3e496bbb3ed34aca41ae257342fd06c8415333ec3e834eba3f1098eb41bcdcc5713e8715293f43dd9941b317643e497ef33ed304e341ae556a015cacbd
2025-08-19T22:34:19.133117+00:00,1755642859.133117,31,bda0016ffd100a0ffd095e00000600022c790000fb550000fde400002319bd
2025-08-19T22:34:20.675683+00:00,1755642860.675683,251,bdaffd00011ffd200a895e0000020000fb55000542fd0a4c4151abf33e8353173f10870141bcdcc0223e875cd03f440da641b35bbcdd3e4979b53ed313be41ae628f42fd0dd041503f7c3e8356963f106f6a41bcdcab063e8752533f4431eb41b3a0703e4977f53ed30e8241ae7d2742fd1154414f36bb3e8367323f10393c41bcdca0133e8746f83f44540041b3de6b3e496bb93ed342ed41aea65a42fd14d8414e384c3e833d403f100cab41bcdc74503e87349f3f448bea41b4189a3e4972b73ed3325241aebbbcdc42fd185c414d74503e830eef3f0fdb4d41bcdc5e143e8783433f44acb141b449d63e497b733ed3104041aee0d501a6cfbd
2025-08-19T22:34:20.680609+00:00,1755642860.680609,31,bda0016ffd100a0ffd095f00000600022c790000fb5a0000fde400001b68bd
2025-08-19T22:34:21.968554+00:00,1755642861.968554,245,bdaffd00011ffd200a895f0000020000fb5a000542fd1be0414d5c3e3e831f8a3f0f948541bcdc1e4f3e8799fb3f44c44641b475ca3e4985f03ed2e03141af022c42fd1f64414d7ea03e8328473f0f70b141bbd2823e8785023f4507ff41b4a7cb3e498b2e3ed2c97641af173242fd22e8414d5c3e3e8338023f0f35b641bb7cf93e8789623f44ff4441b4da7b3e4974763ed3299641af400e42fd266c414d17793e82dc413f0ee86141bb1af33e8782643f4515fd41b4e0223e497b743ed313be41af5ff542fd29f0414d442c3e82f05a3f0e971e41bace0f3e8772a93f45444b41b50d9a3e4979b53ed311ff41af77ee019deabd
2025-08-19T22:34:21.974975+00:00,1755642861.974975,31,bda0016ffd100a0ffd096000000600022c790000fb5f0000fde4000013d0bd
2025-08-19T22:34:23.299773+00:00,1755642863.299773,244,bdaffd00011ffd200a89600000020000fb5f000542fd2d74414d2f8c3e82fad63f0e5d7141ba63ce3e87700a3f4552b641b52fcc3e4987b03ed2de7041af8bcb42fd30f8414ceac63e82f9f73f0e101c41b9eb3d3e8777e63f4537a041b53e6c3e498eae3ed2bfdd41afb32c42fd347c414d06493e82b0913f0dd7c041b97d4a3e8777083f453bfe41b553823e49906d3ed2c43a41afc1c942fd3800414d32fc3e82c20a3f0d91d941b913733e876f2a3f454de941b561c93e497d343ed3094141afee6442fd3b84414d10993e82d0063f0d4e2041b8a3493e8774683f45405d41b550e23e4982713ed2fb4741b0006201e915bd
2025-08-19T22:34:23.304231+00:00,1755642863.304231,31,bda0016ffd100a0ffd096100000600022c790000fb640000fde400005d46bd
2025-08-19T22:34:43.316603+00:00,1755642883.316603,24,bda0015ffd100a0ffd173100000000000000000000ded3bd
2025-08-19T22:34:45.264003+00:00,1755642885.264003,23,bdaffd00011ffd200a97310043060c46000000006814bd
2025-08-19T22:34:55.559331+00:00,1755642895.559331,31,bda0016ffd100a0ffd096100000600022c790000fb640000fde400005d46bd
2025-08-19T22:34:57.940984+00:00,1755642897.940984,244,bdaffd00011ffd200a89610000020000fb64000542fd3f08414d2c1a3e82e41f3f0cfc6d41b833753e879d7a3f453c6d41b563513e49922d3ed2bb7e41b00f6242fd428c414cee383e82a0d63f0cc8dd41b7b6ed3e87caea3f45277541b552be3e4982733ed2f7c641b0390a42fd4610414cb7343e8291fb3f0c83d741b7358a3e87cf493f45349041b549bf3e4987b03ed2dcb141b04b7042fd4994414cb0543e82a6f33f0c2f8341b6c38e3e87a2b93f452a1441b53f913e4989703ed2dcb041b0546c42fd4d18414c94d23e82b5cf3f0bf3a941b63c8a3e877c463f45254641b52fca3e497b743ed319dc41b06c70017468bd
2025-08-19T22:34:57.946504+00:00,1755642897.946504,31,bda0016ffd100a0ffd096200000600022c790000fb690000fde40000f30cbd
2025-08-19T22:34:59.228552+00:00,1755642899.228552,244,bdaffd00011ffd200a89620000020000fb69000542fd509c414c613e3e826d483f0bb2ff41b5c2063e8782633f4514ad41b51bdd3e49976c3ed2a4c441b08faf42fd5420414c613e3e826b893f0b6a7941b5410f3e878c013f44f45641b507f13e499aeb3ed2988941b0895342fd57a4414c75df3e827c233f0b1af341b4c6f13e87905e3f44e11e41b4ee6a3e496f3a3ed33e9041b0937542fd5b28414c613e3e82877e3f0ae5a641b44f1b3e87967d3f44d24341b4dea73e491d143ed2b71f41b09a9342fd5eac414c26ca3e8230fd3f0aaa3b41b3d0de3e879f3a3f44ba3c41b4aac73e48c9313ed2679b41b09f1a01a32bbd
2025-08-19T22:34:59.230691+00:00,1755642899.230691,31,bda0016ffd100a0ffd096300000600022c790000fb6e0000fde40000c0b6bd
2025-08-19T22:35:00.472759+00:00,1755642900.472759,246,bdaffd00011ffd200a89630000020000fb6e000542fd6230414c37fb3e823a9a3f0a614441b34f553e87a5573f44a4d441b4949a3e48b4393ed2b02241b0b64d42fd65b4414c37fb3e8248953f0a25d941b2cfae3e87ab753f44863e41b473ea3e48d3af3ed2420641b0b9b642fd6938414c04683e8253f13f09f24a41b24eee3e87b3523f44714441b44c1f3e48c3f33ed274b541b0bcdd1942fd6cbcdc414bb8c33e821a453f09ad4341b1d0d53e87c22d3f443f0641b425cb3e48d56e3ed22def41b0be9642fd7040414bfa173e82062c3f096d0a41b155bb3e87ce693f441f9241b405133e48e1aa3ed203fd41b0b713015351bd
2025-08-19T22:35:00.476079+00:00,1755642900.476079,31,bda0016ffd100a0ffd096400000600022c790000fb730000fde400007f39bd
2025-08-19T22:35:01.740763+00:00,1755642901.740763,246,bdaffd00011ffd200a89640000020000fb73000542fd73c4414b85303e821a453f091f4441b0e3b63e87e97f3f43bfe241b3cbfc3e48d8ee3ed2308e41b0cc1e42fd7748414b7e503e821f843f09057d41b073903e87dd443f43e9d341b3b2763e48e3693ed205bcdd41b0bcddd642fd7acc414b62cf3e8214273f08b90741afef893e87e3623f43d15c41b372473e48dc6b3ed219d541b0b04d42fd7e50414b1a993e81d61e3f086d7241af796c3e87edde3f43a99c41b33b6f3e48efa43ed1cc1041b0b53242fd81d4414b09683e81e2583f083f2341af0d6c3e87a01a3f437c2941b313473e48ea653ed1e48941b0a4b301957cbd
2025-08-19T22:35:01.744325+00:00,1755642901.744325,31,bda0016ffd100a0ffd096500000600022c790000fb780000fde40000f002bd
2025-08-19T22:35:02.937286+00:00,1755642902.937286,245,bdaffd00011ffd200a89650000020000fb78000542fd8558414ad9453e81eb143f0811b141ae98833e8794be3f4355b641b2debb3e48ec253ed1e56741b0aed942fd88dc414ac1343e81fc8f3f07d25741ae11f93e879adb3f433cd041b2b6823e48efa43ed2007e41b0a8d642fd8c60414aa5b23e820c4a3f07881241ada0163e87a6373f4319dd41b2759a3e48f6a03ed1b0fa41b0a27542fd8fe4414a75903e81b0893f075fdf41ad24043e87b3523f42ee2b41b248e63e4855da3ed1a91c41b0870b42fd9368414a48dd3e81b8663f071ec641acb33e3e87bcdcf03f42d07641b20fec3e483f223ed1298941b085f601b302bd
2025-08-19T22:35:02.942853+00:00,1755642902.942853,31,bda0016ffd100a0ffd096600000600022c790000fb7d0000fde400006a86bd
2025-08-19T22:35:05.017156+00:00,1755642905.017156,244,bdaffd00011ffd200a89660000020000fb7d000542fd96ec414a343c3e81c8213f06da9e41ac2fca3e87c76c3f42b10141b1daf53e4838243ed1386441b0774e42fd9a70414acb853e81cc803f06c5a541abca543e87d0293f428fcc41b194c93e48509b3ed0ee1e41b0642c42fd9df4414dc6d43e81b24a3f06802d41ab51ba3e87e5223f424ac441b1549c3e4834a53ed1404241b0600642fda1784152ccc53e817cfc3f064b4f41aad7553e87b2733f42371b41b128593e485b173ed0ba9041b045d042fda4fc4159d6763e8190343f05fedb41aa5da53e8784233f42085c41b0e8993e4867533ed08c3f41b03aea013fd2bd
2025-08-19T22:35:05.019821+00:00,1755642905.019821,31,bda0016ffd100a0ffd096700000600022c790000fb820000fde4000066a4bd
2025-08-19T22:35:07.525228+00:00,1755642907.525228,245,bdaffd00011ffd200a89670000020000fb82000542fda880415bcc763e8198f23f05ce5b41aa054c3e8793de3f41d14d41b0af943e484d1e3ed0e1e041b0234142fdac04415b578f3e81a0cf3f05b18541a9747b3e87b5123f41625441b0648c3e4878ce3ed03e7b41b00ba542fdaf88415a258b3e819c713f057c3741a913f23e87a9b53f41893941b02ace3e487e0d3ed0308041affb9042fdb30c415934dc3e814c0d3f054d7841a8c1fc3e87b8903f41553b41b0006a3e4870113ed0686c41aff7c142fdb690415839dc3e8154ca3f05246641a848cc3e87bcdcee3f4146ce41afc16a3e47c30e3ed0148741afcd6301dd82bd
2025-08-19T22:35:07.532039+00:00,1755642907.532039,31,bda0016ffd100a0ffd096800000600022c790000fb870000fde400009866bd
2025-08-19T22:35:08.797235+00:00,1755642908.797235,247,bdaffd00011ffd200a89680000020000fb87000542fdba1441575a5e3e815a083f0506b141a7fbb33e87d1093f40ee8d41af7b4d3e47975d3ed03cbb41afbcdd4742fdbcdd984156fd883e815e673f04f53741a7b2033e87690c3f40dfb141af34163e47b6d23ecfd3e041af9dcb42fdc11c41568c123e8165643f04d94141a772773e877a863f409e9941aef9913e47b5123ecfe71a41af8bcc42fdc4a04156519e3e8164853f04dcc041a73e113e8782633f40800441aec3373e47db833ecf4e2d41af76cd42fdc8244156285b3e8138d33f04c28841a725623e8785e33f402ad141ae87a43e47e6013ecf26dc41af586f01bcddd2bd
2025-08-19T22:35:08.803537+00:00,1755642908.803537,31,bda0016ffd100a0ffd096900000600022c790000fb8c0000fde40000d018bd
2025-08-19T22:35:10.033133+00:00,1755642910.033133,244,bdaffd00011ffd200a89690000020000fb8c000542fdcba84155ba543e80f8293f04db0041a714ef3e872f613f4011ea41ae40723e4793dd3ecf006941af359042fdcf2c4155c4a53e80f3cb3f04ec0a41a70ad63e87437a3f3fd06141ae208b3e47144a3ecedad541af1df142fdd2b04155cef53e80f20c3f04fd1441a722ca3e86e7ba3f3f7ffe41ade9e13e46f6933ecf552d41af11ed42fdd6344155c8153e80e86e3f05166b41a758a33e86dfdd3f3f5e5941ada4e43e4733bf3ece6f5c41aee85742fdd9b84155a9223e80ded23f05498941a783463e868f783f3f1b7f41ad70763e4729423ece899141aec27a01b1bebd
2025-08-19T22:35:10.039586+00:00,1755642910.039586,31,bda0016ffd100a0ffd096a00000600022c790000fb910000fde40000d903bd
2025-08-19T22:35:11.752198+00:00,1755642911.752198,244,bdaffd00011ffd200a896a0000020000fb91000542fddd3c41557c703e80afa43f055ef141a7cb7d3e86833d3f3edfa341ad5cfb3e470f0c3ecec25d41aeb44442fde0c041556eb03e80601f3f059cfd41a833143e863f133f3ea6d741ad30c13e465e893ece58a341ae970142fde44441554c4d3e8055a33f05c98d41a89e733e860e253f3e734941ad1d473e46594c3ece616041ae79cb42fde7c84155343c3e8046c83f06010a41a934dd3e85de163f3e5c2241ace5db3e4671c23ece0adf41ae646342fdeb4c41550af93e8039ac3f06396741a9b6533e85afc63f3e289641ace6343e4671c33ece075f41ae3d1201d931bd
2025-08-19T22:35:11.758068+00:00,1755642911.758068,31,bda0016ffd100a0ffd096b00000600022c790000fb960000fde40000f20dbd
2025-08-19T22:35:13.448903+00:00,1755642913.448903,246,bdaffd00011ffd200a896b0000020000fb96000542fdeed04154e8983e8027523f0689ca41aa66a13e858db23f3dea1941acc9603e46269c3ecd986641ae263342fdf2544154d0863e7f876b3f06e12c41ab0f0f3e85428b3f3dae4041acbb873e45ae063ecd9da341adffef42fdf5d84154c6353e7f19503f074bc741abd5863e8517ba3f3d9d3441acbcdd063e45a00b3ecdcdb441adf51a42fdf95c4154514e3e7efd5a3f07881241acbf3b3e84c3d93f3d7fef41acc5fd3e45bcddc03ecd607a41add60342fdfce04154393c3e7ed36a3f07e2f241ad958c3e84912a3f3d6f5341acd31b3e45b5043ecd79d141adc46201a741bd
2025-08-19T22:35:13.454793+00:00,1755642913.454793,31,bda0016ffd100a0ffd096c00000600022c790000fb9b0000fde40000634bbd
2025-08-19T22:35:14.733010+00:00,1755642914.733010,245,bdaffd00011ffd200a896c0000020000fb9b000542fe00644153f7e83e7e99bcdc3f08548b41ae83893e845f5c3f3d417541ace03b3e4535713ecda20341adb3e442fe03e84153ea273e7d9fd43f08b2eb41af7d8f3e840ef73f3d322a41acf8f23e44dfcf3ecd589b41ad88ce42fe076c4153c7c43e7d6ee53f09034e41b079303e83edc33f3d37d941ad18033e44d7113ecd79d041ad8e7342fe0af0415383003e7d46b23f09534241b1688a3e83b0973f3d1a2041ad437d3e44ea4a3ecd3a0641ad74fb42fe0e744153609f3e7ca96a3f09a2c641b26f9a3e8388663f3d083741ad66593e44ef893ecd226f41ad629b01ab68bd
2025-08-19T22:35:14.738028+00:00,1755642914.738028,32,bda0016ffd100a0ffd096d00000600022c790000fba00000fde400004abcdcbd
2025-08-19T22:35:16.032299+00:00,1755642916.032299,244,bdaffd00011ffd200a896d0000020000fba0000542fe11f8415341ac3e7c14dd3f09ff6641b376053e8332c33f3cffeb41ad96b43e44cc953ecd72d341ad5e1942fe157c4152f9783e7bf1ea3f0a493d41b475d43e8315ed3f3cf8ed41adcf3e3e440a9a3ecd33e941ad593a42fe190041532d0b3e7b890d3f0aa2cd41b577323e82be8c3f3cfa3d41ae1a953e4416d43eccfcdc41ad3e9942fe1c844152e8463e7ac7113f0ae14941b665e53e8298193f3d10f441ae5c2c3e4418943eccfa3d41ad419e42fe20084152f2983e7ab21a3f0b18c441b74c723e82973a3f3d139541aea53d3e43fe5e3ecd6f5541ad46df018596bd
2025-08-19T22:35:16.038569+00:00,1755642916.038569,31,bda0016ffd100a0ffd096e00000600022c790000fba50000fde400005c9ebd
2025-08-19T22:35:17.552184+00:00,1755642917.552184,245,bdaffd00011ffd200a896e0000020000fba5000542fe238c4152a3823e7a94613f0b4cc341b82d143e821a453f3d2b9c41aef3373e442d8d3eccb37441ad473c42fe27104152b4b43e79cb693f0b7e2141b917a53e820fc93f3d55fd41af376c3e4415143ecd0f3641ad396242fe2a944152ccc53e79857f3f0bb28f41b9d7a43e820e0a3f3d590d41af94733e4416d43ecd021b41ad4bbcdc42fe2e184152f9783e79644c3f0bd20441ba9dd33e82000e3f3d867c41afe98b3e44284e3eccd3c941ad4ebe42fe319c4152f2983e788d593f0beb5b41bb55bf3e81f4b23f3daabe41b0534d3e440a9b3ecd2b2c41ad4dfb011743bd
2025-08-19T22:35:17.558036+00:00,1755642917.558036,31,bda0016ffd100a0ffd096f00000600022c790000fbaa0000fde40000cbe6bd
2025-08-19T22:35:18.812141+00:00,1755642918.812141,249,bdaffd00011ffd200a896f0000020000fbaa000542fe35204152da863e787d9d3f0c067241bcdc02713e81e2583f3de3fc41b0a7593e440fd73ecd27ae41ad6b9642fe38a44152ebb63e7874df3f0c12ae41bcdc9e2d3e81cac13f3e2eb241b108d53e4424ce3eccd9e741ad725242fe3c28415311893e77d9543f0c242741bcdd16833e81c0443f3e536641b168263e442a0e3eccc17141ad797942fe3fac4153564d3e7787313f0c35a141bcdd9f253e81ac2a3f3e924f41b1c65b3e4416d33ecce38441ad97cd42fe4330415397a23e7780343f0c3b4f41bcddff603e8195743f3ee1d241b2296a3e4384073ecd288c41adaf0d011d10bd
2025-08-19T22:35:18.814826+00:00,1755642918.814826,31,bda0016ffd100a0ffd097000000600022c790000fbaf0000fde400006c81bd
2025-08-19T22:35:20.088255+00:00,1755642920.088255,247,bdaffd00011ffd200a89700000020000fbaf000542fe46b44153bcdd743e7787323f0c368141be64f73e817ebcdc3f3f235c41b28a9c3e438cc43ecca65a41adc5dd42fe4a384153f4783e7783b13f0c399141bea6473e81b2493f3f7f1e41b2e0f33e4333a23ecd242f41ade8be42fe4dbcdc41545f0e3e778ff03f0c29d541bef3593e81cc803f3fab3d41b3332d3e4353173eccb53541adf1b142fe51404154c2c53e7756423f0c249741bf08e03e81b4e93f3ff35541b390ac3e436b903ecc836641ae137542fe54c44153cb363e76b57b3f0c177d41bf3e8b3e819b913f4040aa41b3d1443e43206a3ecd6f5341ae341a01af3fbd
2025-08-19T22:35:20.090943+00:00,1755642920.090943,31,bda0016ffd100a0ffd097100000600022c790000fbb40000fde400006fe3bd
2025-08-19T22:35:21.408723+00:00,1755642921.408723,245,bdaffd00011ffd200a89710000020000fbb4000542fe58484151f0b73e76c1b63f0bfe9541bf57e23e820ee93f40529241b4310b3e433aa03ecd2ceb41ae5f8542fe5bcc4150a6a33e76d4f03f0bd9e141bf73743e81f9113f40941c41b472073e43222a3ecd5c1c41ae778242fe5f50414f66de3e76e6693f0bbb4d41bf4c243e81e1793f40e2c141b4c6373e433c603eccfbfc41ae958142fe62d4414e6f4f3e76fee23f0b83cf41bf34c23e8213463f4107e441b50a8b3e433e1f3ecd005b41aebcdc2542fe6658414d85803e765a9d3f0b549f41bf119a3e823a9a3f41404141b548f53e4354d93ecd0c9641aedd1e01ffc9bd
2025-08-19T22:35:21.414957+00:00,1755642921.414957,31,bda0016ffd100a0ffd097200000600022c790000fbb90000fde40000c3f2bd
2025-08-19T22:35:22.708082+00:00,1755642922.708082,247,bdaffd00011ffd200a89720000020000fbb9000542fe69dc414d40bcdc3e7663593f0b03cc41beda6c3e8228413f4177be41b580ff3e434dda3eccf17e41af022742fe6d60414d253a3e7689c93f0abec341be942f3e821b253f41a3de41b5ba1c3e4331e33ecd26cd41af2e7c42fe70e4414d17793e76a9403f0a7beb41be3f3e3e8217a63f41ad0b41b5edf73e4335633ecd0c9541af42af42fe7468414cff683e76555d3f0a367241bcdde97e3e827a643f41da0b41b607dd3e433aa13eccfbfc41af6c4942fe77ec414cee383e760a363f09f71941bcdd69ef3e8279843f41ef0341b63b643e4333a43ecd235041af946d01290cbd
2025-08-19T22:35:22.711889+00:00,1755642922.711889,31,bda0016ffd100a0ffd097300000600022c790000fbbe0000fde400003b15bd
2025-08-19T22:35:25.048750+00:00,1755642925.048750,247,bdaffd00011ffd200a89730000020000fbbe000542fe7b70414cd9963e7630a93f09b2f141bcdd185e3e8270c63f4209ab41b665923e4333a43ecd26ce41afbbc342fe7ef4414cf5183e764e603f0955e041bcdc99a43e826aa93f42206441b673763e432ca53ecd330b41afd78542fe8278414cc1853e75abd63f08fb0141bcdc0e1e3e826fe83f42111741b6833c3e4330253ecd26cd41b0024142fe85fc414c94d23e75c28e3f08d09f41bbac0e3e82656a3f42355d41b692aa3e433e203eccf41e41b023a642fe8980414c6b8f3e75f1c03f086de241bb233d3e825cad3f424f9241b699cb3e43206b3ecd677541b043f1019801bd
2025-08-19T22:35:25.051885+00:00,1755642925.051885,31,bda0016ffd100a0ffd097400000600022c790000fbc30000fde400002f1fbd
2025-08-19T22:35:27.437092+00:00,1755642927.437092,244,bdaffd00011ffd200a89740000020000fbc3000542fe8d04414ca6023e75696f3f0820fd41ba915e3e82664b3f422e5d41b69ead3e4333a43ecd1e1041b0571142fe9088414c8df13e755d323f07dcd441ba19363e8263ab3f4236ab41b6a4ba3e433e1f3eccea8241b0666e42fe940c414c5dce3e758e243f077cb541b985f03e825e6e3f42482441b691e63e4322293ecd5c1b41b08c4d42fe9790414c5dce3e7536bf3f07437941b907d23e82610c3f423e8941b69d313e4327693ecd50c041b0a63042fe9b14414c4c9d3e74f9953f06f00641b87c7e3e826c683f42237241b685de3e4325a93ecd4c6041b0b7db01070dbd
2025-08-19T22:35:27.440788+00:00,1755642927.440788,31,bda0016ffd100a0ffd097500000600022c790000fbc80000fde400002e53bd
2025-08-19T22:35:29.329662+00:00,1755642929.329662,245,bdaffd00011ffd200a89750000020000fbc8000542fe9e98414c424d3e75174b3f06ab6e41b7ed7c3e8268ea3f42230241b673123e4330243ecd171441b0d21a42fea21c414c0b483e750e8e3f065f6841b7678c3e826aa93f421f8241b656263e432e663ecd322b41b0e3b642fea5a0414bfa173e74b3ad3f060f7441b6c8d33e8274453f42007e41b636ea3e4330243ecd330a41b0f73942fea924414bbfa43e74b56f3f05b49441b64bf73e8273653f42007e41b630213e434c1b3eccbcdc3341b0fd3b42feaca8414bd0d63e74c6e63f0595fe41b5b4d33e8280813f41dd1a41b60c0b3e4346dd3eccdac941b1057201757abd
2025-08-19T22:35:29.335396+00:00,1755642929.335396,31,bda0016ffd100a0ffd097600000600022c790000fbcd0000fde400008447bd
2025-08-19T22:35:32.537189+00:00,1755642932.537189,245,bdaffd00011ffd200a89760000020000fbcd000542feb02c414bb5533e74f2973f053a3f41b5248b3e82885f3f41c51241b5e6773e434f9a3eccba7341b1159942feb3b0414b96623e7435d93f04f84641b49afd3e828bdd3f41b86741b5bcdddd3e433e1f3eccf09f41b1232442feb734414b92f23e7451d03f04b9cc41b417203e8292db3f41a21f41b58e843e4353163ecca57a41b1327d42febab8414b62cf3e746c053f04817041b3928e3e82a0d53f4176de41b561643e4354d93ecc9afe41b130fa42febe3c414b406c3e745a8c3f04348a41b2f6be3e82a7d33f41599941b533273e4337203ecd005b41b137c0015613bd
2025-08-19T22:35:32.541910+00:00,1755642932.541910,31,bda0016ffd100a0ffd097700000600022c790000fbd20000fde400008e92bd
2025-08-19T22:35:35.040839+00:00,1755642935.040839,245,bdaffd00011ffd200a89770000020000fbd2000542fec1c0414b05f83e73dafa3f03eea241b26f8b3e82adf23f414f8c41b50f743e435d953ecc7aaa41b13c9b42fec544414af1573e73f1b13f03bf7241b1f0563e82b94d3f4124ba41b4ce7b3e4331e33ecd2b2d41b136fc42fec8c8414acef53e741d623f036aaf41b170c23e82c04b3f4112d041b4aee23e4358573ecc96a141b13abcdd42fecc4c414aa9223e73e7353f0326f741b0dab63e82cac73f40ebef41b46ea93e434a5c3eccca2f41b12fe042fecfd0414a72203e737adc3f02ed4b41b05f463e82dd213f40b2b241b447393e4356993ecc978041b12da1012f5ebd
2025-08-19T22:35:35.042689+00:00,1755642935.042689,31,bda0016ffd100a0ffd097800000600022c790000fbd70000fde4000071eebd
2025-08-19T22:35:55.047846+00:00,1755642955.047846,24,bda0015ffd100a0ffd173100000000000000000000ded3bd
2025-08-19T22:35:55.888889+00:00,1755642955.888889,23,bdaffd00011ffd200a97310043060c8d00000000070dbd
2025-08-19T22:36:06.948401+00:00,1755642966.948401,18,bdaffd70010ffd00010a700170200a94bbbd
2025-08-19T22:36:06.950481+00:00,1755642966.950481,14,bda0013ffd00010ffd8a70003ebd
2025-08-19T22:36:07.293184+00:00,1755642967.293184,12,bdaffd00010ffd000194e1bd
2025-08-19T22:36:07.293820+00:00,1755642967.293820,31,bda0016ffd100a0ffd097800000600022c790000fbd70000fde4000071eebd
2025-08-19T22:36:08.492665+00:00,1755642968.492665,245,bdaffd00011ffd200a89780000020000fbd7000542fed354414a5a0d3e739c0e3f02b10141afd3c53e82dee03f40ade441b40b203e4361133ecc6cae41b1243542fed6d8414a41fc3e73b6453f0277c441af55103e82fe553f404a4741b3c23b3e436d4e3ecc41de41b124a242feda5c414a29ea3e73b1063f022e5e41aec8df3e82ef7b3f4074a741b3970c3e4364913ecc684f41b1171242fedde04149ef783e731abcdc3f01f05441ae39513e82f9f63f40592141b34f5a3e4384073ecbf17a41b1135c42fee1644149b5033e7338723f01b8d741adc1093e8310af3f4006fd41b31dc63e4362d13ecc3d7e41b103930152d9bd
2025-08-19T22:36:08.497550+00:00,1755642968.497550,31,bda0016ffd100a0ffd097900000600022c790000fbdc0000fde40000aa76bd
2025-08-19T22:36:09.888748+00:00,1755642969.888748,245,bdaffd00011ffd200a89790000020000fbdc000542fee4e84149bbe33e7352a93f017ddc41ad4c293e830fcf3f400a0d41b2e3373e42b2513ecbeb5b41b0f19242fee86c4149c2c53e736ce03f0145ef41acc95f3e831ceb3f3fe4ea41b29ee03e42b78e3ecbac7141b0e83b42feebf0414a29ea3e737e5a3f0104d541ac4be63e82c20b3f3fa82e41b253d43e42b0913ecbbcdc2b41b0d6f942feef74414c5dce3e72cf973f00cf8941abe4873e82c4aa3f3f83ec41b226c43e42a0d53ecc005341b0ccd742fef2f8414f93913e72e9cd3f00964c41ab3cc23e82c9083f3f75ef41b1ee7d3e42cac63ecb551041b0a51001ee3cbd
2025-08-19T22:36:09.895361+00:00,1755642969.895361,31,bda0016ffd100a0ffd097a00000600022c790000fbe10000fde400008b2abd
2025-08-19T22:36:11.340903+00:00,1755642971.340903,246,bdaffd00011ffd200a897a0000020000fbe1000542fef67c4157122a3e7302443f0066ad41aaf29f3e82dee03f3f2acb41b1a0c73e42c7473ecb6ca741b09df042fefa00415bb0f43e7318fc3f002f2f41aa61613e82e4fe3f3f219d41b15bc63e42c20b3ecb7c6141b099d242fefd84415b31bcdc3e7328b73f000aec41a9fe353e82f05a3f3ef73b41b11fbb3e42e6be3ecafdae41b07e6742ff0108415a93923e7279f43eff9e2241a996e63e8300f53f3ebfbf41b0e3533e42edbcdc3ecadc7a41b0696c42ff048c41595aaf3e7279f33eff68d541a92ca23e830e103f3e94ee41b0aa533e42fbb63ecaaaab41b04b1101f256bd
2025-08-19T22:36:11.344571+00:00,1755642971.344571,31,bda0016ffd100a0ffd097b00000600022c790000fbe60000fde400003c39bd
2025-08-19T22:36:12.597528+00:00,1755642972.597528,246,bdaffd00011ffd200a897b0000020000fbe6000542ff081041585c3e3e7290ac3eff053741a8d03e3e831b2c3f3e69ad41b060653e42e1803ecb0f2941b03d2b42ff0b94415775df3e72a0663efed6e741a860bcdd3e82d2a43f3e38be41b014423e42f2fa3ecace7f41b01a4c42ff0f184156d0d63e72a7653efea97741a818e33e82c20c3f3e124d41afcb2d3e430ef13eca534941affa0542ff129c415707d83e72b0223efe8f4141a7eb463e82ce463f3de23d41af928e3e42592f3eca279741afe86942ff16204156e2073e72b3a13efe726b41a7bcdcda3e82dee13f3daeae41af62913e4240b73eca217c41afc22b015f5bbd
2025-08-19T22:36:12.600857+00:00,1755642972.600857,31,bda0016ffd100a0ffd097c00000600022c790000fbeb0000fde400009c4bbd
2025-08-19T22:36:13.817017+00:00,1755642973.817017,244,bdaffd00011ffd200a897c0000020000fbeb000542ff19a44156c3143e7218173efe70ac41a7a9cc3e82893e3f3d7b2241af18503e4223013eca8c1641afb38f42ff1d284156285b3e71d92c3efe6c4d41a779313e82885f3f3d472241aedcb33e4253f13ec9d57541af8cf142ff20ac4156285b3e71d22e3efe8e6041a799003e82610d3f3cf79f41ae99fd3e425e6d3ec99e6641af6e9142ff2430415613b93e71ceaf3efea5fb41a79e9a3e82347c3f3cdac941ae73633e424cf53ec9e45041af51b042ff27b4415605f93e71c4323efed36741a7cb7a3e8241973f3c92b241ae31703e4170bf3ec9e7ce41af38ef015480bd
2025-08-19T22:36:13.818408+00:00,1755642973.818408,31,bda0016ffd100a0ffd097d00000600022c790000fbf00000fde40000b765bd
2025-08-19T22:36:14.985421+00:00,1755642974.985421,246,bdaffd00011ffd200a897d0000020000fbf0000542ff2b3841557fe13e71abbcdc3eff346441a7fbb53e81dd1a3f3c780b41adfa553e4182393ec9a8e441af23e742ff2ebcdc4155a5b23e7126ea3eff6d3341a841af3e81f2f33f3c2ff441add9ba3e4197323ec949a541aefff142ff324041556b403e70b0123effb5bb41a8a1153e81aa6b3f3bb28f41ada90e3e4193b33ec9596141aee1f242ff35c4415541fd3e70a9143effd52f41a8e8ed3e8199d23f3bb3dd41ad85153e41aa6a3ec8fda141aecc9b42ff3948415504193e7089a13f00260341a967c43e8136353f3b94d941ad683c3e415f453ec9137941aea18001b138bd
2025-08-19T22:36:14.988770+00:00,1755642974.988770,31,bda0016ffd100a0ffd097e00000600022c790000fbf50000fde4000074d0bd
2025-08-19T22:36:16.693288+00:00,1755642976.693288,244,bdaffd00011ffd200a897e0000020000fbf5000542ff3ccc415507893e7076693f00529341a9f2363e8130f63f3b565f41ad4cde3e40e86e3ec8968241ae898442ff40504154dad63e6fe8d73f00823341aa675f3e80e4113f3b1e7241ad37e53e40ef6c3ec8992441ae610242ff43d44154b5033e6f64053f00ba8f41aaf5a03e80ade53f3b012d41ad2d5c3e40e1713ec8c15441ae45ac42ff47584154a0623e6f3d933f01062541ab8f823e8083f13f3ad6cc41ad287f3e40f66a3ec8691441ae3b9142ff4adc41547a913e6f219e3f01435141ac458c3e806a9b3f3ac1d241ad2e253e40cff73ec848be41ae215001d956bd
2025-08-19T22:36:16.697366+00:00,1755642976.697366,31,bda0016ffd100a0ffd097f00000600022c790000fbfa0000fde4000051d0bd
2025-08-19T22:36:17.890362+00:00,1755642977.890362,244,bdaffd00011ffd200a897f0000020000fbfa000542ff4e6041548bc13e6efeab3f01918441acfc503e8021343f3a9bd041ad28e13e40346e3ec7fafa41adfe7942ff51e44154582e3e6ee9b13f01b78941ada48a3e80362d3f3a549a41ad28e53e401db43ec862f541adef7942ff55684154695f3e6ec6be3f01fb3f41ae67093e8011793f3a661441ad3ddd3e4021333ec840e041addde242ff58ec415416da3e6e24333f02339b41af13743e7f7ced3f3a5ab641ad56fd3e4047a53ec7b43441adc09b42ff5c704153a1f33e6dbb573f0258be41afbe6c3e7eb2353f3a3a6241ad6f5c3e4050643ec7905f41adb50401e63ebd
2025-08-19T22:36:17.897051+00:00,1755642977.897051,31,bda0016ffd100a0ffd098000000600022c790000fbff0000fde400008f6dbd
2025-08-19T22:36:19.345585+00:00,1755642979.345585,245,bdaffd00011ffd200a89800000020000fbff000542ff5ff4415359bcdd3e6d597c3f028cbe41b068af3e7e30e13f3a0cf141ad7f763e3f85a93ec780a341ad94d242ff63784153262b3e6caaba3f02bbec41b1357b3e7dcb843f39e36f41adb02a3e3f60f63ec7ca0b41ad9e2d42ff66fc4153262b3e6c8b433f02f67941b1f11e3e7cf64d3f39edec41ade5bf3e3f64763ec7ce6941ad8a5942ff6a80415307393e6bf4f73f033a3141b2c28b3e7cc71f3f39a64541ae143c3e3f7ced3ec7666d41ad761442ff6e0441530aa93e6b692a3f03808941b3922f3e7c24973f39c3fc41ae3dd43e3f69b43ec7aa9541ad7a9901d032bd
2025-08-19T22:36:19.349305+00:00,1755642979.349305,31,bda0016ffd100a0ffd098100000600022c790000fc040000fde400000aa1bd
2025-08-19T22:36:20.654060+00:00,1755642980.654060,246,bdaffd00011ffd200a89810000020000fc04000542ff71884153488d3e6b3d793f03d70b41b467f13e7c1bda3f39d03741ae6a6d3e3f72703ec799fb41ad635c42ff750c415383003e6b25003f04127641b54a7b3e7c115e3f39dd5141aeaa1f3e3f4dbe3ec817d041ad611b42ff789041535d2f3e6b17043f04276f41b5fbdd3e7c14de3f39dff141aedd1b3e3f37073ec793de41ad63b642ff7c1441535d2f3e6afe8d3f0454df41b6bcdd853e7c01a43f39fa2741af1c0e3e3ea27b3ec794bcdc41ad671442ff7f984153d2163e6a4fc93f04847f41b7666d3e7bf1e93f3a17de41af64ce3e3e9efc3ec7620f41ad5bd5015bdabd
2025-08-19T22:36:20.659434+00:00,1755642980.659434,31,bda0016ffd100a0ffd098200000600022c790000fc090000fde40000434cbd
2025-08-19T22:36:22.063578+00:00,1755642982.063578,245,bdaffd00011ffd200a89820000020000fc09000542ff831c41540c8a3e69f4e93f049dd541b809b63e7b91ca3f3a485c41afa90a3e3e963e3ec786c241ad6d6d42ff86a041540ffa3e69ec2c3f04b6bcdd41b895543e7ad18d3f3a61b441aff1ca3e3e8a033ec7b89141ad767a42ff8a2441545f0e3e69e8ad3f04c21741b90fb63e7abad43f3a8dd641b0438a3e3e9b7d3ec76e4c41ad74fc42ff8da84154771f3e69e52f3f04c4b841b97bc93e7af2c23f3aaf7a41b08c533e3ea43a3ec74df641ad7b5442ff912c4154ae233e69e1b03f04c83641b9dd523e7b67da3f3af10241b0d5773e3e9d3c3ec7746941ad946c01fbd7bd
2025-08-19T22:36:22.069221+00:00,1755642982.069221,31,bda0016ffd100a0ffd098300000600022c790000fc0e0000fde400002352bd
2025-08-19T22:36:23.313672+00:00,1755642983.313672,245,bdaffd00011ffd200a89830000020000fc0e000542ff94b0415511da3e69f32a3f04a77241ba08a13e7b4a233f3b203141b1201d3e3e963f3ec78c0041ad94cc42ff983441551c2a3e69edea3f04b10e41ba32d73e7b352a3f3b440541b169393e3e97fe3ec7850441ad9bf342ff9bb8415548dd3e6932ed3f04840d41ba56f53e7b1af13f3b66fa41b1b3f03e3ea0bcdc3ec7533441adc4c242ff9f3c41553b1c3e6932ed3f046b9741ba5eef3e7aef423f3bb13e41b1f53b3e3ea7b93ec7525441add41e42ffa2c041551f9a3e6947e43f04483341ba66133e7ad34d3f3bdeb041b231513e3e947f3ec7834441ade55c01fb74bd
2025-08-19T22:36:23.319096+00:00,1755642983.319096,31,bda0016ffd100a0ffd098400000600022c790000fc130000fde40000e721bd
2025-08-19T22:36:24.494212+00:00,1755642984.494212,245,bdaffd00011ffd200a89840000020000fc13000542ffa6444153d5863e695b1f3f0420e141ba59fa3e7ac8d03f3bf10a41b270b53e3e963f3ec777e541adff3542ffa9c84152168a3e695e9e3f04182441ba50f73e7b4be23f3c34c141b2a7873e3e88433ec7c3ed41ae131942ffad4c4150c9063e6899213f03e2d641ba3b1c3e7b858d3f3c3e5e41b2e69c3e3ea5fa3ec7525341ae26fc42ffb0d0414fca953e68a8dc3f03c2f141ba17b33e7b645a3f3c787b41b314c43e3e7c0a3ec7e36341ae48bb42ffb454414ebe643e68b8973f03aa7941b9edea3e7b581e3f3c8a6541b33bd43e3e99bcdd3ec777e741ae63a4015bc2bd
2025-08-19T22:36:24.499945+00:00,1755642984.499945,31,bda0016ffd100a0ffd098500000600022c790000fc180000fde4000023d3bd
2025-08-19T22:36:25.697798+00:00,1755642985.697798,244,bdaffd00011ffd200a89850000020000fc18000542ffb7d8414d9a213e68d9cf3f036b1f41b9be0b3e7b41663f3ca88a41b363403e3e9b7d3ec771ca41ae6ee342ffbb5c414daec33e68eb463f03451c41b993de3e7b2aae3f3ccb7e41b38ceb3e3e947f3ec78ce041ae916542ffbee0414d5fae3e68453f3f0310af41b943b63e7b9c463f3ce54341b3a9163e3e8a023ec7b6d141aeb1fd42ffc264414d93413e6837443f02ebfc41b920aa3e7c03623f3cf5de41b3cd7f3e3e8bc33ec7ae1641aed53a42ffc5e8414dab533e684dfe3f02c04b41b8e0a33e7becab3f3d116441b3e7cd3e3e97ff3ec77a8641aee7960188b6bd
2025-08-19T22:36:25.703765+00:00,1755642985.703765,31,bda0016ffd100a0ffd098600000600022c790000fc1d0000fde40000ab8fbd
2025-08-19T22:36:26.949194+00:00,1755642986.949194,245,bdaffd00011ffd200a89860000020000fc1d000542ffc96c414d8c613e6864b63f02965a41b896173e7be76c3f3d1ef041b404af3e3ea43a3ec74d1641aef02d42ffccf0414d70e03e68762f3f02713741b85bbf3e7be22f3f3d242e41b4069c3e3ea9773ec7429b41af09b142ffd074414d3d4c3e67b5f13f023da841b8197f3e7bd7b23f3d314941b41de63e3ea5f93ec754f341af1cd242ffd3f8414d3d4c3e67d3a73f02046c41b7c89c3e7bcd353f3d49c241b423253e3e81463ec7de2441af424642ffd77c414d40bcdc3e67daa43f01ebf541b780be3e7bd2743f3d409341b431793e3eacf73ec72a2241af4a8501f32bbd
2025-08-19T22:36:26.955621+00:00,1755642986.955621,31,bda0016ffd100a0ffd098700000600022c790000fc220000fde400007657bd
2025-08-19T22:36:28.145572+00:00,1755642988.145572,244,bdaffd00011ffd200a89870000020000fc22000542ffdb00414d3d4c3e67fd9b3f01aeca41b72b603e7bc0fa3f3d5bab41b42ed53e3ea27a3ec7658e41af658e42ffde84414d253a3e680b943f0192d441b6cf963e7bcef53f3d43a441b433593e3e9d3d3ec7770741af75ae42ffe208414cfbf83e674b563f01514b41b68be93e7bc2ba3f3d57bb41b441f73e3e92c03ec7975c41af89ed42ffe58c414ce3e63e67674c3f011cdd41b63b093e7c0dde3f3d5f2b41b4401c3e3e92bf3ec79c9a41afa84d42ffe910414ccbd53e677c453f00fe4841b5d88b3e7cbae23f3d480241b42eca3e3e9b7d3ec7700b41af964c01a5aabd
2025-08-19T22:36:28.152479+00:00,1755642988.152479,31,bda0016ffd100a0ffd098800000600022c790000fc270000fde400006ba5bd
2025-08-19T22:36:29.441476+00:00,1755642989.441476,245,bdaffd00011ffd200a89880000020000fc27000542ffec94414cace43e6786c23f00dca341b58e843e7ca9673f3d623941b421a93e3e9efc3ec7666d41afb50942fff018414ce3e63e67b2723f008dfe41b52c053e7cbae23f3d425441b4147f3e3e92bf3ec794bcdd41afc64942fff39c414c9bb23e67b5f23f00789641b4e0813e7cb3e93f3d52ee41b4105f3e3e947f3ec7896141afd12942fff720414c87113e6701f23f00457841b486553e7cb9233f3d4aa041b3eacc3e3e94803ec780a441afd77e42fffaa4414c94d23e6708ed3f001f7441b43b963e7cc1e13f3d3fb541b3d6823e3eacf53ec7445941afe684018d6cbd
2025-08-19T22:36:29.446378+00:00,1755642989.446378,31,bda0016ffd100a0ffd098900000600022c790000fc2c0000fde40000b131bd
2025-08-19T22:36:30.645538+00:00,1755642990.645538,244,bdaffd00011ffd200a89890000020000fc2c000542fffe28414c7cbf3e671fa53efff20541b3e6a73e7cc55f3f3d384641b3cea13e3ea5f93ec74fb641afe68a430001ac414c492d3e6732df3eff98e441b39f4f3e7ccc5d3f3d2ffb41b3c89f3e3ea0bb3ec7674d41afef8a43000530414c56ee3e67445a3eff639641b339903e7cc8e03f3d33e941b3a9d43e3ea7b93ec73ffc41aff826430008b4414c613e3e67381d3eff14f141b2ffb63e7cd35b3f3d23be41b3856c3e3ebaf03ec7011141aff82443000c38414c190a3e6692163efee24341b2acc43e7ce3143f3d0ad741b377e43e3eb0743ec72be141b001e60161eabd
2025-08-19T22:36:30.650956+00:00,1755642990.650956,31,bda0016ffd100a0ffd098a00000600022c790000fc310000fde400006f9fbd
2025-08-19T22:36:31.848799+00:00,1755642991.848799,245,bdaffd00011ffd200a898a0000020000fc31000543000fbcdc414bd4463e6699133efe8f3f41b266f23e7ce8533f3cfe9c41b360a03e3ebaf13ec7003141b0066243001340414bbfa43e66afcd3efe370041b2187e3e7cebd13f3cfb1e41b33c323e3eab353ec73c7e41affa09430016c4414bc3143e66bf863efe037141b1cf533e7cfd4b3f3cdf9741b31e923e3eb3f23ec7240441b00c0743001a48414b9d423e66d6403efda51141b183833e7d00cb3f3cddd641b30a443e3eb3f23ec7152a41affeec43001dcc414b474c3e66eb3a3efd4a2f41b1453a3e7d044b3f3cd35b41b2ebdd3e3e60113ec6fbd241b00006017800bd
2025-08-19T22:36:31.850163+00:00,1755642991.850163,31,bda0016ffd100a0ffd098b00000600022c790000fc360000fde400002c9ebd
2025-08-19T22:36:33.201469+00:00,1755642993.201469,245,bdaffd00011ffd200a898b0000020000fc36000543002150414b77703e6676213efd116541b0ebf63e7d17823f3cb84441b2c70d3e3df7343ec6921741aff705430024d4414b2f3b3e662cbcdd3efccfdc41b0a5dd3e7d273c3f3c9a8e41b2a3c23e3df8f33ec68bf941affc4643002858414af1573e663ff43efc867641b06df03e7d17813f3cb1b741b28b5c3e3de77a3ec6d64041aff7c443002bdc414ac1343e664fae3efc4b0b41b01b0c3e7d257e3f3c9f5d41b26abe3e3df7343ec69bb541aff1cb43002f60414a9ed23e6661273efbff0541afceea3e7d38b53f3c7cd741b24d6d3e3e0c2e3ec64ece41aff0a00176e4bd
2025-08-19T22:36:33.207550+00:00,1755642993.207550,31,bda0016ffd100a0ffd098c00000600022c790000fc3b0000fde40000c869bd
2025-08-19T22:36:35.297608+00:00,1755642995.297608,245,bdaffd00011ffd200a898c0000020000fc3b0005430032e4414a79003e666f233efbc8d541af91c73e7d3fb53f3c702d41b223be3e3e036f3ec669e541afe44a43003668414a7fe03e6679a03efb9e0641af3f4c3e7d4db03f3c5eb241b201393e3e1a293ec61a6241afe6e7430039ec414a67ce3e663c743efb60db41af172d3e7d51303f3c5d6441b1d96b3e3e0a6e3ec64d0f41afe08043003d70414a532d3e65b2643efb3b4a41aec8793e7d54ad3f3c519941b1bcdc8b3e3e0fac3ec6349941afce24430040f4414b88a03e65c3de3efb07ba41ae85c03e7d62a93f3c3c2f41b19ac93e3df8f43ec6921641afd249013498bd
2025-08-19T22:36:35.304418+00:00,1755642995.304418,31,bda0016ffd100a0ffd098d00000600022c790000fc400000fde40000569fbd
2025-08-19T22:36:38.148790+00:00,1755642998.148790,245,bdaffd00011ffd200a898d0000020000fc40000543004478414fa4c23e65d01a3efad18d41ae5dac3e7d6b653f3c2ce441b179053e3e186a3ec6223d41afb14b430047fc4158ab543e65dfd33efa954041ae17fa3e7d805f3f3c0bb141b158b93e3e14ea3ec61de041afb08b43004b8041593bbcdc3e65ef913efa503a41adea353e7d2e3b3f3bf9c641b1309c3e3e1a293ec610c441afb86e43004f044158f3883e65f84d3efa2f0541adaf0e3e7cace63f3be6fd41b10c933e3e29e43ec5cf3b41af928e4300528841582c1c3e660b863ef9e2ff41ad71fc3e7ca5ea3f3bea0e41b0ed1a3e3e3d1c3ec58cd141af92e601d47bbd
2025-08-19T22:36:38.150303+00:00,1755642998.150303,31,bda0016ffd100a0ffd098e00000600022c790000fc450000fde4000036a5bd
2025-08-19T22:36:39.641440+00:00,1755642999.641440,245,bdaffd00011ffd200a898e0000020000fc4500054300560c415780313e6614433ef9b3d141ad39603e7cca9e3f3bb52d41b0d15a3e3e32a03ec5b5e441af887343005990415699d23e65e8933ef9866141ad0c6a3e7cbcdca33f3bc86741b0a6f73e3e05303ec5920f41af70d343005d144155ea773e654ec93ef953b141acd73b3e7cddd73f3b907a41b073913e3d54ad3ec5a70a41af6646430060984155ac943e6554063ef944d941acb2e93e7cdc163f3b67da41b05c4c3e3d69a63ec5604241af57a64300641c415579003e655b033ef92efe41ac9bb13e7c24973f3b3d0941b03eaf3e3d72643ec54d0741af50e601c21dbd
2025-08-19T22:36:39.644570+00:00,1755642999.644570,31,bda0016ffd100a0ffd098f00000600022c790000fc4a0000fde40000eeb7bd
2025-08-19T22:36:40.841126+00:00,1755643000.841126,244,bdaffd00011ffd200a898f0000020000fc4a0005430067a041558da13e6563c03ef90dca41ac88313e7c45cb3f3b0dd941b01d463e3d891b3ec4fd8241af430e43006b2441559ed23e6501e33ef91d8541aca1533e7c3ece3f3b02ec41b006053e3d875d3ec4f3e641af27ae43006ea84155e7073e6470d43ef953b341acb2e53e7b72553f3ae29741afe13d3e3d64673ec5761b41af2f344300722c41561e0b3e6477d23ef9477541acc4213e7b874e3f3abec441afcdc43e3d38b73ec4d39241af0e92430075b0415624eb3e6470d33ef961ad41ace8d53e7b9a873f3aa1ee41af8daf3e3cb2273ec4d9b041aefced01ac1ebd
2025-08-19T22:36:40.842499+00:00,1755643000.842499,31,bda0016ffd100a0ffd099000000600022c790000fc4f0000fde400006940bd
2025-08-19T22:36:42.437542+00:00,1755643002.437542,245,bdaffd00011ffd200a89900000020000fc4f0005430079344155cb853e646d553ef9698941ad060b3e7b36e93f3a5dc541af88ce3e3cb3e63ec4c91641aefff243007cb841554fbcdd3e63b0973ef95b8f41ad317f3e7ada4a3f3a0cf141af718a3e3cce1d3ec470d441aeddd74300803c415504193e63a0de3ef935fc41ad59973e7a32843f39cee941af604d3e3cc8df3ec4498341aed294430083c04154bbe53e62f3d93ef90ceb41ad85753e796ec93f39716741af50303e3bf02b3ec46ab541aec1c4430087444154e8983e62c2eb3ef92d3e41ade2573e78d87c3f39192541af42523e3bdb323ec4b87c41aebf1901cab3bd
2025-08-19T22:36:42.443348+00:00,1755643002.443348,31,bda0016ffd100a0ffd099100000600022c790000fc540000fde40000a8b2bd
2025-08-19T22:36:43.649543+00:00,1755643003.649543,245,bdaffd00011ffd200a89910000020000fc54000543008ac8415500a93e62aa733ef9929c41ae2ca03e786c223f38fa9141af334c3e3be22f3ec4a2a341ae9fa043008e4c415518ba3e62301e3ef9c9aa41aeac013e7814c13f38d87d41af29ea3e3bfe253ec431ea41ae9820430091d04155154a3e620eea3efa107141af16d33e77b1223f38769f41af2bcd3e3c0a623ec40a9941ae8bc1430095544155230a3e6199d33efa45be41af9c433e7781f33f384c3f41af2bcf3e3bf5693ec44a6241ae7c0b430098d8415529ec3e6186993efa970141b015cb3e76c1b63f382ef741af2d4e3e3bbcdd7b3ec3e34641ae68e101c6c6bd
2025-08-19T22:36:43.654395+00:00,1755643003.654395,31,bda0016ffd100a0ffd099200000600022c790000fc590000fde400003613bd
2025-08-19T22:36:44.889918+00:00,1755643004.889918,244,bdaffd00011ffd200a89920000020000fc59000543009c5c4155456d3e611bfe3efad6cd41b096753e76aaff3f381dee41af36533e3b31ab3ec3f3e041ae502c43009fe04155569e3e6083f23efb1cb241b118fc3e763ea33f37ecfe41af376d3e3b2e2d3ec408d741ae574d4300a3644155230a3e6082323efb1d9341b179613e75e0443f37e4b241af448b3e3b3de73ec3be9441ae40134300a6e84154ef783e5feda73efb2b8d41b1ed523e7525463f37ae1441af6a0b3e3b336b3ec3e5e441ae3c5d4300aa6c4154ef783e5f9d423efb440441b24a6a3e74f4563f377ee441af85ce3e3b2aae3ec409b941ae39af01c43abd
2025-08-19T22:36:44.895962+00:00,1755643004.895962,31,bda0016ffd100a0ffd099300000600022c790000fc5e0000fde40000facdbd
2025-08-19T22:36:46.413516+00:00,1755643006.413516,245,bdaffd00011ffd200a89930000020000fc5e00054300adf0415518ba3e5f94873efb5c7e41b2b44a3e7458cd3f37635e41af9bf03e3b38aa3ec3e34541ae24564300b17441556eb03e5efc7a3efb98c641b31a673e7471443f373b9d41afaaee3e3ab0573ec3d8cb41ae22774300b4f84155a5b23e5e9e1d3efbb2ff41b383823e74570f3f374c3641afce823e3a58f73ec3de0941ae1c774300b87c4155b3743e5e9a9c3efbb91c41b3e9a53e7380193f373ffa41aff3ad3e3a53b93ec3eea141ae281f4300bcdc00415541fd3e5e44fb3efba42341b439553e738a933f3726a441b01d463e3a5ff53ec3cbaf41ae209501422dbd
2025-08-19T22:36:46.419939+00:00,1755643006.419939,31,bda0016ffd100a0ffd099400000600022c790000fc630000fde4000079cebd
2025-08-19T22:36:47.645653+00:00,1755643007.645653,246,bdaffd00011ffd200a89940000020000fc6300054300bf844154d3f63e5ea8973efb813141b488f93e72b71f3f37319041b029ab3e3a57373ec3de0741ae19d94300c308415518ba3e5e31c03efb866f41b4d2373e72e2d13f36bea941b05c4f3e3a51fa3ec3f06241ae1eb54300c68c415537ac3e5d37d93efb795341b514c23e72b0223f37087f41b07e133e3a58f63ec3dd2941ae214e4300ca1041554fbcdd3e5cee713efb741541b552be3e71fa613f36fe7241b0ae103e3a57373ec3dfc641ae27594300cd94415583513e5cf0323efb699741b59aeb3e71b4773f371ad741b0cb5b3e3a6a713ec3a8ba41ae28da0157bcddbd
2025-08-19T22:36:47.650714+00:00,1755643007.650714,31,bda0016ffd100a0ffd099500000600022c790000fc680000fde40000a892bd
2025-08-19T22:36:48.898087+00:00,1755643008.898087,244,bdaffd00011ffd200a89950000020000fc6800054300d11841558a313e5cf3b03efb5b9c41b5d1653e71c5f33f37064f41b0f7f93e3a5e363ec3cc8e41ae24be4300d49c4155a9223e5c4f673efb5abf41b61f2f3e71b7f73f371c9741b112fa3e3a7a2b3ec35cb541ae32f74300d82041559b623e5c203a3efb328c41b645903e71c9713f36ffc141b145f93e3a14ce3ec3912241ae36ad4300dba441556eb03e5bf4893efaf64041b66c493e70e6413f37072f41b167c73e39937b3ec38cc541ae3ada4300df2841558a313e5b4cc13efafd3f41b684623e70cdc93f37136b41b188003e398c7d3ec3920241ae556b01e554bd
2025-08-19T22:36:48.903692+00:00,1755643008.903692,31,bda0016ffd100a0ffd099600000600022c790000fc6d0000fde400000e97bd
2025-08-19T22:36:50.398188+00:00,1755643010.398188,246,bdaffd00011ffd200a89960000020000fc6d00054300e2ac4155bcddc43e5b5e3d3efab21b41b6b77f3e70d6843f3703b041b1a90f3e398c7e3ec3974041ae508e4300e6304155e0273e5b637b3efaa4fd41b6c5c53e70d3073f37026041b1d2b23e398ffc3ec3878541ae5da64300e9b4415609693e5adce93efa629441b6cb743e70c34c3f37216541b1e8763e399c373ec35e7441ae69a64300ed3841561a9b3e5b21123efa14cf41b6d1da3e70ae513f37396d41b201ff3e3985803ec3ad1941ae742b4300f0bcdc415602883e5b90ea3ef9fc5741b6ceda3e70b5523f3732df41b23da13e39953a3ec378ac41ae7f60014076bd
2025-08-19T22:36:50.404047+00:00,1755643010.404047,31,bda0016ffd100a0ffd099700000600022c790000fc720000fde40000fde6bd
2025-08-19T22:36:51.690038+00:00,1755643011.690038,244,bdaffd00011ffd200a89970000020000fc7200054300f4404153d8f63e5ba7a13ef9acd241b6c3373e70b5503f373ceb41b2464f3e3980413ec3cbae41ae903c4300f7c44152546e3e5b82ee3ef990dc41b6aa563e70a2163f37548541b2674d3e397e813ec3cc8f41aea6c04300fb484151294b3e5ae9243ef9210341b68f413e70925c3f376acb41b27b3a3e3998b93ec3611241aeabf64300fecc414fdbc63e5a25693ef8f39241b673713e7095db3f37689d41b2ac023e3996fa3ec3736d41aeb73b43010250414ee7a73e5a1aed3ef8d5dc41b6501e3e708b603f37785741b2b1a93e3991bb3ec38f6241aeccfa01dddcbd
2025-08-19T22:36:51.695268+00:00,1755643011.695268,31,bda0016ffd100a0ffd099800000600022c790000fc770000fde400002452bd
2025-08-19T22:36:52.893252+00:00,1755643012.893252,244,bdaffd00011ffd200a89980000020000fc770005430105d4414df0173e5a3c213ef868a341b616ea3e7079e73f378dc041b2b2063e398e3e3ec392e241aed0b943010958414dc6d43e5a4f5a3ef8176041b5ef713e7078263f37960d41b2d4f73e398e3d3ec39c7e41aeea3343010cdc414d58cd3e59dc023ef7cd1b41b5b5993e7074a73f37998c41b2e1563e3985803ec3bb1241aef5d143011060414dab533e5990dc3ef7928d41b5911d3e7078273f37975d41b2e93d3e39937b3ec378ab41aef20c430113e4414d6d6e3e59a4153ef74bc541b54b9d3e706beb3f37a86641b2f41b3e398abf3ec3990041af07710152e7bd
2025-08-19T22:36:52.894977+00:00,1755643012.894977,31,bda0016ffd100a0ffd099900000600022c790000fc7c0000fde400006913bd
2025-08-19T22:36:54.109656+00:00,1755643014.109656,246,bdaffd00011ffd200a89990000020000fc7c000543011768414d4b0d3e59b20f3ef7113b41b51dc13e7074a93f37b2e241b2eab33e399c393ec3577641af1bb743011aec414d40bcdc3e59c5493ef6c99441b4e13c3e7109353f37c14e41b2f7803e398ffd3ec38e8341af28d043011e70414d2c1a3e59dc023ef6785041b4bcdd8a3e7149dd3f37c6fb41b2fa7c3e39a8733ec3222b41af2cee430121f4414d77c03e5918453ef643e341b47b703e7157d63f37b19241b300853e398c7d3ec3904341af47ee43012578414d366c3e5922c23ef5de8641b4491c3e71529a3f37ba5041b2e9f43e3996fc3ec377cb41af4d9201e752bd
2025-08-19T22:36:54.113959+00:00,1755643014.113959,31,bda0016ffd100a0ffd099a00000600022c790000fc810000fde400006481bd
2025-08-19T22:36:56.537580+00:00,1755643016.537580,244,bdaffd00011ffd200a899a0000020000fc810005430128fc414d0d293e5942373ef56a4f41b402753e7154593f37b3c241b2ee173e39b4b03ec3039441af419143012c80414cf1a83e593cf93ef5792941b3ccbb3e714f1a3f37bffe41b2f17c3e3989003ec3aa7a41af581443013004414cd6253e5949353ef5475b41b3a7343e715b563f37aa2441b2edb73e39abf33ec32ae541af568d43013388414d0d293e595fee3ef4f8b541b36f463e714b9e3f37c30e41b2dd953e399c3a3ec355b641af670f4301370c414ceac63e594cb43ef4d40141b32def3e714b9d3f37c06d41b2c88a3e39abf33ec31a4d41af641401f965bd
2025-08-19T22:36:56.542682+00:00,1755643016.542682,31,bda0016ffd100a0ffd099b00000600022c790000fc860000fde40000961fbd
2025-08-19T22:36:57.754399+00:00,1755643017.754399,245,bdaffd00011ffd200a899b0000020000fc86000543013a90414cbaa43e58a4f03ef466ca41b301ff3e7154593f37b3c341b2c0a93e39b4b03ec3047341af76cc43013e14414cb0543e590a4e3ef44bb141b2bb643e7150da3f37c06f41b2b8093e39c2ac3ec2d38441af6c5043014198414cb3c43e59961d3ef4253f41b297633e714d5b3f37bcdd6041b2a6633e39a1773ec34cfc41af77904301451c414c75df3e59a4163ef3e9d341b259d63e714b9c3f37c0de41b2a6073e39a6b63ec3302541af7c11430148a0414c5a5e3e59bace3ef39cef41b222443e714b9d3f37beaf41b2831a3e39a1773ec3497c41af85cd010e42bd
2025-08-19T22:36:57.759552+00:00,1755643017.759552,31,bda0016ffd100a0ffd099c00000600022c790000fc8b0000fde400002860bd
2025-08-19T22:36:58.941477+00:00,1755643018.941477,244,bdaffd00011ffd200a899c0000020000fc8b000543014c24414c500d3e59c1ca3ef38d3341b1eb7e3e7160933f37ab0541b27e993e39c2ac3ec2c12b41af89eb43014fa8414c37fb3e59d3453ef34bad41b1adf23e7162553f37967c41b26d4c3e39bf2d3ec2dd2141af77924301532c414c3edd3e59df803ef31c7c41b17f633e714d5d3f37beaf41b25b4f3e39c62b3ec2c3cb41af880f430156b0414c07d83e59a5d33ef2d07541b155513e71529b3f37b82141b24cae3e39d2653ec2903c41af86f043015a34414c122a3e5911473ef2cc1741b1207b3e7156193f37b20241b2205c3e394d943ec2b86e41af7b5101902ebd
2025-08-19T22:36:58.946096+00:00,1755643018.946096,31,bda0016ffd100a0ffd099d00000600022c790000fc900000fde40000a90abd
2025-08-19T22:37:00.246453+00:00,1755643020.246453,245,bdaffd00011ffd200a899d0000020000fc90000543015db8414bdb263e591f423ef295ea41b0ed173e71704f3f378dbf41b21b873e38ebb63ec2d8c441af83eb4301613c414ba7933e592d3f3ef2705741b0b4d73e7162543f379e5b41b2049d3e38df7c3ec2dee141af8cea430164c0414bd0d63e59397b3ef2324b41b082363e716b123f378f1041b1f2963e38fef13ec2664b41af8cee43016844414b708f3e593b3a3ef1ed4441b03d233e716cd03f378fef41b1d4923e38f6323ec28cbcdd41af730e43016bc8414bab033e58cd213ef1d06e41b0126c3e7173ce3f37826441b1c58a3e390eab3ec237fc41af79d301be6ebd
2025-08-19T22:37:00.251760+00:00,1755643020.251760,31,bda0016ffd100a0ffd099e00000600022c790000fc950000fde40000df40bd
2025-08-19T22:37:01.649655+00:00,1755643021.649655,244,bdaffd00011ffd200a899e0000020000fc95000543016f4c414aff183e5895343ef15ed641afc6ab3e718fc43f3791ae41b1ab4c3e38fb713ec276e341af71e9430172d0414b13b93e5898b43ef13f6041af7cce3e720bda3f377bd641b19d6a3e38fef03ec26b8941af791443017654414b10493e5888f93ef0df4241af3dd23e7258bf3f37834341b16b813e3913e93ec21b2441af5e6f430179d8414af4c83e57ed6f3ef081c441aef5d13e7276753f37674e41b1555e3e38f9b23ec276e541af767543017d5c414ab3743e57f7eb3ef056f141ae922a3e7274b53f37643d41b14ae03e391ae63ec2054d41af65f101a0acbd
2025-08-19T22:37:01.654327+00:00,1755643021.654327,31,bda0016ffd100a0ffd099f00000600022c790000fc9a0000fde400004531bd
2025-08-19T22:37:03.273953+00:00,1755643023.273953,244,bdaffd00011ffd200a899f0000020000fc9a0005430180e0414a86c13e5807a43ef0076e41ae4b533e7272f63f376bac41b11e993e3923a33ec1e4f941af641043018464414a456d3e581adf3eefbfc641ae01d53e727f313f375b1241b104ba3e3917663ec2038d41af4c6f430187e8414a3b1c3e5833563eef6b0341ada2493e728eed3f373cec41b0e35e3e392e213ec1c04441af562e43018b6c4149393b3e58239c3eef369641ad56963e72a0673f3728d341b0d3fd3e392fdf3ec1adeb41af43d443018ef0414ac4a43e5782d33eeec25f41ad06733e72a3e43f3724e341b0b17b3e3915aa3ec2150541af340b018ec6bd
2025-08-19T22:37:03.280137+00:00,1755643023.280137,31,bda0016ffd100a0ffd09a000000600022c790000fc9f0000fde40000e1c1bd
2025-08-19T22:37:05.841963+00:00,1755643025.841963,244,bdaffd00011ffd200a89a00000020000fc9f000543019274414e497c3e57944d3eee757a41aca62d3e72942d3f3737ae41b08a0c3e393a5c3ec1911541af2f2f430195f841555a0e3e57a0893eee528641ac48eb3e72b1e03f37072f41b06a353e3921e33ec1e95641af21b34301997c415af3d83e57bfff3eedd3d341abf55d3e72b71e3f36ff5341b03e513e3936dc3ec1a36f41af1b4f43019d00415ac3b53e57c53d3eedb29d41aba4243e72c35d3f36ef9741b013de3e393c1a3ec185ba41af0d6f4301a084415a82613e57d6b73eed711241ab52203e72c35c3f36f07641aff2823e3943163ec1672341af04cd01e28ebd
2025-08-19T22:37:05.845780+00:00,1755643025.845780,31,bda0016ffd100a0ffd09a100000600022c790000fca40000fde40000c2efbd
2025-08-19T22:37:06.997764+00:00,1755643026.997764,244,bdaffd00011ffd200a89a10000020000fca400054301a4084159baf43e57d3393eed1c5141aaf12a3e72e10f3f36bf1741afc4c23e3951123ec1371541aef6fa4301a78c4158ab543e575e203eecd9e741aaa8273e72f6073f369f3341af9c523e39351d3ec19d5041aee7ee4301ab104157dd063e57f62b3eecc86f41aa65de3e72926c3f36a40141af8a4f3e394f533ec14cee41aed2974301ae944157424d3e5817603eec80c941aa2c9c3e7224523f36731341af502f3e394f533ec13a9341aec99e4301b2184156fa183e5819203eec772b41aa01e93e722ece3f365fda41af1bb03e39698b3ec0ded241aebe5b01fcacbd
2025-08-19T22:37:07.001669+00:00,1755643027.001669,31,bda0016ffd100a0ffd09a200000600022c790000fca90000fde40000f54ebd
2025-08-19T22:37:08.154135+00:00,1755643028.154135,246,bdaffd00011ffd200a89a20000020000fca900054301b59c4156a4233e582e1a3eec288641a9caef3e7243c73f36406441aeec143e39026d3ec0ddf341aeaa834301b920415681c03e582a9a3eec3a0041a9b6b73e7247443f36105441aed6b63e388d563ec0ded241ae963e4301bcdca44156217b3e58271b3eec170c41a98c6d3e7195033f35dbe541aead823e3897d33ec0c03c41ae8e5e4301c0284155f4c83e574e663eec27a641a996e63e71af3b3f35b6c341ae82023e388f173ec0cb9741ae81474301c3ac415602883e5755633eec11cd41a9a7643e70fb393f356ffc41ae5cf33e3896153ec0bcdcbf41ae72a9012311bd
2025-08-19T22:37:08.160083+00:00,1755643028.160083,31,bda0016ffd100a0ffd09a300000600022c790000fcae0000fde40000f0a8bd
2025-08-19T22:37:09.361920+00:00,1755643029.361920,246,bdaffd00011ffd200a89a30000020000fcae00054301c7304155ede83e57422a3eec19aa41a9c4f03e70a3d73f352e0341ae36513e3819fe3ec08d8e41ae4a924301cab441560cd93e56792f3eec330241a9db673e7056f23f34dd2e41ae0fbcdd3e37d0973ec060fe41ae43154301ce38415624eb3e55bff03eec5a5541aa34133e6fb62b3f34989641adf9f63e37d2573ec0576141ae34754301d1bcdc4156361c3e55768a3eec94e041aa71803e6f3bd33f345afc41ade0dc3e37e2133ec016b941ae17974301d540415609693e55650f3eeccf6c41aacd973e6ed2fa3f33ea4341adc4c43e37aa253ec00b5c41ae0a1301cd93bd
2025-08-19T22:37:09.366993+00:00,1755643029.366993,31,bda0016ffd100a0ffd09a400000600022c790000fcb30000fde400001ba6bd
2025-08-19T22:37:10.797402+00:00,1755643030.797402,244,bdaffd00011ffd200a89a40000020000fcb300054301d8c4415613b93e5501733eecfbfc41ab4bc03e6e392f3f33c6e141adaeaa3e3715993ebfc57541adf15a4301dc484155ff183e5467a93eed456341abd0b03e6d98663f336a4041ad9cac3e37041f3ec015d741ade3de4301dfcc4155ea773e54562c3eed7d5041ac5a233e6cfe9b3f33126e41ad94123e37159a3ebfcff141adcffb4301e350415591113e542c3d3eedf5e641acf0503e6c58953f32d69341ad9a093e371c963ebfbe7941adbb0a4301e6d44155cb853e54078a3eee384f41ada9c63e6b931a3f328f5d41ad922f3e3647603ebf98e341ad9cad014dfdbd
2025-08-19T22:37:10.798822+00:00,1755643030.798822,31,bda0016ffd100a0ffd09a500000600022c790000fcb80000fde40000de7abd
2025-08-19T22:37:12.008198+00:00,1755643032.008198,244,bdaffd00011ffd200a89a50000020000fcb800054301ea584155b3743e540e863eeea58a41ae49663e6b074a3f322dee41ad99b23e364ae03ebf8f4741ad976d4301eddc415591113e53ef113eef0bc441af0cb53e6a7d393f31ef7441ada0cb3e363ea43ebfb77a41ad90514301f16041553b1c3e533b103eef88b941afe50d3e69d0353f319c0141adbb093e364e5f3ebf7c0d41ad77f54301f4e4415504193e52d0753eeff35541b0bef73e690c7a3f316f7041add5fa3e3640633ebf426241ad75534301f8684154dad63e52b9be3ef0616f41b1a5523e685f763f310d2141adf0f73e355ef13ebfbe7741ad695501d539bd
2025-08-19T22:37:12.010633+00:00,1755643032.010633,32,bda0016ffd100a0ffd09a600000600022c790000fcbcdd0000fde40000f149bd
2025-08-19T22:37:14.028427+00:00,1755643034.028427,246,bdaffd00011ffd200a89a60000020000fcbcdd00054301fbec4154a3d33e51fcfe3ef0d06641b28cd93e67bb2f3f30c73c41ae15573e356ead3ebf868a41ad51bb4301ff704154695f3e50bcdd2e3ef12a6741b373013e6703b13f309fe741ae34093e358c633ebf1a2e41ad5821430202f441542eeb3e5094fc3ef1b55741b468443e66612a3f305ecf41ae736b3e35706d3ebf796f41ad39014302067841542b7b3e5073c93ef2340d41b55e0c3e662afc3f304a4741aeafc63e35706c3ebf83ed41ad3cbf430209fc41548bc13e4fed373ef2a68441b648f73e656abf3f3030ee41aeda813e352c443ebf2c8941ad3306017f27bd
2025-08-19T22:37:14.031467+00:00,1755643034.031467,31,bda0016ffd100a0ffd09a700000600022c790000fcc20000fde400003284bd
2025-08-19T22:37:17.655885+00:00,1755643037.655885,245,bdaffd00011ffd200a89a70000020000fcc2000543020d804154249b3e4f5faa3ef2ee2b41b72a3b3e64e26e3f30228341af274f3e349cf63ebf450141ad3f60430211044153f1073e4f5dea3ef3016341b7fc873e645d9b3f2fe24b41af634d3e348efb3ebf830c41ad3e9a430214884153ea273e4f4fed3ef32fb341b8c4d13e63a45c3f2fd14141afa8b33e3499793ebf591c41ad43804302180c4153dc663e4f47303ef3466e41b97c843e633b813f2fb70941afedab3e34a5b23ebf38c441ad437a43021b904153c0e43e4e693f3ef3482d41ba2df13e62d9a33f2f9b1341b0498a3e349cf63ebf54bcdc41ad53fc01f2ffbd
2025-08-19T22:37:17.657266+00:00,1755643037.657266,31,bda0016ffd100a0ffd09a800000600022c790000fcc70000fde400002314bd
2025-08-19T22:37:18.860662+00:00,1755643038.860662,246,bdaffd00011ffd200a89a80000020000fcc7000543021f14415390c23e4e65be3ef3500941bac5053e6217a53f2f987441b08b2b3e34a7733ebf29ea41ad54b9430222984153d2163e4d95c63ef36c0041bb738f3e61f6713f2f868a41b0ea743e345a8e3ebf6a9441ad773d4302261c4153c0e43e4d02fb3ef3696141bbff0a3e61735f3f2f88ba41b13fa03e33bf033ebf46bf41ad695e430229a04153c0e43e4c71ed3ef3570941bcdc8f7a3e6101c63f2f8ca741b192e23e33b4863ebf830b41ad7c7b43022d2441538d523e4bc4e73ef3341341bcdd1f863e60faca3f2f9b1341b1f0573e33ad8a3ebf948541ad8cec01e327bd
2025-08-19T22:37:18.864498+00:00,1755643038.864498,31,bda0016ffd100a0ffd09a900000600022c790000fccc0000fde400002984bd
2025-08-19T22:37:20.056434+00:00,1755643040.056434,247,bdaffd00011ffd200a89a90000020000fccc0005430230a84153a8d33e4c02123ef3333341bcdd942b3e6041893f2f9fe141b23a4d3e33abcb3ebf980541ada84b4302342c4153bcdd743e4bf09a3ef30a2241bcddf0ac3e5ffd613f2fa36041b28a9c3e3398903ebfe40a41adbb63430237b04153b6943e4bd2e43ef30da141be66df3e5feda63f2fc11541b2fefa3e339dcf3ebfc2d541adccfd43023b344153dc663e4be0e03ef2d3f541beb5043e5fcc713f2fed3941b33c913e33a68b3ebfac1e41adfa5c43023eb841540c8a3e4b45553ef2e64e41beeaa13e5fb77a3f300aeb41b389ea3e3396d13ebfe6a741ae0f51015750bd
2025-08-19T22:37:20.059048+00:00,1755643040.059048,31,bda0016ffd100a0ffd09aa00000600022c790000fcd10000fde40000ac60bd
2025-08-19T22:37:21.532252+00:00,1755643041.532252,244,bdaffd00011ffd200a89aa0000020000fcd100054302423c415435cc3e4aff6d3ef2cdd641bf37613e5fa6003f3026e241b3ee913e339c0f3ebfc81341ae2cf5430245c0415481713e4b066b3ef2b72041bf70d23e5f7c0e3f30632e41b432963e339a4f3ebfe16b41ae3b2a430249444153fb583e4b12a63ef290ac41bfae063e5f788f3f306b7a41b47ed63e3395123ebff3c541ae62ef43024cc84151d1c63e4b10e63ef297aa41bfd60d3e5fc3b53f30a8a541b4cb733e338e133ec001bf41ae87444302504c4150b7d43e4b24213ef2466441bfc8753e6025933f30d3e641b50f7c3e33f8af3ec029f141aea3ba016fc0bd
2025-08-19T22:37:21.537120+00:00,1755643041.537120,31,bda0016ffd100a0ffd09ab00000600022c790000fcd60000fde400008464bd
2025-08-19T22:37:22.816020+00:00,1755643042.816020,244,bdaffd00011ffd200a89ab0000020000fcd60005430253d0414f97023e4af86f3ef20bd941bfcbd93e600edb3f30f90a41b55ec63e3471453ebff20441aecabe43025754414e505e3e4a60643ef1d06f41bfcd613e5ff4a33f311a3f41b5a7b13e345e0b3ec03c4c41aef99143025ad8414e15ea3e4a7fd93ef1641441bfbefc3e5fe16b3f313b0141b5c5be3e34554f3ec054c241af16d343025e5c414ddee73e4a96923ef1180f41bf8ddf3e5fcc723f315ca741b5fffa3e344e513ec068dd41af37d0430261e0414d96b13e4a462d3ef0b8d041bf5f0b3e5fc5743f31695241b635053e3450113ec070ba41af562b016941bd
2025-08-19T22:37:22.817509+00:00,1755643042.817509,31,bda0016ffd100a0ffd09ac00000600022c790000fcdb0000fde400008d4fbd
2025-08-19T22:37:24.005032+00:00,1755643044.005032,245,bdaffd00011ffd200a89ac0000020000fcdb000543026564414d9d933e49f08b3ef04e3541bf16dd3e600d1c3f31789d41b6754f3e3443d53ec0a1a941af7de6430268e8414c6eff3e4943893eefd83e41bed6363e608e6f3f319f8041b6a3913e3442153ec09fe941af994a43026c6c414d96b13e4940093eef853c41be826a3e6082333f31bbe541b6c5cd3e3449133ec085b141afc3ae43026ff0414d77c03e4970fa3eeefeab41be282f3e6074393f31ce3f41b6df623e3458cd3ec0568241afe5c643027374414d51ed3e4a40f03eeea74641bcddd2d33e6074373f31ccf041b709803e3440553ec0b16241b0102e0155e5bd
2025-08-19T22:37:24.009506+00:00,1755643044.009506,32,bda0016ffd100a0ffd09ad00000600022c790000fce00000fde40000cdbcdcbd
2025-08-19T22:37:25.572836+00:00,1755643045.572836,249,bdaffd00011ffd200a89ad0000020000fce00005430276f8414d479d3e4995aa3eee4fe641bcdd81533e605d803f31eb1541b71b8d3e34538f3ec060fd41b0282c43027a7c414d32fc3e49ba5f3eedc95441bcdd21153e6062bcdd3f31e5d641b732893e34538f3ec05f4041b042c443027e00414d28aa3e49d9d33eed607a41bcdcc56e3e606d3a3f31d61d41b740d43e344c913ec07cf641b0648f43028184414d74503e49d1153eed067941bcdc5dac3e6058423f31f44241b73eee3e3449113ec0743941b085ef43028508414d366c3e49358c3eec7b8b41bbeb073e6072773f31cb3141b74d963e3443d43ec0980c41b0a57901dadcbd
2025-08-19T22:37:25.579040+00:00,1755643045.579040,31,bda0016ffd100a0ffd09ae00000600022c790000fce50000fde40000d42ebd
2025-08-19T22:37:27.008504+00:00,1755643047.008504,244,bdaffd00011ffd200a89ae0000020000fce500054302888c414d2c1a3e4941c73eec543641bb84d53e607cf43f31c04441b749793e3435da3ec0cf1741b0c55443028c10414d09b93e49613e3eebd04441bb33103e606b7b3f31d6fd41b74fe33e344c913ec0797641b0d1c043028f94414d10993e4982723eeb65ab41bacc2f3e606b7b3f31d68c41b74a3f3e343cd73ec0b6a141b0eb3c43029318414cc4f53e4927923eeb2a3f41ba74be3e606efa3f31d61d41b73fab3e3440553ec0ade341b0fa9b4302969c414cd2b53e48c2353eead73a41ba223f3e6074363f31c58241b739ac3e3447533ec08e6e41b112f3019fb8bd
2025-08-19T22:37:27.013748+00:00,1755643047.013748,31,bda0016ffd100a0ffd09af00000600022c790000fcea0000fde40000ecedbd
2025-08-19T22:37:28.344643+00:00,1755643048.344643,245,bdaffd00011ffd200a89af0000020000fcea000543029a20414c794f3e48e1a93eea64c341b9b6203e6077b53f31c90041b728013e34299e3ec0ee8c41b1297643029da4414cd9963e48f3243eea367341b957463e607b353f31c20441b719b53e3443d33ec0980a41b137054302a128414c9bb23e4909dc3ee9dd5241b8faa03e6089303f31aadb41b7025a3e344e503ec075f941b14ef94302a4ac414c91613e4871d03ee971d541b8a5233e608caf3f31a4bcdd41b6fefb3e34341a3ec0d61741b15f234302a830414c5dce3e47a8d63ee9199541b83fe63e609c6a3f318fc441b6e86c3e3440553ec09aab41b16ac401e8bebd
2025-08-19T22:37:28.346654+00:00,1755643048.346654,31,bda0016ffd100a0ffd09b000000600022c790000fcef0000fde400002d3fbd
2025-08-19T22:37:29.912598+00:00,1755643049.912598,247,bdaffd00011ffd200a89b00000020000fcef00054302abb4414c45bcdd3e47975c3ee8b35a41b7ddb93e609c6b3f31911441b6bcdc093e34325a3ec0c8fb41b1723f4302af38414bdb263e47e4413ee8470041b76c133e60aa653f31789d41b6a5dd3e3443d53ec099ca41b1885f4302b2bcdc414be5773e48a63e3ee808f441b7037f3e60afa23f316db041b684ba3e34570f3ec055a241b185c74302b640414bec573e48c2343ee7a71641b69c713e60b3223f316e2141b66fb03e3447533ec0910d41b1934b4302b9c4414ba4233e4801f93ee72cc141b635033e60b8623f316a3341b64fb93e3453913ec0655e41b19be9016f0abd
2025-08-19T22:37:29.918778+00:00,1755643049.918778,31,bda0016ffd100a0ffd09b100000600022c790000fcf40000fde40000719cbd
2025-08-19T22:37:31.120627+00:00,1755643051.120627,247,bdaffd00011ffd200a89b10000020000fcf400054302bcdd48414b88a03e4815303ee6e6db41b5cb053e60bcdd9f3f315fb541b63db03e343e973ec0a44741b19ee94302c0cc414b92f23e482be93ee68b1b41b55a433e60dd123f312ec641b6162c3e34538f3ec0655e41b1a96d4302c450414b05f83e484b5e3ee61d0141b4e2c13e60d4593f313c5241b5e6103e34554e3ec0639d41b1a78e4302c7d4414b2bcb3e48461f3ee5c4bf41b46f0f3e60eccd3f3113b141b5cf2a3e3451cf3ec0639e41b1a7ed4302cb58414aede73e479c9a3ee5737b41b3fc0b3e60facb3f31070441b5bcdd743e3466c93ec014f941b1acc9015ca2bd
2025-08-19T22:37:31.126484+00:00,1755643051.126484,31,bda0016ffd100a0ffd09b200000600022c790000fcf90000fde4000047babd
2025-08-19T22:37:32.577179+00:00,1755643052.577179,245,bdaffd00011ffd200a89b20000020000fcf900054302cedc414abcddc43e47b88f3ee4f92641b386273e6100073f30f74a41b57d393e345e0c3ec0346e41b1a7ed4302d260414ab3743e47cd8a3ee4b95d41b320c93e611bfd3f30d61641b55aa53e3443d53ec091ee41b1aeb04302d5e4414a7c703e47e7c13ee45afe41b29e1f3e611f7b3f30cd5a41b52d2b3e3450103ec0639d41b1a5494302d968414a04193e47bf8f3ee3d46b41b227863e6124bb3f30bfcd41b5145f3e3466c93ec0133a41b1a8ad4302dcec4149dad63e474c373ee353f941b1bb703e6142703f30941d41b4d7d73e346dc63ec00a7d41b1a0c901998ebd
2025-08-19T22:37:32.583682+00:00,1755643052.583682,31,bda0016ffd100a0ffd09b300000600022c790000fcfe0000fde400009483bd
2025-08-19T22:37:33.756370+00:00,1755643053.756370,244,bdaffd00011ffd200a89b30000020000fcfe00054302e070414a4c4d3e4753343ee332c241b138753e615ca73f306e1a41b4b0c13e346c063ec0045f41b197cc4302e3f4414c537e3e4779a63ee2aa7341b0ccdb3e612bb73f306f6b41b4720f3e3471453ebffba141b192874302e778414e79a03e4793de3ee24eb241b051c73e607cf33f304d5541b433b53e345e0b3ec03b6c41b18aa24302eafc415318693e47666c3ee208ca41afec8c3e608aef3f303a8c41b417e43e3476833ebfe24b41b17b4a4302ee804157fbf93e46bea93ee1adec41af79cc3e609aaa3f3027c241b3d7403e33eff33ebfa7bf41b1718301b573bd
2025-08-19T22:37:33.760492+00:00,1755643053.760492,31,bda0016ffd100a0ffd09b400000600022c790000fd030000fde400003a60bd
2025-08-19T22:37:35.023779+00:00,1755643055.023779,245,bdaffd00011ffd200a89b40000020000fd0300054302f204415b19aa3e4615233ee1584941af0f523e60aa643f300bcd41b3b33c3e33a68b3ebfa97f41b163434302f5884159fc493e46311a3ee11f7b41aeaa1d3e60bf5e3f2fee8641b372a63e33b2c73ebf7eac41b158604302f90c4158d4953e4722433ee0ab4441ae3d713e60ded33f2fbcdcb741b33cf03e33b1093ebf8d8941b148f64302fc904157cbd53e4729433ee08f4f41adf45e3e60eccf3f2fa82e41b306203e33c4423ebf3d2241b13c414303001441574c9e3e47437b3ee0346e41ad7b593e6111803f2f6f6141b2d2b53e33ccfe3ebf133141b1291c0128fbbd
2025-08-19T22:41:34.513512+00:00,1755643294.513512,8,bd90010ffd73d3bd
2025-08-19T22:41:34.848064+00:00,1755643294.848064,14,bdefff10010fff00010e00ddf0bd
2025-08-19T22:41:35.096609+00:00,1755643295.096609,16,bdeffd1001d26dbdbdaffd0001668ebd
2025-08-19T22:41:35.097125+00:00,1755643295.097125,18,bda0016ffd00010ffd09b60104ffff9cf3bd
2025-08-19T22:41:35.122645+00:00,1755643295.122645,24,bda0015ffd100a0ffd173100000000000000000000ded3bd
2025-08-19T22:41:35.536569+00:00,1755643295.536569,18,bdaffd20010ffd000189b60101fffd8d7abd
2025-08-19T22:41:35.549902+00:00,1755643295.549902,18,bda0017ffd00010ffd0ab80003c001b678bd
2025-08-19T22:41:35.900541+00:00,1755643295.900541,42,bdaffd70010ffd00010a730073200620042009200b2002200a20072008200c20052003200dcffd5691bd
2025-08-19T22:41:35.901753+00:00,1755643295.901753,14,bda0017ffd00010ffd8a73b9d0bd
2025-08-19T22:41:36.227891+00:00,1755643296.227891,14,bdaffd70010ffd00018ab8185ebd
2025-08-19T22:41:36.236791+00:00,1755643296.236791,27,bda0016ffd100a0ffd09b500000500022c790000000100006c25bd
2025-08-19T22:41:36.575887+00:00,1755643296.575887,12,bdaffd00010ffd000194e1bd
2025-08-19T22:41:37.212197+00:00,1755643297.212197,23,bdaffd00011ffd200a97310043060de2000000003d32bd
2025-08-19T22:41:37.512041+00:00,1755643297.512041,68,bdaffd00011ffd200a89b50000020000fde5000143060c8c415288013e1718393ea662e941b9faaf3e2872b03f07095d41b00cc43e238a243eb1a2ff41ae449100e3ffbd
2025-08-19T22:41:37.512820+00:00,1755643297.512820,12,bda0013ffd00010ffd0fa4bd
2025-08-19T22:41:37.518859+00:00,1755643297.518859,31,bda0016ffd100a0ffd09ba00000600022c790000fd030000fde50000e7b6bd
2025-08-19T22:41:38.904198+00:00,1755643298.904198,245,bdaffd00011ffd200a89ba0000020000fd0300054302f204415b19aa3e4615233ee1584941af0f523e60aa643f300bcd41b3b33c3e33a68b3ebfa97f41b163434302f5884159fc493e46311a3ee11f7b41aeaa1d3e60bf5e3f2fee8641b372a63e33b2c73ebf7eac41b158604302f90c4158d4953e4722433ee0ab4441ae3d713e60ded33f2fbcdcb741b33cf03e33b1093ebf8d8941b148f64302fc904157cbd53e4729433ee08f4f41adf45e3e60eccf3f2fa82e41b306203e33c4423ebf3d2241b13c414303001441574c9e3e47437b3ee0346e41ad7b593e6111803f2f6f6141b2d2b53e33ccfe3ebf133141b1291c0129eabd
2025-08-19T22:45:56.836648+00:00,1755643556.836648,31,bda0016ffd100a0ffd09bb00000600022c790000fd080000fde5000093debd
2025-08-19T22:45:59.263791+00:00,1755643559.263791,244,bdaffd00011ffd200a89bb0000020000fd080005430303984156b1e33e4709ce3edfe6a941ad2caa3e60b8613f2f4b9041b2a1823e33b9c43ebf583a41b1201a4303071c415677703e46817e3edfc03541acf2943e605f3e3f2f117241b25a2d3e33e0393ebeda6641b1093643030aa041564abe3e4698353edf69b441acb8e53e5ff9e33f2ecfeb41b22aea3e33cebe3ebf1a3141b1063543030e244156406c3e46a0f23edf4c0041ac97913e5fce313f2e822441b1e4523e33b8063ebed28741b0e476430311a841561a9b3e45c4be3edf3b6341aca0ee3e5f4cdf3f2e1fd941b1b6893e3310403ebe98dd41b0c5b601f808bd
2025-08-19T22:45:59.265600+00:00,1755643559.265600,32,bda0016ffd100a0ffd09bcdc00000600022c790000fd0d0000fde50000f8d7bd
2025-08-19T22:46:01.271117+00:00,1755643561.271117,245,bdaffd00011ffd200a89bcdc0000020000fd0d00054303152c415605f93e45d0fc3edf1e8f41ac8d0d3e5edec43f2dba7a41b1952b3e330b013ebeb4d441b0bb31430318b0415624eb3e45ac473edee4e441aca0863e5e4bf73f2d718441b157a13e3304033ebecb8b41b0aa5643031c344155ede83e44f6863edf029641acba623e5db92b3f2cff0c41b129dd3e331e3a3ebe68cd41b0943443031fb8415605f93e4501023edee24341acf5ee3e5d1a223f2cac7941b108173e330cc23ebe370041b073eb4303233c4155f4c83e4439c73ededec441ad485e3e5c82153f2c566541b0e2fe3e323b0a3ebe7b2741b064290137f1bd
2025-08-19T22:46:01.273306+00:00,1755643561.273306,32,bda0016ffd100a0ffd09bcdd00000600022c790000fd120000fde50000829ebd
2025-08-19T22:46:03.282554+00:00,1755643563.282554,248,bdaffd00011ffd200a89bcdd0000020000fd120005430326c04155cef53e4418923edee4e341ad79133e5bda513f2be84d41b0bcdd153e324c843ebe3edc41b0438343032a444155d5d53e440c563edeef5e41adeeba3e5b1a143f2b7cd241b0a4b33e3247453ebe513441b0348e43032dc841557fe13e432ca53edf29eb41ae5fe23e5a778e3f2b0c1941b089503e321f143ebe06f141b027694303314c41558da13e431eab3edf4f7d41aefcf73e59d1853f2ab1a741b0738a3e318a863ebcddcc6341b0042e430334d0415548dd3e42885f3edf892a41afa00c3e59034e3f2a4b6c41b057cd3e3193443ebcddb06d41afe26c019f5ebd
2025-08-19T22:46:03.284178+00:00,1755643563.284178,31,bda0016ffd100a0ffd09be00000600022c790000fd170000fde500002564bd
2025-08-19T22:46:04.806543+00:00,1755643564.806543,249,bdaffd00011ffd200a89be0000020000fd1700054303385441550e693e421c053edfd7ce41b0564f3e585b8a3f29dc7241b0606a3e3193433ebcddb68c41afddea43033bd8415530cc3e41f5923edff4a341b117da3e57928e3f29890041b056ad3e31236b3ebcdd8ada41afbb0643033f5c4154aab33e41195f3ee045e741b1d4953e56c2963f291ed341b053a73e30a5953ebcddebd941afb329430342e0415499823e410ee23ee069ba41b2c4073e56238e3f28d2cf41b072c93e30cdc93ebcdd52ee41afa18b430346644154393c3e40671c3ee0bbdf41b3a1343e5558d53f286de241b07c953e30c6cc3ebcdd734341af8f8701c4b8bd
2025-08-19T22:46:04.808087+00:00,1755643564.808087,31,bda0016ffd100a0ffd09bf00000600022c790000fd1c0000fde5000023e0bd
2025-08-19T22:46:06.122617+00:00,1755643566.122617,249,bdaffd00011ffd200a89bf0000020000fd1c0005430349e84153f1073e400c3c3ee0e86d41b48d1c3e548a9c3f281f3d41b09bb03e30393d3ebcdd54ae41af898943034d6c4153c4543e3fe7893ee140b041b576723e53d85a3f27b82141b0bf553e2fe7173ebcdd734241af72ac430350f0415389e23e3f0ed43ee15a0741b66bea3e5339503f276f9a41b0d0f33e2fea973ebcdd69a541af6e3243035474415378b03e3ee3233ee1789e41b758243e5272173f2716e941b10a603e2fff903ebcdd186241af66b0430357f84153375c3e3e14ea3ee1a0d041b84ad23e51aadc3f26c37641b1483d3e30030e3ebcdd00ca41af50e901be7fbd
2025-08-19T22:46:06.127179+00:00,1755643566.127179,31,bda0016ffd100a0ffd09c000000600022c790000fd210000fde5000058ffbd
2025-08-19T22:46:07.954537+00:00,1755643567.954537,250,bdaffd00011ffd200a89c00000020000fd21000543035b7c4153609f3e3df1f53ee1b08741b936e13e50f51b3f26802e41b17c653e2f4f0e3ebcdcd89741af460d43035f00415371d03e3d273d3ee1d53e41ba26693e5049d53f26406341b1b86f3e2f2a5b3ebcdcfd4b41af4ba34303628441537f903e3d14043ee1a44e41bafb473e4fa2103f26167241b205bf3e2f2dd93ebcdce85241af5030430366084153dc663e3c52063ee1a6ed41bbd1633e4f0d853f26072741b2476e3e2f15623ebcdd3a7741af51ad4303698c4153d5863e3c21193ee1815a41bcdc93a63e4e94f03f25cc9d41b28dfb3e2f33173ebcdcce1c41af508f018259bd
2025-08-19T22:46:07.956642+00:00,1755643567.956642,31,bda0016ffd100a0ffd09c100000600022c790000fd260000fde50000cd8bbd
2025-08-19T22:46:09.262662+00:00,1755643569.262662,251,bdaffd00011ffd200a89c10000020000fd26000543036d104153d2163e3b8acd3ee13fd041bcdd39393e4e0e5e3f25a2ab41b2e8d93e2f1fde3ebcdd212041af58cb4303709441539e833e3af4813ee0caba41bcddd45f3e4d39263f25714d41b32b4b3e2eaac73ebcdceaf341af5daf4303741841539e833e3acc503ee0b08241be5a653e4d43a33f2562e041b389ea3e2e456a3ebcdd052a41af68f14303779c415409183e3a36023ee08a1041bed6493e4c91623f25799741b3e6a93e2e472a3ebcdcfd4d41af749243037b204154401c3e3a08933ee0522341bf6b823e4c3d7e3f25856441b415a03e2e3aee3ebcdd1b0141af874e01e7b5bd
2025-08-19T22:46:09.266623+00:00,1755643569.266623,31,bda0016ffd100a0ffd09c200000600022c790000fd2b0000fde500000cc1bd
2025-08-19T22:46:10.582379+00:00,1755643570.582379,250,bdaffd00011ffd200a89c20000020000fd2b000543037ea441541dba3e3967cb3ee0054041bfb5353e4cec423f256abe41b471503e2e4e263ebcdced9341af9a0e43038228415435cc3e395b8e3edfa36041c020e73e4c42bcdd3f2577da41b4d1d73e2e3aed3ebcdd30da41af9eea430385ac41542eeb3e38fb713edf52fc41c069df3e4bd6623f25879341b51fa63e2e43ab3ebcdd116541afc289430389304154514e3e38a08f3edf0ed341c0b63c3e4b40173f258e2241b575533e2e1ef63ebcdd92b941afd9c643038cb441547a913e38b04a3edecfe941c0deb03e4b27a03f25b0a441b5cbc23e2e2b333ebcdd67e741afef8a01971bbd
2025-08-19T22:46:10.583785+00:00,1755643570.583785,31,bda0016ffd100a0ffd09c300000600022c790000fd300000fde50000e635bd
2025-08-19T22:46:11.926389+00:00,1755643571.926389,250,bdaffd00011ffd200a89c30000020000fd300005430390384154c6353e37e3d23ede892341c10f6d3e4b0ba93f25da2941b608453e2e24363ebcdd82ff41b00a22430393bcdc415504193e37f38c3ede513641c123e53e4b04ad3f25e4a341b65e623e2e43aa3ebcddab3041b024c94303974041555a0e3e380a453ede08b041c13af73e4b6d863f260bf641b698b03e2efeaa3ebcdd90f741b046ea43039ac4415394323e3813023edddc1f41c149543e4bc1693f2636c641b6dadb3e2ef42d3ebcddb06f41b05f5143039e484151226b3e3756423edd955641c14f643e4bafef3f26539e41b72a453e2ee7f13ebcddddde41b07c3001f493bd
2025-08-19T22:46:11.928176+00:00,1755643571.928176,31,bda0016ffd100a0ffd09c400000600022c790000fd350000fde500000accbd
2025-08-19T22:46:13.206777+00:00,1755643573.206777,245,bdaffd00011ffd200a89c40000020000fd3500054303a1cc415050ad3e3760c03edd44f241c13e043e4bf2573f267a8041b763c73e2ed8373ebe212541b0a7554303a550414f03293e3772393edcf72f41c11e9f3e4c54363f26975641b79cf33e2eeb703ebcddda5f41b0c4354303a8d4414e2a8b3e378fed3edc99b041c0ea723e4c3a003f26a40241b7dbce3e2ed4b63ebe362041b0e11e4303ac58414d70e03e374d843edc486b41c0b7613e4b93fa3f26c1b641b7fb663e2edbb53ebe178a41b0f9d04303afdc414d70e03e36e4ab3edbd97141c06f893e4b5dcd3f26cca341b822ed3e2ecbfa3ebe409b41b1285601d6b8bd
2025-08-19T22:46:13.211217+00:00,1755643573.211217,31,bda0016ffd100a0ffd09c500000600022c790000fd3a0000fde50000ca78bd
2025-08-19T22:46:14.518500+00:00,1755643574.518500,245,bdaffd00011ffd200a89c50000020000fd3a00054303b360414d3d4c3e3700a03edb6fb641c016b63e4b4c533f26e5fa41b857a13e2ed8363ebe16aa41b1393c4303b6e4414d3d4c3e3728d33edadc0941bfb5f33e4b375a3f26fb6441b86ac93e2ed9f53ebe1bea41b157464303ba68414d17793e3736ce3eda7a2d41bf523a3e4b40163f26f46541b886413e2ed1393ebe2d6341b187434303bcddec414d09b93e36864c3eda06d341bef2f93e4b305c3f270bfd41b899143e2ed4b73ebe22e641b19dc74303c170414cfbf83e36ae7d3ed9794641be79c03e4b33db3f2706bf41b8bf223e2edf333ebe06f041b1b81301d313bd
2025-08-19T22:46:14.519978+00:00,1755643574.519978,31,bda0016ffd100a0ffd09c600000600022c790000fd3f0000fde50000750abd
2025-08-19T22:46:15.878652+00:00,1755643575.878652,247,bdaffd00011ffd200a89c60000020000fd3f00054303c4f4414cbe143e36cfb13ed8f8d141be026d3e4b29603f2713db41b8abf43e2edd753ebe0fad41b1df174303c878414cbaa43e3682cb3ed89c3041bcdd6ed33e4b359a3f27042041b8c2853e2edbb43ebe14ec41b1eb194303cbfc414cb7343e3632693ed8122241bcdceb273e4b305c3f270b8c41b8c9443e2ecbfb3ebe433a41b20fdc4303cf80414cb7343e3651de3ed79b4b41bcdc872b3e4b45553f27057041b8c2e63e2eca3b3ebe495741b22b434303d304414cb3c43e366c143ed735ef41bbef313e4b3c973f26fb6341b8b4f33e2ec17d3ebe742a41b23c8a01afc1bd
2025-08-19T22:46:15.883323+00:00,1755643575.883323,31,bda0016ffd100a0ffd09c700000600022c790000fd440000fde50000ed66bd
2025-08-19T22:46:17.366572+00:00,1755643577.366572,245,bdaffd00011ffd200a89c70000020000fd4400054303d688414c87113e35c60d3ed6a08341bb66b93e4b3c963f26fa1441b8abec3e2ebfbe3ebe6fca41b255474303da0c414cbe143e35d7893ed6334741badb3e3e4b55103f26d2c041b8a1653e2ed9f53ebe116b41b26d524303dd90414c3edd3e35f8be3ed5b9d341ba59a13e4b51903f26dc5e41b887663e2ed9f53ebe16aa41b281f04303e114414c681e3e35de853ed53dbf41b9d1a23e4b6bc93f26b8fa41b8809e3e2ecf793ebe36fe41b297bf4303e498414c5dce3e3554753ed4e1ff41b937fe3e4b68473f26b81a41b85ebcdd3e2ed9f63ebe124c41b29457019ef2bd
2025-08-19T22:46:17.370570+00:00,1755643577.370570,31,bda0016ffd100a0ffd09c800000600022c790000fd490000fde5000098dabd
2025-08-19T22:46:18.646931+00:00,1755643578.646931,245,bdaffd00011ffd200a89c80000020000fd4900054303e81c414befc73e356ced3ed47e6041b8a7643e4b923a3f267b5f41b833da3e2edbb43ebe0dee41b2b2cb4303eba0414bf3373e35951f3ed3f61041b8270d3e4b80c03f26975441b81c7e3e2ed9f43ebe186941b2be024303ef24414bc3143e35bb933ed3695f41b79db53e4b97773f26777041b7f01f3e2eca3b3ebe4e9941b2d1314303f2a8414bbcdc343e3536c03ed3333441b71ad43e4bba6d3f2644c341b7d86c3e2ed1393ebe417d41b2cb8f4303f62c414ba7933e35120c3ed2a22541b682703e4baff03f264f3f41b7ac043e2ec87c3ebe53d541b2d78f01b500bd
2025-08-19T22:46:18.652406+00:00,1755643578.652406,31,bda0016ffd100a0ffd09c900000600022c790000fd4e0000fde500002936bd
2025-08-19T22:46:19.866379+00:00,1755643579.866379,249,bdaffd00011ffd200a89c90000020000fd4e00054303f9b0414b7e503e3536c13ed2332c41b5fbe03e4bbcdc2b3f263b9541b786643e2ed4b73ebe2c8241b2dd954303fd34414b587e3e3549f93ed1d84b41b57f793e4c138e3f26238d41b764293e2ee2b23ebcddf49541b2d551430400b8414aff183e34f7d63ed15df741b4eb6a3e4cb2963f25f0df41b722563e2eeb6f3ebcddcfe241b2d7904304043c414acef53e34acb03ed0eefc41b45be63e4cf1803f25dd3641b6e7463e2ef0ae3ebcddc64641b2de52430407c0414af4c83e34c1a73ed0a75541b3d5663e4cec423f25cf3b41b6be4b3e2ee9b03ebcdde3fc41b2dbab012e27bd
2025-08-19T22:46:19.867723+00:00,1755643579.867723,31,bda0016ffd100a0ffd09ca00000600022c790000fd530000fde50000908fbd
2025-08-19T22:46:21.778578+00:00,1755643581.778578,249,bdaffd00011ffd200a89ca0000020000fd53000543040b44414ac4a43e34e81c3ed0228441b34e353e4c50b93f25ad2641b6875f3e2efb2b3ebcdd9e1341b2daf543040ec8414a94813e34cfa43ecfcdc241b2cd693e4c34c13f258bf341b65fec3e2f03e63ebcdd82fd41b2dfde4304124c414a67ce3e3439573ecf774041b2422f3e4c47fb3f2573eb41b61cf93e2ef5ec3ebcddb3ed41b2cb2e430415d0414a3e8c3e345e0c3eceea9141b1bbcd3e4c57b53f255cc341b5e3693e2efea93ebcdd92b941b2cbf1430419544149ec063e3471453ecea58941b133fa3e4c5b333f253e9e41b5a8d03e2efea93ebcdd8f3941b2c28c019a75bd
2025-08-19T22:46:21.783368+00:00,1755643581.783368,31,bda0016ffd100a0ffd09cb00000600022c790000fd580000fde50000f064bd
2025-08-19T22:46:22.974768+00:00,1755643582.974768,251,bdaffd00011ffd200a89cb0000020000fd58000543041cd84149bf533e3489be3ece528441b0bad13e4bcf643f2509c141b57df73e2f10243ebcdd53ce41b2ac654304205c4149c6353e342b5e3ecde62d41b03a903e4ba7323f24fd1341b548353e2f09263ebcdd654741b2b07f430423e04149d0853e33e7333ecd73b341afbcdce53e4bbfa93f24d63141b4fa0c3e2f10243ebcdd5bab41b2a3be430427644149695f3e33fc2d3ecd234f41af322d3e4bd9e23f24ae6f41b4ba313e2f251d3ebcdd098941b294c143042ae84149627e3e3414a43eccbcdc3141aec4b73e4be45e3f249f9441b4744d3e2f289c3ebcdcffea41b27350014deebd
2025-08-19T22:46:22.976897+00:00,1755643582.976897,31,bda0016ffd100a0ffd09cc00000600022c790000fd5d0000fde50000f8c9bd
2025-08-19T22:46:24.183110+00:00,1755643584.183110,251,bdaffd00011ffd200a89cc0000020000fd5d000543042e6c41495b9e3e342edc3ecc6af141ae45543e4bf9573f24824f41b43d733e2f26dc3ebcdd044b41b26f93430431f0414984e13e3445933ecc1c4a41adc9433e4c138d3f2458ce41b4003b3e2f2f993ebcdcdb3741b25c6f43043574414b99d23e33c97f3ecbbcdc2c41ad57bcdd3e4c23493f24436641b3c7db3e2f219d3ebcdd14e341b24ad5430438f8414e72bf3e338e143ecb81a141acd3dc3e4c36813f242a0e41b37de43e2f38543ebcdccc5c41b2356e43043c7c41513a7c3e33af493ecb12a641ac53cb3e4c55f63f23f91e41b339333e2f49cf3ebcdc7cd741b2194501b9c9bd
2025-08-19T22:46:24.188181+00:00,1755643584.188181,31,bda0016ffd100a0ffd09cd00000600022c790000fd620000fde500000b97bd
2025-08-19T22:46:25.402979+00:00,1755643585.402979,250,bdaffd00011ffd200a89cd0000020000fd620005430440004156406c3e33c4423ecac78141abe6643e4c60723f23e81541b2fbff3e2f44903ebcdc8d7341b214c943044384415a90223e33d93a3eca6ae141ab74323e4c7c673f23bf0241b2bcdcec3e2f3f523ebcdcadc741b1fade43044708415a85d13e33f1b13eca225b41ab06793e4c91623f239d5e41b274733e2f598a3ebcdc398f41b1dc7543044a8c4159127a3e33e7353ec9d2d641aab1e63e4c00533f23832741b22f0a3e2f544c3ebcdc4beb41b1c22b43044e10415802d93e333a303ec98ead41aa3d763e4bcbe63f2354d741b1ec9c3e2f65c63ebcdc1cbb41b1accd01f9ebbd
2025-08-19T22:46:25.407507+00:00,1755643585.407507,31,bda0016ffd100a0ffd09ce00000600022c790000fd670000fde50000eac7bd
2025-08-19T22:46:26.695112+00:00,1755643586.695112,246,bdaffd00011ffd200a89ce0000020000fd670005430451944157492d3e33482c3ec969fa41a9e0443e4bf41a3f23230941b1a4273e2f5b4a3ebcdc353141b18e63430455184156d4463e3357e53ec9287241a99a4a3e4c0ad13f22f83941b1711e3e2f2dd73ebba42341b1783a4304589c41564e2e3e33705e3ec8cd9141a964bcdc3e4b64cb3f22be8c41b129753e2eaac73ebb8f2b41b15afa43045c2041561a9b3e32f9863ec8a10041a9228d3e4b55103f2272f641b0dff33e2eb0053ebb8c8d41b13edd43045fa44155cef53e32b7203ec8462141a90d923e4b22613f2218f541b0ae7a3e2eb3833ebb7cd141b120d501a2ddbd
2025-08-19T22:46:26.699737+00:00,1755643586.699737,31,bda0016ffd100a0ffd09cf00000600022c790000fd6c0000fde5000093cabd
2025-08-19T22:46:28.162477+00:00,1755643588.162477,248,bdaffd00011ffd200a89cf0000020000fd6c0005430463284155cb853e32bcdc5e3ec839e441a8ec453e4ab4473f21cc7f41b06ae93e2ec6bcdc3ebb424541b0ffdf430466ac4155bcddc43e31ec653ec7f31d41a901403e49ed0e3f215a7941b029463e2e24353ebb027c41b0df9a43046a30415541fd3e3204dc3ec7a39a41a9049e3e494c453f20f74a41afee043e2e01433ebadcea41b0bf5543046db4415548dd3e31c2743ec786c341a934863e48bcdcf63f2080e241afc3ab3e2dfdc33ebaed8441b0ac934304713841557c703e3131663ec7620d41a977d53e48bb363f201e2541af92ec3e2e01423ebae06741b07f3501c535bd
2025-08-19T22:46:28.163836+00:00,1755643588.163836,31,bda0016ffd100a0ffd09d000000600022c790000fd710000fde50000388cbd
2025-08-19T22:46:29.659077+00:00,1755643589.659077,247,bdaffd00011ffd200a89d00000020000fd710005430474bcdc41558da13e311fed3ec74df541a9bcdcb33e47df023f1fb7ea41af6b263e2d597c3ebab21741b0660f43047840415572203e30686c3ec7232541aa299b3e46ef963f1f3e0241af46123e2d44843eba59d741b0468943047bc4415572203e3074a73ec7011041aa95703e463b943f1ec95c41af26293e2d3bc63eba7b0b41b02ca143047f48415583513e2f9bf23ec6f07641ab14593e462d9b3f1e4e9741aeffef3e2d5eba3eb9ffd641b00cc4430482cc41554fbcdd3e2f9a323ec6f93341abc7b53e4570dc3f1de8ca41aee6cf3e2c89843eb9dce241afef8501167dbd
2025-08-19T22:46:29.662764+00:00,1755643589.662764,31,bda0016ffd100a0ffd09d100000600022c790000fd760000fde50000ab06bd
2025-08-19T22:46:31.155366+00:00,1755643591.155366,246,bdaffd00011ffd200a89d10000020000fd76000543048650415530cc3e2edd753ec6e89a41ac64ff3e440a973f1d6fc441aee2563e2c92423eb9bbad41afcf45430489d441551f9a3e2ebcddff3ec6e51a41ad2be13e437d0b3f1cfb8d41aed8953e2c86063eb9e4bf41afbb6c43048d584154ec083e2e5fa13ec6eeb741adfabb3e436b903f1c867541aedb373e2bbcdd0b3eb9937c41af9dd1430490dc4154c9a53e2ddc903ec6e27b41aed59e3e4215073f1bf48741aed7193e2bc9493eb96d0a41af808f43049460415496123e2d96a73ec7136b41afad273e4115df3f1b94da41aee5563e2bccc63eb96a6b41af6e32014ab0bd
2025-08-19T22:46:31.160291+00:00,1755643591.160291,31,bda0016ffd100a0ffd09d200000600022c790000fd7b0000fde500004708bd
2025-08-19T22:46:32.514920+00:00,1755643592.514920,244,bdaffd00011ffd200a89d20000020000fd7b0005430497e44154771f3e2cf2603ec7152b41b0a33a3e40c8fa3f1b313c41aef15b3e2b1c443eb8f39341af4c7043049b6841542b7b3e2cbfb13ec71de741b1a00e3e406c5a3f1a9bd141af17f63e2b058b3eb9042e41af329143049eec4153ea273e2c0f2f3ec7208641b2aae93e3f0b553f1a4bdb41af1f133e2b074b3eb9096c41af29ee4304a2704153d2163e2be37e3ec718a741b3b3f63e3e0ded3f19e83f41af4b493e2a77fd3eb8f55141af250f4304a5f441539b123e2b383a3ec7011041b4b9713e3e45da3f197e1341af7c0a3e2a35943eb8cc4241af0e30011cc7bd
2025-08-19T22:46:32.517531+00:00,1755643592.517531,31,bda0016ffd100a0ffd09d300000600022c790000fd800000fde50000120dbd
2025-08-19T22:46:33.827443+00:00,1755643593.827443,247,bdaffd00011ffd200a89d30000020000fd8000054304a978415383003e2b3bb93ec6fcb141b5c5623e3d91d93f190f8a41afa9693e2a41cf3eb8af6c41aefc314304acfc415375403e2a63033ec6defd41b6d53a3e3c53c63f18bcddd641afe9863e2a550a3eb85f0741af010c4304b08041535d2f3e2a32143ec6ba4941b7bed53e3b6d163f18628541b036cb3e29c3fb3eb860c641aeea324304b40441534bfd3e299d893ec6825d41b8c8903e3b9fc53f18011641b07bcf3e2985123eb82e1941aedf574304b788415359bcdd3e291fb53ec6578b41b9bf923e3af8003f17c8bcdc41b0cd353e298dce3eb80f8341aed29a014cccbd
2025-08-19T22:46:33.835270+00:00,1755643593.835270,31,bda0016ffd100a0ffd09d400000600022c790000fd850000fde500000633bd
2025-08-19T22:46:35.006346+00:00,1755643595.006346,247,bdaffd00011ffd200a89d40000020000fd8500054304bb0c4153564d3e28e9863ec5ecf141baa01a3e3a493d3f177cb541b10f373e299bca3eb7d87541aee1934304be90415352dd3e2832063ec58e9141bb7e173e39026e3f1751e441b165db3e2978d53eb7f9ab41aee13b4304c2144153564d3e282b093ec53f0e41bcdc4cb53e38cc403f17128b41b1be703e28ca123eb7bba041aedada4304c59841535d2f3e2778c63ec4da9041bcdcfc143e38c0043f16f38541b219333e28ca133eb7b12341aee9754304c91c415378b03e27365e3ec477d241bcddb44a3e38b20b3f16dbee41b270b13e28b51a3eb807a541aef99201b78ebd
2025-08-19T22:46:35.007651+00:00,1755643595.007651,31,bda0016ffd100a0ffd09d500000600022c790000fd8a0000fde50000c162bd
2025-08-19T22:46:36.291173+00:00,1755643596.291173,246,bdaffd00011ffd200a89d50000020000fd8a00054304cca0415359bcdd3e26c6853ec42bcd41be39ea3e37f1cc3f16c14741b2d0ce3e28cbd23eb7c37d41aefecf4304d0244153451d3e264fad3ec3d00d41becbae3e37f00f3f16bcdc7941b32a303e28afdb3eb80a4441af0a6f4304d3a841537f903e261ec03ec37d0941bf47a33e37ead03f16ca7241b38e103e28bf953eb7e67241af19704304d72c415397a23e25ce5c3ec3134f41bfb4d13e37dcd53f16e20c41b3e70f3e28aa9d3eb827fa41af346e4304dab04153ac433e2567403ec2e26041c00fe13e37cd1b3f16fbd341b451be3e2899223eb85d4941af520c01501fbd
2025-08-19T22:46:36.295801+00:00,1755643596.295801,31,bda0016ffd100a0ffd09d600000600022c790000fd8f0000fde5000085b9bd
2025-08-19T22:46:37.667580+00:00,1755643597.667580,244,bdaffd00011ffd200a89d60000020000fd8f00054304de344153ea273e257df73ec2911c41c056943e37bba03f170fed41b4a33f3e28a55e3eb8271b41af5a4b4304e1b841542b7b3e258a333ec26d4741c0967c3e378e2f3f17580341b4ee0c3e2895a33eb86fa141af81514304e53c4154703f3e2521573ec246d441c0de4a3e377af63f176eba41b557a13e289ca13eb8510d41af95924304e8c04154c9a53e24c6763ec2118641c115e63e37627f3f17952e41b5a68a3e288ce63eb88c7641afc04b4304ec4441534bfd3e24cd753ec1e41941c1194c3e374f443f17b04341b5ec723e2923333eb8c9a341afd7ed01232ebd
2025-08-19T22:46:37.672883+00:00,1755643597.672883,31,bda0016ffd100a0ffd09d700000600022c790000fd940000fde500006092bd
2025-08-19T22:46:38.874704+00:00,1755643598.874704,246,bdaffd00011ffd200a89d70000020000fd9400054304efc841519ac23e24e26e3ec1a0cf41c1201c3e3728d33f17e60241b642343e29659c3eb8abec41affb904304f34c415031bcdc3e24f3e73ec16d4141c11fb33e37a16a3f180d5341b684063e295cdf3eb8cb6141b022274304f6d0414f28fb3e24b17e3ec11a3f41c106023e37ead03f182daa41b6d1d73e2959603eb8d6be41b0414b4304fa54414e3f2c3e2441a63ec0c3bcdd41c0e8893e37cb5b3f185b1941b70ce43e293baa3eb9327f41b0696e4304fdd8414d93413e2462d93ec0568241c09b5f3e37b4a23f1879ae41b749733e29382c3eb9407941b083a9015c54bd
2025-08-19T22:46:38.879382+00:00,1755643598.879382,31,bda0016ffd100a0ffd09d800000600022c790000fd990000fde50000e20fbd
2025-08-19T22:46:40.131075+00:00,1755643600.131075,247,bdaffd00011ffd200a89d80000020000fd9900054305015c414d10993e247ed03ebff66341c054543e37b4a23f187eec41b781223e29382b3eb94af541b0a2d1430504e0414cb7343e242e6a3ebf9fe141bfeb9b3e3796ec3f18abec41b7a6c33e294d243eb8fa9141b0c7f743050864414cd2b53e23de073ebf220e41bf8fc93e3796ed3f18aa2c41b7e1713e292dae3eb96b4a41b0e8f643050be8414cbe143e2402bb3ebea43941bf33fb3e3787323f18beb541b7f7433e2949a53eb9106a41b10f3343050f6c414c94d23e23d70b3ebe38bcdd41bebcdcf23e377e743f18c77341b8282f3e29366c3eb951f241b1285c015cbcddbd
2025-08-19T22:46:40.136561+00:00,1755643600.136561,31,bda0016ffd100a0ffd09d900000600022c790000fd9e0000fde500006a67bd
2025-08-19T22:46:41.451976+00:00,1755643601.451976,251,bdaffd00011ffd200a89d90000020000fd9e0005430512f0414cb7343e2361f33ebcddd36141be1c753e3785723f18c07441b8209a3e2940e93eb9248241b14a7a43051674414c98423e238be53ebcdd38b741bcdda89d3e37a1693f18caf141b83dfd3e2934ad3eb94cb441b17300430519f8414ca9723e23ab573ebcdcc2bf41bcdd01ca3e37e0533f18c70241b8464c3e29312e3eb9573241b18ec943051d7c414c87113e234b3c3ebcdc46ac41bcdc78703e3803473f18daac41b8561b3e2a0d613eb9698b41b1ae4f43052100414c6b8f3e23118f3ebbd0b541bbedad3e3811423f18ca8241b849543e2a1d1b3eb9397b41b1cb3401d728bd
2025-08-19T22:46:41.456816+00:00,1755643601.456816,31,bda0016ffd100a0ffd09da00000600022c790000fda30000fde50000adf1bd
2025-08-19T22:46:43.079998+00:00,1755643603.079998,245,bdaffd00011ffd200a89da0000020000fda3000543052484414c5dce3e2332c33ebb629b41bb555d3e37f1cc3f18b04b41b84ef53e2a129f3eb95f0f41b1e7b543052808414c6eff3e23134f3ebaceee41babcdc5a3e37b8213f18c07541b83f233e2a1edc3eb92fde41b1f4d943052b8c414c6eff3e229aba3eba6a7041ba32113e378e2f3f18b58a41b82bec3e2a10e03eb958f141b2217f43052f10414c37fb3e22ba2e3eb9fa9941b998653e37a4e73f18976541b813803e2a145f3eb94af441b22f0243053294414c159a3e22dd203eb9820241b8fc1e3e37b8213f187a1f41b7f98a3e29f32a3eb9c0ec41b2422301ac7ebd
2025-08-19T22:46:43.084092+00:00,1755643603.084092,31,bda0016ffd100a0ffd09db00000600022c790000fda80000fde50000d94bbd
2025-08-19T22:46:44.508538+00:00,1755643604.508538,244,bdaffd00011ffd200a89db0000020000fda8000543053618414c0eb83e222e5e3eb9088b41b86e8e3e37b4a13f187b6d41b7e7153e29ff653eb9a17641b258ae4305399c414c159a3e223c593eb8a5ce41b7c7813e37c45c3f1869f341b7c1203e2a0ba23eb96a6b41b263f443053d20414bfa173e225bcd3eb836d541b736453e37c99b3f185b8941b7a8a13e2a17de3eb9407941b26f35430540a4414ba4233e22355c3eb7ced941b69df13e37ec8e3f182b0a41b784203e2a17de3eb9485541b26db943054428414bb8c33e21be843eb75b8141b60f103e37ead03f18319741b74fd53e2a10e03eb9636c41b2867501a4babd
2025-08-19T22:46:44.513352+00:00,1755643604.513352,31,bda0016ffd100a0ffd09dc00000600022c790000fdad0000fde50000057abd
2025-08-19T22:46:45.772162+00:00,1755643605.772162,245,bdaffd00011ffd200a89dc0000020000fdad0005430547ac414b92f23e21da7b3eb6f7e341b577f23e37fe093f1815a041b71b8b3e2a0f203eb96deb41b28e5a43054b30414b708f3e21f6713eb6abde41b4dadd3e3818403f17ea5f41b6fbf73e2a241a3eb915a641b287f943054eb4414b92f23e220eea3eb63c0541b44c223e384aef3f17a16a41b6bfd13e2a1d1b3eb9343d41b2951c43055238414b17293e216aa33eb5d40b41b3bb833e383cf43f17b19441b68ffd3e2a2b173eb9122941b2951c430555bcdc414b69af3e216e213eb5619141b31ca43e3840733f17b20241b664673e2a37533eb8d17e41b29edf012937bd
2025-08-19T22:46:45.777774+00:00,1755643605.777774,31,bda0016ffd100a0ffd09dd00000600022c790000fdb20000fde50000f9b0bd
2025-08-19T22:46:46.979539+00:00,1755643606.979539,244,bdaffd00011ffd200a89dd0000020000fdb2000543055940414b398c3e218bd63eb5087141b28f173e3863663f1781f241b62ba23e2a17dd3eb93cfa41b2994243055cc4414aff183e21a44e3eb49f9541b209e23e3871613f176acc41b5ed363e2a2b173eb8f71241b290f943056048414b2f3b3e2116bf3eb4246041b172403e37cd1a3f1754f341b5b6b53e2a32153eb8e83941b294c0430563cc414984e13e20fe473eb3e3b541b0e83b3e379a6b3f17422c41b57ebb3e2a3e513eb8c00441b2843443056750414acb853e211bfd3eb37d7a41b05dcc3e37de933f16dbed41b53c313e2a470e3eb89ed141b2777c019368bd
2025-08-19T22:46:46.983864+00:00,1755643606.983864,31,bda0016ffd100a0ffd09de00000600022c790000fdb70000fde5000032a0bd
2025-08-19T22:46:48.959597+00:00,1755643608.959597,245,bdaffd00011ffd200a89de0000020000fdb7000543056ad4414a6eae3e2132b53eb3229b41afc52f3e37d2563f16f1c641b4f5303e2a454e3eb8aa2d41b273b743056e58414a569d3e20db533eb2c6d741af352b3e37e0533f16da2e41b4ca543e2a39123eb8ce0041b25a8c430571dc414a15493e20956d3eb24e4341aebaff3e37fa8b3f16b6ca41b485363e2a4c4c3eb882dc41b25af2430575604149f2e83e20a8a53eb2069c41ae25dd3e380a443f169fa241b443d73e2a518b3eb8724041b25c73430578e441499cf23e20c11e3eb1ae5941ada2ae3e3822bcdd3f16769041b402753e2a470d3eb889d741b23f8a010b76bd
2025-08-19T22:46:48.962449+00:00,1755643608.962449,32,bda0016ffd100a0ffd09df00000600022c790000fdbcdc0000fde50000117dbd
2025-08-19T22:46:50.456117+00:00,1755643610.456117,247,bdaffd00011ffd200a89df0000020000fdbcdc000543057c68414992a13e20d9953eb14f1d41ad13863e3837b63f165b0a41b3ad343e2a5c063eb84bce41b2248243057fec414973af3e209e293eb0f89a41ac9bad3e385c693f16262e41b373633e2a5f843eb83dd341b215e0430583704149f6583e202ad13eb0b1d141abfd3c3e386de33f160e9441b33db33e2a79bcdc3eb7e67041b2097d430586f4414bab033e2046c73eb0529441ab748d3e379a6b3f15f8bcdd41b2e8d93e2a7d3a3eb7cfb741b1e75943058a78414e573e3e2056813eb013a741aaf6673e3798ab3f15e0b441b2a1e23e2a747c3eb7f00f41b1dbb301d314bd
2025-08-19T22:46:50.460694+00:00,1755643610.460694,31,bda0016ffd100a0ffd09e000000600022c790000fdc10000fde500004263bd
2025-08-19T22:46:51.772051+00:00,1755643611.772051,244,bdaffd00011ffd200a89e00000020000fdc1000543058dfc415284913e206d3a3eafba8941aa88513e37a8653f15c67d41b25baf3e2a58863eb7f38c41b1cfb2430591804156de973e2083f33eaf7e3e41aa19223e37cb5b3f15974e41b20a3e3e29c77c3eb7b12441b1ae4c43059504415bd6c63e1fc0353eaf2a5b41a989143e37db133f1585d441b1c1133e29b4413eb78b9141b1988a43059888415ab5f43e1fd5303eaedad541a91bcc3e37f1cc3f1563c041b186863e29ad423eb7a08941b1801d43059c0c4159384c3e1febe93eae87d341a8b8fb3e380c043f15373041b139fd3e29d0363eb729b141b15a43016318bd
2025-08-19T22:46:51.777167+00:00,1755643611.777167,31,bda0016ffd100a0ffd09e100000600022c790000fdc60000fde50000f741bd
2025-08-19T22:46:53.171875+00:00,1755643613.171875,245,bdaffd00011ffd200a89e10000020000fdc6000543059f904157d9963e1ffba13eae49c941a847a43e38263c3f1515fd41b0f9753e29c07c3eb7627e41b13c3c4305a31441571c7a3e2007dc3eade9ab41a7e7e73e37105c3f14d40241b0b1713e29e1b13eb6e58b41b1297e4305a698415674003e1f4e9d3eadaba041a7816f3e369d033f148dab41b063073e29e8af3eb6d33041b1099d4305aa1c415624eb3e1f67143ead57bcdc41a73ed63e37414b3f14421541b02fac3e29efad3eb6563c41b0ebf54305ada04155c8153e1f61d63ead059741a70b933e37041f3f13f7ce41afdc673e2932ee3eb6334741b0c9d60120f3bd
2025-08-19T22:46:53.176236+00:00,1755643613.176236,31,bda0016ffd100a0ffd09e200000600022c790000fdcb0000fde500006883bd
2025-08-19T22:46:54.411941+00:00,1755643614.411941,245,bdaffd00011ffd200a89e20000020000fdcb00054305b1244155c1353e1ec2ce3eac94e041a6d5c53e3658db3f138fd341af964c3e2934ad3eb63a4641b0b47c4305b4a8415591113e1ee0843eac2dc341a6e0f03e35e2033f133b8041af53f23e2944663eb5f8bcdd41b084654305b82c41556eb03e1e7ce73eabe00041a6cd7e3e353f7e3f12c3ca41af15ad3e28db8c3eb5d40941b0750a4305bbb0415567ce3e1e30013eab889e41a6edad3e34f9963f12298f41aee43a3e2887aa3eb583a541b049334305bf34415548dd3e1de4dc3eab2e9e41a702fe3e346dc63f11dbcb41aea05f3e2895a33eb5555541b01da1018841bd
2025-08-19T22:46:54.415834+00:00,1755643614.415834,31,bda0016ffd100a0ffd09e300000600022c790000fdd00000fde50000ba42bd
2025-08-19T22:46:56.052204+00:00,1755643616.052204,246,bdaffd00011ffd200a89e30000020000fdd000054305c2b841554c4d3e1d883c3eaad03d41a74e263e33d77a3f114e3c41ae79643e2868343eb55c5341b00ea64305c63c4155569e3e1d39973eaa79bcdc41a7995f3e33466d3f10b32241ae49103e27c3ee3eb52e0341afeda74305c9c041554fbcdd3e1cd97a3eaa359341a808d13e32c8993f10346e41ae25d23e27daa63eb4cec441afc7cb4305cd44415529ec3e1c9a8e3ea9d9d341a879cd3e3226113f0fa60041adff393e27e1a33eb4c28a41afab4a4305d0c841551f9a3e1c23b93ea9ad4241a904373e31790c3f0f14f141adde343e272a223eb4951941af8632014cc6bd
2025-08-19T22:46:56.056442+00:00,1755643616.056442,31,bda0016ffd100a0ffd09e400000600022c790000fdd50000fde50000ffbbbd
2025-08-19T22:46:57.271292+00:00,1755643617.271292,244,bdaffd00011ffd200a89e40000020000fdd500054305d44c415500a93e1c3def3ea9596041a9b1d93e30da043f0e876241adb5643e2723253eb4554e41af67114305d7d04154f6583e1b6fb73ea9279141aa5f843e305c303f0df65541adb7ad3e26fcb33eb40be741af508f4305db544154bf553e1b7db23ea902de41ab2b2a3e2fb0ec3f0d78f141ada24c3e2661293eb3f45141af2d4b4305ded841545f0e3e1af5613ea8d9cc41ac03fc3e2f10243f0cd20c41ad952e3e26809d3eb37e5a41af0d734305e25c4154280b3e1aadbb3ea8cd9141acedb43e2e711b3f0c45cc41ad9b323e25ff4b3eb3626241aef450011bbabd
2025-08-19T22:46:57.275859+00:00,1755643617.275859,31,bda0016ffd100a0ffd09e500000600022c790000fdda0000fde500008956bd
2025-08-19T22:46:58.798903+00:00,1755643618.798903,247,bdaffd00011ffd200a89e50000020000fdda00054305e5e041540c8a3e1a82093ea8976341ade91b3e2e09fe3f0bbf3c41adc03a3e25aee63eb34e4a41aecca34305e9644153d2163e19e83f3ea886c941aef87a3e2d63f93f0b3d7741adbcdc1e3e25bcdce23eb31d5b41aebcdce54305ece841534bfd3e19fb793ea842a041b001f03e2cd66a3f0ac5c141addba43e2508e03eb2e03141aea4844305f06c41530aa93e192d403ea83ba341b12b013e2c39203f0a49ac41adfcf23e25135d3eb2625c41ae95814305f3f0415322bb3e192f003ea8073541b23ff03e2bd9023f09bb3f41ae2f303e251a5a3eb2490441ae837c01f1e0bd
2025-08-19T22:46:58.800443+00:00,1755643618.800443,31,bda0016ffd100a0ffd09e600000600022c790000fddf0000fde50000995abd
2025-08-19T22:47:00.531284+00:00,1755643620.531284,245,bdaffd00011ffd200a89e60000020000fddf00054305f7744152e8463e18e59a3ea7cf4b41b3723d3e2b44753f094b6541ae544c3e24878d3eb2386a41ae70c44305faf84152ef283e1875c03ea793de41b494fc3e2ab1a73f08d8ed41ae90a23e244a633eb21ab441ae57a74305fe7c415299323e184a0f3ea75f7041b5b8fe3e2a3e513f08556a41aed2963e246d563eb19b2141ae538f430602004152bf043e17ae853ea741ba41b6cffc3e299a0a3f07faf941af0c513e23ec033eb1ccf041ae58064306058441527db03e17b2043ea6d3a141b7f1a63e29659d3f07a47741af67cb3e2384e63eb1bcdd3441ae4499014c77bd
2025-08-19T22:47:00.536342+00:00,1755643620.536342,31,bda0016ffd100a0ffd09e700000600022c790000fde40000fde500005383bd
2025-08-19T22:47:02.455082+00:00,1755643622.455082,68,bdaffd00011ffd200a89e70000020000fde4000143060908415292513e1705003ea6a39241b8f6793e290ff93f0751e441afb2113e2399e03eb16a3241ae40d400a46cbd
2025-08-19T22:47:05.182795+00:00,1755643625.182795,18,bdaffd70010ffd00010a740174200a4832bd
2025-08-19T22:47:05.183425+00:00,1755643625.183425,14,bda0013ffd00010ffd8a74f83abd
2025-08-19T22:47:05.570676+00:00,1755643625.570676,12,bdaffd00010ffd000194e1bd
