leaf,table,frame_len,request_mode,n_hint,signed16_be@20,signed16_be@22,anchor_off,anchor_sec_le,anchor_iso,tcp_stream,frame_number,src_file,frame_hex
S2M,1,27,,,,,,,,0,1,S2M_Table1.tsv,bda0016ffd10060ffd09f900000500022c79000000010000e0f9bd
S2M,1,31,last_n,1015,-1015,0,,,,0,4,S2M_Table1.tsv,bda0016ffd10060ffd09fa00000600022c790000fc090000fe9800002224bd
S2M,1,246,,,,,,,,0,6,S2M_Table1.tsv,bdaffd00011ffd200689fa0000020000fc09000542fcb2684153cb363e23ab593e8c0c9041b638043e41ecd63ead3f4641b3a9133eb8c4633f05048241b48bf942fcb5ec415397a23e23ec033e8cce8d41b7152d3e41c6633eada66041b3bff73eb8c1c43f05048141b4829442fcb970415390c23e243aa93e8d2a4d41b7e6bb3e410b633ead685741b3d0e63eb8c4623f05072141b4750e42fcbcdcf441536aef3e24276f3e8d677641b8b3153e4133963eacbfb141b3d8693eb8c1c33f05190b41b463cc42fcc078415359bcdd3e2412753e8dc4f641b96b2f3e4075163eaccf6d41b415a43eb8c0e33f05112d41b457c7014445bd
S2M,1,31,last_n,1010,-1010,0,,,,0,7,S2M_Table1.tsv,bda0016ffd10060ffd09fb00000600022c790000fc0e0000fe9800005a66bd
S2M,1,31,last_n,1005,-1005,0,,,,0,10,S2M_Table1.tsv,bda0016ffd10060ffd09fc00000600022c790000fc130000fe9800006cafbd
S2M,1,31,last_n,1000,-1000,0,,,,0,13,S2M_Table1.tsv,bda0016ffd10060ffd09fd00000600022c790000fc180000fe9800000146bd
S2M,1,31,last_n,995,-995,0,,,,0,16,S2M_Table1.tsv,bda0016ffd10060ffd09fe00000600022c790000fc1d0000fe9800005bccbd
S2M,1,245,,,,,,,,0,18,S2M_Table1.tsv,bdaffd00011ffd200689fe0000020000fc1d000542fcf8b84154280b3e2407fa3e91093341c403243e3dd4403eacd2eb41b803b03eb8a2503f06010a41b4973942fcfc3c4154514e3e23f3003e91529b41c466793e3dc9c43eacf4fe41b82f563eb8a32f3f0603aa41b4ab7d42fcffc041546ccf3e240d363e90e64041c4b2fe3e3dd4413eacc94e41b871f03eb8a32f3f060d4541b4c08a42fd03444154e1b63e23f83e3e9143bf41c4f1ec3e3dbcdd893ead20b041b8c1663eb89ed13f06388641b4de4042fd06c841539b123e2412753e90e1e241c519003e3dbbcb3ead2f8a41b90f553eb8a40f3f06072741b4e3e3012628bd
S2M,1,31,last_n,990,-990,0,,,,0,19,S2M_Table1.tsv,bda0016ffd10060ffd09ff00000600022c790000fc220000fe9800003cefbd
S2M,1,31,last_n,985,-985,0,,,,0,22,S2M_Table1.tsv,bda0016ffd10060ffd090100000600022c790000fc270000fe9800008899bd
S2M,1,31,last_n,980,-980,0,,,,0,25,S2M_Table1.tsv,bda0016ffd10060ffd090200000600022c790000fc2c0000fe9800009610bd
S2M,1,31,last_n,975,-975,0,,,,0,28,S2M_Table1.tsv,bda0016ffd10060ffd090300000600022c790000fc310000fe980000546dbd
S2M,1,245,,,,,,,,0,30,S2M_Table1.tsv,bdaffd00011ffd200689030000020000fc31000542fd3f08415019aa3e22973a3e8cf95e41c046503e3efd5b3eaeeeee41bbad9e3eb88ff63f069d7341b68cff42fd428c41500be93e21fbaf3e8c932041bfb8993e3f02993eaed59741bbb8823eb891b53f069c9441b699cf42fd4610414fe9863e21f9ef3e8c234741bf2f6e3e3f00d93eaee63241bbba653eb889d73f06c61541b6b54042fd4994414fd4e53e220d2a3e8bd9e241bea3af3e3f0b553eaea2e941bbabae3eb888f73f06ced241b6c7aa42fd4d18414fbcdcd43e21f8313e8bccc541be203c3e3f8ae93eae81b441bbabb13eb88e373f06a5c141b6ebc701cc47bd
S2M,1,31,last_n,970,-970,0,,,,0,31,S2M_Table1.tsv,bda0016ffd10060ffd090400000600022c790000fc360000fe980000c734bd
S2M,1,31,last_n,965,-965,0,,,,0,34,S2M_Table1.tsv,bda0016ffd10060ffd090500000600022c790000fc3b0000fe980000eaafbd
S2M,1,245,,,,,,,,0,36,S2M_Table1.tsv,bdaffd00011ffd200689050000020000fc3b000542fd6230414f3a2b3e20ee8d3e89d11641bae2623e3ff7443eae640041bb40a23eb88c773f06afcc41b74e6a42fd65b4414f3a2b3e2103863e8987b041ba666d3e400c3d3eae0d7d41bb2ca93eb889da3f06c06741b75a0142fd6938414f36bb3e210e023e895e9f41b9ed7d3e4000003eae3d8d41baf5fc3eb88ab73f06c3e641b75a6242fd6cbcdc414f17ca3e20afa23e890f1a41b968923e4000003eae392f41baf23d3eb88b973f06c14741b75e2442fd7040414f0a093e20647e3e88b51a41b8e7043e3ff7433eae58a341bacaac3eb888fa3f06cf4141b769c901272ebd
S2M,1,31,last_n,960,-960,0,,,,0,37,S2M_Table1.tsv,bda0016ffd10060ffd090600000600022c790000fc400000fe9800000b64bd
S2M,1,31,last_n,955,-955,0,,,,0,40,S2M_Table1.tsv,bda0016ffd10060ffd090700000600022c790000fc450000fe980000ccaebd
S2M,1,31,last_n,950,-950,0,,,,0,43,S2M_Table1.tsv,bda0016ffd10060ffd090800000600022c790000fc4a0000fe980000a511bd
S2M,1,245,,,,,,,,0,45,S2M_Table1.tsv,bdaffd00011ffd200689080000020000fc4a000542fd96ec414e9f723e1f884b3e85a0ec41b35c803e3f64753ead589c41b8fa973eb895353f0677e041b763bcdd42fd9a70414f06993e1f8f493e858b1341b2e7543e3f796e3eacea8241b8c88d3eb896133f06651741b75fa342fd9df4415061df3e1f92c63e854ec741b26b733e3f806c3eacd4aa41b88acd3eb897d33f065f6841b75a6642fda178415311893e1edec53e850fdd41b1e99a3e3f90273eac993f41b875b93eb896f43f065f6941b75f4542fda4fc4155fba83e1eeb003e84dc4f41b18e6d3e3f9aa33eac702f41b82d113eb89b523f0646f241b7515c0179f5bd
S2M,1,31,last_n,945,-945,0,,,,0,46,S2M_Table1.tsv,bda0016ffd10060ffd090900000600022c790000fc4f0000fe9800004ad7bd
S2M,1,31,last_n,940,-940,0,,,,0,49,S2M_Table1.tsv,bda0016ffd10060ffd090a00000600022c790000fc540000fe980000a5c3bd
S2M,1,31,last_n,935,-935,0,,,,0,52,S2M_Table1.tsv,bda0016ffd10060ffd090b00000600022c790000fc590000fe98000023acbd
S2M,1,31,last_n,930,-930,0,,,,0,55,S2M_Table1.tsv,bda0016ffd10060ffd090c00000600022c790000fc5e0000fe9800005c2fbd
S2M,1,31,last_n,925,-925,0,,,,0,58,S2M_Table1.tsv,bda0016ffd10060ffd090d00000600022c790000fc630000fe9800005dfbbd
S2M,1,245,,,,,,,,0,60,S2M_Table1.tsv,bdaffd00011ffd2006890d0000020000fc63000542fdeed0415488513e1e89213e864a6f41b3591b3e3af2c13ea77e0541b4b7ec3eb7ed6f3f061a6141b5cb0642fdf2544154401c3e1efe393e869f3341b41fc63e3aebc43ea77d2541b4c4b43eb7e8303f0641b341b5d10b42fdf5d841544a6c3e1f1bef3e87373d41b4ee043e3a65323ea708ee41b4ad043eb7e8303f06429441b5b5f942fdf95c4154438c3e1f01b93e87a47841b5f1bcdc3e3a32833ea71c2741b4b5ab3eb7ee4f3f06160241b58ee242fdfce041541dba3e1ee0843e88320741b6b5a53e39f01d3ea6d02241b4b60b3eb7e7503f063ce441b585df01c905bd
S2M,1,31,last_n,920,-920,0,,,,0,61,S2M_Table1.tsv,bda0016ffd10060ffd090e00000600022c790000fc680000fe9800004a11bd
S2M,1,31,last_n,915,-915,0,,,,0,64,S2M_Table1.tsv,bda0016ffd10060ffd090f00000600022c790000fc6d0000fe9800004dacbd
S2M,1,31,last_n,910,-910,0,,,,0,67,S2M_Table1.tsv,bda0016ffd10060ffd091000000600022c790000fc720000fe980000efffbd
S2M,1,31,last_n,905,-905,0,,,,0,70,S2M_Table1.tsv,bda0016ffd10060ffd091100000600022c790000fc770000fe980000bf5abd
S2M,1,245,,,,,,,,0,72,S2M_Table1.tsv,bdaffd00011ffd200689110000020000fc77000542fe352041529ca23e1ff1253e8d932741c41e753e353a3f3ea5436c41b7de123eb71bb93f06ff5141b54f5d42fe38a44152a6f23e1fef663e8d924941c4c3b73e34d3223ea51c1941b815003eb7175b3f07201541b54b9542fe3c284152e8463e1fd5303e8dfdc241c562913e34c3673ea5604141b874953eb7175b3f07357f41b5646942fe3fac415314f93e1fd3703e8e014241c5d9bf3e34bcdc693ea56ffe41b8ab8b3eb712fb3f074bc641b579d542fe433041533acc3e1fc8f33e8e243541c6712a3e34b1ed3ea5990e41b900423eb7113d3f0766dd41b58f3d01a92dbd
S2M,1,31,last_n,900,-900,0,,,,0,73,S2M_Table1.tsv,bda0016ffd10060ffd091200000600022c790000fc7c0000fe980000ed29bd
S2M,1,31,last_n,895,-895,0,,,,0,76,S2M_Table1.tsv,bda0016ffd10060ffd091300000600022c790000fc810000fe9800000f24bd
S2M,1,245,,,,,,,,0,78,S2M_Table1.tsv,bdaffd00011ffd200689130000020000fc81000542fe58484152d3a53e1facfd3e8e8b5141c88b103e3533413ea6e7b941bada793eb7627f3f07a24941b5e85742fe5bcc415238ec3e1fb23b3e8e7ab741c8b3613e3538803ea6e19b41bb28863eb767bcdd3f07700b41b61a5642fe5f50415208c93e1fc7343e8e2b3341c8b84b3e359c1d3ea7240341bb6b403eb75fdf3f07aef441b6302542fe62d44151b6433e1fd3713e8e076041c8a7f53e35f1bf3ea754f241bba6153eb75c603f07d17941b6507c42fe6658415178603e1fdc2e3e8de0ed41c890053e35e2053ea78f8041bbf4d93eb758003f07f38d41b66893014620bd
S2M,1,31,last_n,890,-890,0,,,,0,79,S2M_Table1.tsv,bda0016ffd10060ffd091400000600022c790000fc860000fe9800007087bd
S2M,1,31,last_n,885,-885,0,,,,0,82,S2M_Table1.tsv,bda0016ffd10060ffd091500000600022c790000fc8b0000fe9800002806bd
S2M,1,31,last_n,880,-880,0,,,,0,85,S2M_Table1.tsv,bda0016ffd10060ffd091600000600022c790000fc900000fe980000cdb8bd
S2M,1,31,last_n,875,-875,0,,,,0,88,S2M_Table1.tsv,bda0016ffd10060ffd091700000600022c790000fc950000fe980000aef2bd
S2M,1,31,last_n,870,-870,0,,,,0,91,S2M_Table1.tsv,bda0016ffd10060ffd091800000600022c790000fc9a0000fe980000b77bbd
S2M,1,31,last_n,865,-865,0,,,,0,94,S2M_Table1.tsv,bda0016ffd10060ffd091900000600022c790000fc9f0000fe9800002181bd
S2M,1,31,last_n,860,-860,0,,,,0,97,S2M_Table1.tsv,bda0016ffd10060ffd091a00000600022c790000fca40000fe980000c5d8bd
S2M,1,245,,,,,,,,0,99,S2M_Table1.tsv,bdaffd00011ffd2006891a0000020000fca4000542fed354414e8e423e1baea03e83ba3441b819253e36cc313ea74d1541bbdbf13eb74ca53f084d8d41b8eb9742fed6d8414eb0a33e1b1bd33e83974041b78fcf3e36e12b3ea6ecf941bbad3c3eb74f443f082bea41b8d73542feda5c414ead333e1b3b493e8324c941b6f4d23e36d1703ea7365e41bb8ccb3eb74e653f08382541b8e5ec42fedde0414e9f723e1b3d093e83134e41b674f33e36e66b3ea6dd3d41bb4e913eb751e43f081b4e41b8dc8542fee164414e91b23e1b45c63e82c58941b600c43e36f0e63ea6bcddc641bb1cd53eb750243f08335641b8d91301ca24bd
S2M,1,31,last_n,855,-855,0,,,,0,100,S2M_Table1.tsv,bda0016ffd10060ffd091b00000600022c790000fca90000fe9800007742bd
S2M,1,31,last_n,850,-850,0,,,,0,103,S2M_Table1.tsv,bda0016ffd10060ffd091c00000600022c790000fcae0000fe980000d269bd
S2M,1,31,last_n,845,-845,0,,,,0,106,S2M_Table1.tsv,bda0016ffd10060ffd091d00000600022c790000fcb30000fe9800008dddbd
S2M,1,31,last_n,840,-840,0,,,,0,114,S2M_Table1.tsv,bda0016ffd10060ffd091e00000600022c790000fcb80000fe9800002d14bd
S2M,1,246,,,,,,,,0,119,S2M_Table1.tsv,bdaffd00011ffd2006891f0000020000fcbcdd000542ff2b3841555a0e3e1a33633e80c73c41b0e77a3e34e2dd3ea2d00641b6a6f53eb700a03f07d87541b7975242ff2ebcdc41553e8d3e1a2aa93e80ee8d41b12e563e3497b73ea2b78f41b68d6a3eb6fe013f07e52241b78ba642ff32404154de463e1a1e6c3e81142141b1ab4e3e3458ce3ea29ff741b673743eb6ffc13f07df7441b76d8642ff35c44154a3d33e1a05f43e8176dd41b21d003e33de7a3ea23fd941b6483b3eb7033f3f07c30d41b74f1942ff39484154aab33e19f7fa3e81a7cc41b2a60a3e33f8af3ea1d7dc41b62a813eb6fe013f07ecff41b738ef014c34bd
S2M,1,31,last_n,830,-830,0,,,,0,120,S2M_Table1.tsv,bda0016ffd10060ffd092000000600022c790000fcc20000fe98000066a9bd
S2M,1,245,,,,,,,,0,122,S2M_Table1.tsv,bdaffd00011ffd200689200000020000fcc2000542ff3ccc4154a7433e1a511b3e8202ae41b344d13e338a953ea1ff2f41b61b793eb701803f07d8e541b722bcdc42ff40504154771f3e1aa33e3e8246d641b3d9263e3331733ea192d441b6144d3eb6ffc03f07dcd441b7231242ff43d441544dde3e1a83c93e82b86d41b484113e333f6e3ea1664341b5f69c3eb6ced23f07e67141b70ff242ff47584154393c3e1a6b513e83134e41b5392e3e3271363ea1435041b5ea323eb6a4003f07df0441b6e86f42ff4adc415435cc3e1a80493e839ffd41b5e3113e327d733ea1213c41b5f1b73eb6a4003f07ebaf41b6d5310100b1bd
S2M,1,31,last_n,825,-825,0,,,,0,123,S2M_Table1.tsv,bda0016ffd10060ffd092100000600022c790000fcc70000fe9800008424bd
S2M,1,245,,,,,,,,0,125,S2M_Table1.tsv,bdaffd00011ffd200689210000020000fcc7000542ff4e604154249b3e1b13153e83bcdcd341b6996c3e3286303ea0f4ac41b5fd023eb6a3203f07e28241b6c4ad42ff51e4415405a83e1ae9243e8453ff41b753fb3e32862f3ea0ef6c41b5fc373eb6a4003f07eacf41b6af9742ff55684153ed973e1ad26e3e84ad2041b7faa53e325a7f3ea0b4e241b61ff53eb6a5bf3f07d95541b6a33d42ff58ec4153cb363e1aceee3e84b4fd41b889593e31b4793ea0d1b641b619353eb6a69f3f07d10841b69aea42ff5c70415378b03e1ab4b73e8524d641b945ed3e31c9703ea08a1041b617593eb69d033f07eacf41b6948401610abd
S2M,1,31,last_n,820,-820,0,,,,0,126,S2M_Table1.tsv,bda0016ffd10060ffd092200000600022c790000fccc0000fe9800006feebd
S2M,1,246,,,,,,,,0,128,S2M_Table1.tsv,bdaffd00011ffd200689220000020000fccc000542ff5ff441533e3c3e1ac0f33e8556a541b9ed1e3e30fb3a3ea068dc41b656213eb64e5e3f07f1cd41b678b542ff6378415311893e1b52013e85ac4641ba8b533e3109353ea03e0a41b66a6f3eb647613f07f3fc41b660aa42ff66fc4152f9783e1b45c43e8609c641bb3c7f3e3089a13ea062bcdd41b6809d3eb644c13f0811b241b6525c42ff6a804152c9553e1b37c93e86461241bbf05a3e30403a3e9ffac141b6b05b3eb643e23f0809d541b6646942ff6e044152ccc53e1b24903e86887a41bcdcb9623e3051b33e9fba1741b6cff53eb644c13f0818af41b642f501ea2cbd
S2M,1,245,,,,,,,,0,131,S2M_Table1.tsv,bdaffd00011ffd200689230000020000fcd1000542ff718841530aa93e1b6fb63e87208541bcdd8a643e304ab63e9fe24b41b702c23eb643e13f0815a141b65ec142ff750c415333ec3e1bd3523e8717c941be4c713e2ff5143e9fc73441b714ce3eb63c043f084a0f41b64f5642ff789041532d0b3e1baea03e87a9b541bf11373e2f73bf3e9fe16a41b758823eb63c033f084d8d41b641d542ff7c144152f6083e1ba4243e87de2441bfcc403e2f6cc23e9ff58341b799343eb638853f08659541b6410f42ff7f9841533e3c3e1b882f3e882e8841c0814c3e2f6b043e9febe741b7d3ed3eb636c63f086b4341b63c3001505abd
S2M,1,31,last_n,810,-810,0,,,,0,132,S2M_Table1.tsv,bda0016ffd10060ffd092400000600022c790000fcd60000fe9800001792bd
S2M,1,31,last_n,805,-805,0,,,,0,135,S2M_Table1.tsv,bda0016ffd10060ffd092500000600022c790000fcdb0000fe98000059cdbd
S2M,1,245,,,,,,,,0,137,S2M_Table1.tsv,bdaffd00011ffd200689250000020000fcdb000542ff94b041545b9e3e1c2c753e88e8a741c367cc3e2fe7193ea1259b41b919823eb62d2b3f08ba5641b66d0d42ff98344154a0623e1c2e353e88eb4641c392f73e2ff3543ea1213d41b96dd43eb62b6b3f08caf241b66eee42ff9bb84154c2c53e1c2ff43e88e28a41c3bcddcb3e2ff1953ea1213c41b9a0a53eb62a8c3f08de9b41b671ee42ff9f3c4154de463e1ba2653e88aa9d41c3d1743e2fe7193ea1506b41b9da4e3eb630aa3f08afdc41b6743742ffa2c04154d7663e1b637c3e88b51a41c3e0a33e2fd59e3ea19f0f41ba1d573eb62a8c3f08daad41b684b9013d65bd
S2M,1,31,last_n,800,-800,0,,,,0,138,S2M_Table1.tsv,bda0016ffd10060ffd092600000600022c790000fce00000fe9800001efdbd
S2M,1,245,,,,,,,,0,140,S2M_Table1.tsv,bdaffd00011ffd200689260000020000fce0000542ffa6444153dc663e1b71763e88842b41c3dfe33e2fc7a43ea1d6fc41ba56393eb62a8c3f08daac41b6a8de42ffa9c841532d0b3e1b7f723e885bf841c3c9293e306f6a3ea1b24941ba91653eb62a8b3f08d80e41b6c7ae42ffad4c4152c9553e1b7bf33e88613641c3c73b3e309b1a3ea1e5d641bac5063eb62d2a3f08c15541b6b9c742ffb0d0415269103e1b8f2c3e880d5341c399663e30941e3ea1fbaf41baee7c3eb6270d3f08ead641b6db3b42ffb454415208c93e1b99aa3e87f5bcdc41c385c03e30909e3ea20fc941bb05733eb6262c3f08f86141b6e74a011ad1bd
S2M,1,31,last_n,795,-795,0,,,,0,141,S2M_Table1.tsv,bda0016ffd10060ffd092700000600022c790000fce50000fe98000047bbbd
S2M,1,31,last_n,790,-790,0,,,,0,144,S2M_Table1.tsv,bda0016ffd10060ffd092800000600022c790000fcea0000fe980000f08fbd
S2M,1,31,last_n,785,-785,0,,,,0,147,S2M_Table1.tsv,bda0016ffd10060ffd092900000600022c790000fcef0000fe9800002827bd
S2M,1,31,last_n,780,-780,0,,,,0,150,S2M_Table1.tsv,bda0016ffd10060ffd092a00000600022c790000fcf40000fe9800005073bd
S2M,1,31,last_n,775,-775,0,,,,0,153,S2M_Table1.tsv,bda0016ffd10060ffd092b00000600022c790000fcf90000fe98000092b7bd
S2M,1,31,last_n,770,-770,0,,,,0,156,S2M_Table1.tsv,bda0016ffd10060ffd092c00000600022c790000fcfe0000fe980000ce7abd
S2M,1,245,,,,,,,,0,158,S2M_Table1.tsv,bdaffd00011ffd2006892c0000020000fcfe000543000fbcdc414f7b803e1990dd3e8332c341bba66d3e312fa63ea2ebfc41bbd28f3eb673113f095c6f41b894f543001340414f7ef13e199ed73e82f13a41bb65973e3133253ea2dd2241bbad353eb676903f093f9a41b89c7e430016c4414f7ef13e18fc503e82d00541bb15473e3133253ea2dc4241bb9fa33eb66dd23f097c5441b89dff43001a48414f636e3e18ec953e827fa241bac31f3e3138633ea2c9e941bb96393eb675b03f094d9341b8a7ca43001dcc414f4ecd3e18fa903e824a5441ba6aef3e312fa63ea2de0041bb7c313eb675af3f09526241b8b49101002bbd
S2M,1,31,last_n,765,-765,0,,,,0,159,S2M_Table1.tsv,bda0016ffd10060ffd092d00000600022c790000fd030000fe98000057b9bd
S2M,1,31,last_n,760,-760,0,,,,0,162,S2M_Table1.tsv,bda0016ffd10060ffd092e00000600022c790000fd080000fe980000f086bd
S2M,1,31,last_n,755,-755,0,,,,0,165,S2M_Table1.tsv,bda0016ffd10060ffd092f00000600022c790000fd0d0000fe980000f70bbd
S2M,1,31,last_n,750,-750,0,,,,0,168,S2M_Table1.tsv,bda0016ffd10060ffd093000000600022c790000fd120000fe980000a6c1bd
S2M,1,31,last_n,745,-745,0,,,,0,171,S2M_Table1.tsv,bda0016ffd10060ffd093100000600022c790000fd170000fe98000035adbd
S2M,1,31,last_n,740,-740,0,,,,0,174,S2M_Table1.tsv,bda0016ffd10060ffd093200000600022c790000fd1c0000fe98000027dbbd
S2M,1,31,last_n,735,-735,0,,,,0,177,S2M_Table1.tsv,bda0016ffd10060ffd093300000600022c790000fd210000fe98000075f6bd
S2M,1,246,,,,,,,,0,179,S2M_Table1.tsv,bdaffd00011ffd200689330000020000fd21000543008ac8415465ef3e1860c63e8170c141b7e89e3e2ec17f3e9f426141b81e003eb5b8123f098d5f41b7c6bcdc43008e4c4154b5033e1860c63e81751d41b854993e2ec4fd3e9f029941b82a0d3eb5b5723f09a48641b7b1af430091d04154b8733e18468f3e81d6fd41b8d6143e2e04c13e9ee24441b820423eb5b3b33f09a9c341b7a780430095544154d7663e1828d93e822bbe41b950d03e2e10fd3e9ebcdd9041b822e63eb5b3b33f09a72541b7ad8c430098d84154cd153e18bf253e828bde41b9de0b3e2e17fa3e9e98dd41b822873eb5b1f33f09abf441b7926b01d459bd
S2M,1,31,last_n,730,-730,0,,,,0,180,S2M_Table1.tsv,bda0016ffd10060ffd093400000600022c790000fd260000fe980000921dbd
S2M,1,245,,,,,,,,0,182,S2M_Table1.tsv,bdaffd00011ffd200689340000020000fd26000543009c5c4154f6583e18d09f3e82d2a541ba6c6f3e2e17fa3e9e97fd41b81b013eb5ae773f09c7eb41b78f6a43009fe04154f2e83e18c2a43e83134d41baf17a3e2df5053e9e7ea541b827103eb5ad953f09c85a41b78cc54300a3644154c6353e18cd213e82f83841bb71fe3e2d49c13e9e734b41b8349b3eb58c613f09bbae41b77f3a4300a6e84154b5033e18b12c3e835bd541bbf3b53e2d55fd3e9e433b41b84a6f3eb552b63f09d3b541b774504300aa6c415499823e189a723e83a61b41bcdc68a03e2d597c3e9e3b5e41b85f2b3eb553963f09cf5741b76fcc019694bd
S2M,1,31,last_n,725,-725,0,,,,0,183,S2M_Table1.tsv,bda0016ffd10060ffd093500000600022c790000fd2b0000fe980000c45cbd
S2M,1,31,last_n,720,-720,0,,,,0,186,S2M_Table1.tsv,bda0016ffd10060ffd093600000600022c790000fd300000fe980000eb19bd
S2M,1,245,,,,,,,,0,188,S2M_Table1.tsv,bdaffd00011ffd200689360000020000fd3000054300bf844154de463e19327f3e84878d41bf0fb33e2c87c43e9e204641b9113c3eb544bcdc3f0a359341b74fd64300c3084154d0863e192eff3e848a2d41bf60293e2c8d013e9e14ea41b93c243eb5467c3f0a2a3741b75e854300c68c4154d3f63e1916863e84ef8941bfaf1f3e2c8b423e9e116c41b94d753eb5459c3f0a3de041b754024300ca104154ec083e1916863e84e88c41bffc3f3e2c89843e9e212641b96dd43eb5405e3f0a52d941b75c444300cd94415504193e191f433e84c67741c047113e2c87c33e9e2c8241b9a40c3eb53a3f3f0a8ac541b767eb01d6c4bd
S2M,1,31,last_n,715,-715,0,,,,0,189,S2M_Table1.tsv,bda0016ffd10060ffd093700000600022c790000fd350000fe980000178dbd
S2M,1,245,,,,,,,,0,191,S2M_Table1.tsv,bdaffd00011ffd200689370000020000fd3500054300d11841552d5c3e190f8a3e8509c041c09c7f3e2c7d493e9e417c41b9c6b53eb53a3f3f0a8c8541b76d294300d49c415530cc3e19034f3e852cb441c0e1bcdc3e2c79cb3e9e52f441b9d2be3eb536c03f0aa4fd41b76c744300d82041551f9a3e19088c3e851eb941c11d753e2c7f093e9e505641ba0d233eb532613f0abb4441b76aea4300dba441551f9a3e18ffcf3e8541ac41c1502a3e2c7b8a3e9e59f341ba25453eb531813f0ace7e41b776314300df28415537ac3e190a4c3e85231741c16f903e2c748c3e9e662f41ba5edb3eb531813f0adb9a41b772cc012bccbd
S2M,1,31,last_n,710,-710,0,,,,0,192,S2M_Table1.tsv,bda0016ffd10060ffd093800000600022c790000fd3a0000fe980000c25ebd
S2M,1,245,,,,,,,,0,194,S2M_Table1.tsv,bdaffd00011ffd200689380000020000fd3a00054300e2ac4155532e3e19034e3e853d4e41c1a4e63e2c79cb3e9e601041ba71023eb535003f0ab6e641b78a274300e630415575903e19088c3e85231841c1ba173e2c748c3e9e742a41baa73e3eb52b643f0af10241b7944b4300e9b4415591113e19088c3e851a5941c1c57c3e2c64d23e9ea0bb41bac2c93eb526253f0b0dd941b798704300ed3841558a313e18ffcf3e853fed41c1d4f63e2c6a103e9e939f41bae26e3eb526253f0b23b041b7a1804300f0bcdc41558da13e18fe0f3e854c2a41c1d8643e2c5f923e9ec9cc41bb06f33eb522a73f0b30cc41b7aae20128f8bd
S2M,1,31,last_n,705,-705,0,,,,0,195,S2M_Table1.tsv,bda0016ffd10060ffd093900000600022c790000fd3f0000fe980000aba0bd
S2M,1,31,last_n,700,-700,0,,,,0,198,S2M_Table1.tsv,bda0016ffd10060ffd093a00000600022c790000fd440000fe980000df49bd
S2M,1,31,last_n,695,-695,0,,,,0,201,S2M_Table1.tsv,bda0016ffd10060ffd093b00000600022c790000fd490000fe98000035a7bd
S2M,1,31,last_n,690,-690,0,,,,0,204,S2M_Table1.tsv,bda0016ffd10060ffd093c00000600022c790000fd4e0000fe980000e8f3bd
S2M,1,31,last_n,685,-685,0,,,,0,207,S2M_Table1.tsv,bda0016ffd10060ffd093d00000600022c790000fd530000fe980000b418bd
S2M,1,31,last_n,680,-680,0,,,,0,210,S2M_Table1.tsv,bda0016ffd10060ffd093e00000600022c790000fd580000fe98000076eabd
S2M,1,31,last_n,675,-675,0,,,,0,213,S2M_Table1.tsv,bda0016ffd10060ffd093f00000600022c790000fd5d0000fe980000aa57bd
S2M,1,31,last_n,670,-670,0,,,,0,216,S2M_Table1.tsv,bda0016ffd10060ffd094000000600022c790000fd620000fe9800003b96bd
S2M,1,31,last_n,665,-665,0,,,,0,219,S2M_Table1.tsv,bda0016ffd10060ffd094100000600022c790000fd670000fe9800009fc4bd
S2M,1,31,last_n,660,-660,0,,,,0,222,S2M_Table1.tsv,bda0016ffd10060ffd094200000600022c790000fd6c0000fe98000037f8bd
S2M,1,31,last_n,655,-655,0,,,,0,225,S2M_Table1.tsv,bda0016ffd10060ffd094300000600022c790000fd710000fe980000f3f6bd
S2M,1,31,last_n,650,-650,0,,,,0,228,S2M_Table1.tsv,bda0016ffd10060ffd094400000600022c790000fd760000fe980000c7b0bd
S2M,1,245,,,,,,,,0,230,S2M_Table1.tsv,bdaffd00011ffd200689440000020000fd7600054301b59c41567e503e156f8d3e7a051441b362da3e2e2cf33e9e417a41b8b8b33eb51baa3f0b60dc41b885804301b920415609693e156f8c3e7a114f41b3633d3e2e29743e9e487941b896133eb51acb3f0b699741b87a414301bcdca44155ede83e156f8d3e7a0dd141b34f5b3e2d8c2b3e9dda5e41b86dd43eb5182b3f0b7aa141b874404301c02841559ed23e15714c3e7a035341b356193e2d75733e9dcc6541b84b953eb51e4a3f0b478441b8543b4301c3ac415579003e1566d03e7a3d0141b367003e2d86ec3e9d5bab41b81f243eb51e493f0b606c41b83f230169d3bd
S2M,1,31,last_n,645,-645,0,,,,0,231,S2M_Table1.tsv,bda0016ffd10060ffd094500000600022c790000fd7b0000fe98000069b0bd
S2M,1,246,,,,,,,,0,233,S2M_Table1.tsv,bdaffd00011ffd200689450000020000fd7b00054301c7304155267a3e1566cf3e7a398141b39e8e3e2cc4f03e9d337a41b800a43eb514ac3f0ba11441b83f854301cab4415537ac3e154ada3e7b177441b3ec4c3e2cd4aa3e9cfd4c41b7e4173eb5174b3f0b8d6b41b8258c4301ce384155645e3e15405c3e7b67da41b4436f3e2ccdac3e9d281d41b7c8423eb5104e3f0bc63741b817fa4301d1bcdc4154d3f63e15eba13e7badc141b4a7c23e2c48da3e9cbbc241b7a3b73eb4d6a13f0bce8441b809504301d54041550e693e15e9e13e7ca26b41b515813e2c22673e9c795a41b78f6f3eb4b3ae3f0bbcdc9c41b7fbc401c43ebd
S2M,1,31,last_n,640,-640,0,,,,0,234,S2M_Table1.tsv,bda0016ffd10060ffd094600000600022c790000fd800000fe9800009bacbd
S2M,1,246,,,,,,,,0,236,S2M_Table1.tsv,bdaffd00011ffd200689460000020000fd8000054301d8c441551c2a3e15da273e7d060941b5966f3e2c22693e9c76bb41b779f73eb4b48e3f0bb91d41b7e4df4301dc48415548dd3e15cdea3e7d6b6541b61fa43e2b71e53e9c486b41b758803eb4b02f3f0bcf6541b7d7af4301dfcc415530cc3e15d6a93e7e718a41b6bcdcd33e2b73a43e9bd43341b7569e3eb4b02f3f0bd97141b7c6bcdc4301e35041551f9a3e1664363e7f2e4741b747923e2b6ae73e9bfe2541b752de3eb4abd03f0bfcd541b7b50f4301e6d44155343c3e164d803e7fcb9341b7f98d3e2aeb533e9b882f41b74f113eb4b10f3f0bd5f341b798d201121abd
S2M,1,31,last_n,635,-635,0,,,,0,237,S2M_Table1.tsv,bda0016ffd10060ffd094700000600022c790000fd850000fe980000f8a2bd
S2M,1,31,last_n,630,-630,0,,,,0,240,S2M_Table1.tsv,bda0016ffd10060ffd094800000600022c790000fd8a0000fe9800003fd3bd
S2M,1,31,last_n,625,-625,0,,,,0,243,S2M_Table1.tsv,bda0016ffd10060ffd094900000600022c790000fd8f0000fe980000075abd
S2M,1,245,,,,,,,,0,245,S2M_Table1.tsv,bdaffd00011ffd200689490000020000fd8f000543020d80415402383e17b5823e83e7a441bff56e3e29366c3e9ad0ae41b867063eb3dcba3f0c9b6f41b73ad0430211044153bcdd743e17a4093e84292e41c0b0ee3e29003f3e9ac63141b896d53eb3d69c3f0cb68441b737ce430214884153ac433e17944e3e8462da41c168c23e285bf73e9ad26c41b8cdcd3eb3d93c3f0cb45541b72b634302180c415397a23e176f9a3e84e26e41c21c763e2874703e9a866741b8ffe03eb3d69c3f0cc55f41b732ea43021b9041539e833e176ddb3e851c1941c2c5ba3e285bf73e9acb6f41b9470d3eb3d23e3f0cf18041b7340b011ce3bd
S2M,1,31,last_n,620,-620,0,,,,0,246,S2M_Table1.tsv,bda0016ffd10060ffd094a00000600022c790000fd940000fe980000ef51bd
S2M,1,245,,,,,,,,0,248,S2M_Table1.tsv,bdaffd00011ffd2006894a0000020000fd94000543021f1441538d523e18201c3e855e8241c36b963e2864b53e9ac0f341b972bb3eb3b5653f0d2e3c41b73be34302229841537c203e18271a3e8556a541c3f8e73e28533a3e9ae92541b9b31f3eb38d333f0d48e241b750fd4302261c415389e23e1810613e85aee641c493f73e27a6373e9ac63141b9f4ab3eb397b03f0d63f741b73dcc430229a0415389e23e1800a63e85dfd541c52adc3e278c003e9ac55241ba2f6f3eb3b0273f0d875c41b74f1c43022d24415378b03e17ed6e3e86285c41c5a61a3e2785033e9ad5eb41ba65ae3eb3bcdd433f0d7b2041b7606201ee9cbd
S2M,1,31,last_n,615,-615,0,,,,0,249,S2M_Table1.tsv,bda0016ffd10060ffd094b00000600022c790000fd990000fe980000ea53bd
S2M,1,31,last_n,610,-610,0,,,,0,252,S2M_Table1.tsv,bda0016ffd10060ffd094c00000600022c790000fd9e0000fe980000d25dbd
S2M,1,31,last_n,605,-605,0,,,,0,255,S2M_Table1.tsv,bda0016ffd10060ffd094d00000600022c790000fda30000fe980000cae1bd
S2M,1,31,last_n,600,-600,0,,,,0,258,S2M_Table1.tsv,bda0016ffd10060ffd094e00000600022c790000fda80000fe980000ad6ebd
S2M,1,245,,,,,,,,0,260,S2M_Table1.tsv,bdaffd00011ffd2006894e0000020000fda800054302656441515cde3e17e6713e86429241c933203e2889693e9d6d2441be5bf53eb383973f0f0fb341b8bcddf6430268e84151181a3e17fd273e85e97241c8f9b53e2892253e9d3a7641be96c63eb3801a3f0f297c41b8c8ed43026c6c4151113a3e17fb6a3e8592f141c89e793e28c1543e9d9b7541bec17a3eb37f3a3f0f521c41b8e46443026ff04150dda63e1749263e856ffc41c858203e2955e03e9d8f3941bee8073eb3c9803f0f608641b904c7430273744150cc763e1766dd3e8502c241c7f36e3e2949a53e9db68b41befa293eb3d3fc3f0f639541b9258c018effbd
S2M,1,31,last_n,595,-595,0,,,,0,261,S2M_Table1.tsv,bda0016ffd10060ffd094f00000600022c790000fdad0000fe9800004f7fbd
S2M,1,31,last_n,590,-590,0,,,,0,264,S2M_Table1.tsv,bda0016ffd10060ffd095000000600022c790000fdb20000fe980000cc64bd
S2M,1,245,,,,,,,,0,266,S2M_Table1.tsv,bdaffd00011ffd200689500000020000fdb200054302888c415050ad3e16f3853e83958141c5536a3e29366c3e9e00d241bf83b33eb3c6e03f0fb46a41b9c3af43028c10415031bcdc3e170f7d3e83356241c4e99d3e292bf03e9e32a041bf87de3eb3c3613f0fdd0d41b9cd7743028f944150208a3e166eb43e8317ad41c4821e3e293bab3e9deafa41bf7c203eb3c1a13f0ff04441b9e7dc43029318415019aa3e1657fd3e82d1c541c413743e2939eb3e9e052f41bf8d263eb3bf023f0ff82341ba0f6e4302969c414ff3d83e1667b63e828f5d41c3ba573e291df43e9e559541bf8b453eb3bf023f0fff9141ba0ba4011d5fbd
S2M,1,31,last_n,585,-585,0,,,,0,267,S2M_Table1.tsv,bda0016ffd10060ffd095100000600022c790000fdb70000fe980000092ebd
S2M,1,246,,,,,,,,0,272,S2M_Table1.tsv,bdaffd00011ffd200689520000020000fdbcdc00054302abb4414fa8323e15f0e03e813ef241c15c413e2957a03e9df49541bf46823eb3b7253f1038cc41ba78e34302af38414f93913e1609563e80e94f41c0e6433e29b0c13e9e14eb41bf33fa3eb3be223f100a7c41ba836d4302b2bcdc414f7ef13e1581063e80c73b41c076563e29f8673e9de77a41bf20513eb3bf033f0ffa5241ba98eb4302b640414f636e3e154e573e80902e41c00e573e2a10df3e9dc72641bf09a63eb3b1e73f1058b041ba9fb64302b9c4414f5c8e3e1566cf3e80338d41bf9a563e29f16c3e9dfd5241befd893eb3b4873f1047a641baa0d3012663bd
S2M,1,31,last_n,575,-575,0,,,,0,273,S2M_Table1.tsv,bda0016ffd10060ffd095300000600022c790000fdc10000fe9800000373bd
S2M,1,31,last_n,570,-570,0,,,,0,276,S2M_Table1.tsv,bda0016ffd10060ffd095400000600022c790000fdc60000fe98000098d0bd
S2M,1,31,last_n,565,-565,0,,,,0,279,S2M_Table1.tsv,bda0016ffd10060ffd095500000600022c790000fdcb0000fe98000026b4bd
S2M,1,31,last_n,560,-560,0,,,,0,282,S2M_Table1.tsv,bda0016ffd10060ffd095600000600022c790000fdd00000fe980000733ebd
S2M,1,31,last_n,555,-555,0,,,,0,285,S2M_Table1.tsv,bda0016ffd10060ffd095700000600022c790000fdd50000fe9800003e85bd
S2M,1,245,,,,,,,,0,287,S2M_Table1.tsv,bdaffd00011ffd200689570000020000fdd50005430303984156d7b63e13500b3e77793641b62cca3e29a4863e9c4beb41bbc6773eb3b7253f102a6141ba81f14303071c41565bef3e1351ca3e7759c341b607e73e292a313e9be14f41bb86613eb3b3a63f104c0641ba8a3c43030aa04156406c3e13490c3e77aa2641b5e1903e28f4043e9bd27341bb6b3e3eb3aaea3f10758741ba7b8a43030e244155f8383e13490c3e77a16a41b5e6123e28f7813e9bb14041bb3bbcdc3eb3b1073f1062be41ba6363430311a84155c1353e134acc3e779dea41b5fcfb3e28b5193e9b486441bb008c3eb3aca93f10831341ba418d01719fbd
S2M,1,31,last_n,550,-550,0,,,,0,288,S2M_Table1.tsv,bda0016ffd10060ffd095800000600022c790000fdda0000fe980000c6a5bd
S2M,1,246,,,,,,,,0,290,S2M_Table1.tsv,bdaffd00011ffd200689580000020000fdda00054303152c41558a313e133e903e77f38d41b6120f3e2856b93e9aea0441badcbf3eb3a4cc3f10bcdd2f41ba4786430318b04155154a3e1339513e78247c41b644793e285f763e9ac8d141baaf2f3eb3a68b3f10a98441ba3f3943031c3441554c4d3e1329973e78929541b68d023e27ce693e9a708f41ba8c1d3eb3a14d3f10cea941ba1ed943031fb841554fbcdd3e13b1e73e78cc4141b6cf313e27aef33e9a336541ba502f3eb39a503f11038541ba18d24303233c41551c2a3e13e2d73e7944d641b732e33e27a7f73e9a4d9b41ba3a5b3eb38e123f111f0c41b9ff93016c35bd
S2M,1,31,last_n,545,-545,0,,,,0,291,S2M_Table1.tsv,bda0016ffd10060ffd095900000600022c790000fddf0000fe9800002eedbd
S2M,1,31,last_n,540,-540,0,,,,0,294,S2M_Table1.tsv,bda0016ffd10060ffd095a00000600022c790000fde40000fe980000da01bd
S2M,1,31,last_n,535,-535,0,,,,0,297,S2M_Table1.tsv,bda0016ffd10060ffd095b00000600022c790000fde90000fe980000135fbd
S2M,1,245,,,,,,,,0,299,S2M_Table1.tsv,bdaffd00011ffd2006895b0000020000fde90005430349e84153c4543e14f5363e80f9ea41be814d3e259f2c3e988b9741ba07de3eb2be1d3f11e02a41b95bc643034d6c41536e5f3e1526263e810d2341bf363b3e2539cf3e988d5641ba1e7c3eb2b71f3f12134741b936e0430350f041534f6d3e150a2f3e818cb641bfeada3e24c9f53e9874e041ba32d53eb2b71e3f12070c41b94f574303547441531f4b3e14ee3a3e81ee9441c0a34f3e24cbb53e98881a41ba57bcdd3eb2b39f3f1227d041b9301a430357f8415333ec3e155fd33e82222241c1514d3e24d0f33e9866e541ba82523eb2abc33f126a3941b92d1a01f7d3bd
S2M,1,31,last_n,530,-530,0,,,,0,300,S2M_Table1.tsv,bda0016ffd10060ffd095c00000600022c790000fdee0000fe980000e6fbbd
S2M,1,246,,,,,,,,0,302,S2M_Table1.tsv,bdaffd00011ffd2006895c0000020000fdee000543035b7c41533acc3e158f023e82949a41c214223e24d0f33e98708141bab22a3eb2a5a43f127fa141b91da243035f00415359bcdd3e15768a3e82fbb641c2d2933e249e443e9814c141bacd513eb2a6843f1288ce41b92eef43036284415341ac3e156a4e3e832bc541c387353e23ff3c3e9845af41bb01ae3eb29dc73f12b10141b926b14303660841535d2f3e15d16a3e838b0541c445de3e23f83e3e98644641bb41043eb28fcc3f12e95c41b918ba4303698c41537f903e161e503e8393c141c4e99c3e240b773e98263c41bb76e53eb23a2a3f12e6bcdd41b92526015a76bd
S2M,1,31,last_n,525,-525,0,,,,0,303,S2M_Table1.tsv,bda0016ffd10060ffd095d00000600022c790000fdf30000fe98000082ddbd
S2M,1,31,last_n,520,-520,0,,,,0,306,S2M_Table1.tsv,bda0016ffd10060ffd095e00000600022c790000fdf80000fe980000cb40bd
S2M,1,31,last_n,515,-515,0,,,,0,309,S2M_Table1.tsv,bda0016ffd10060ffd095f00000600022c790000fdfd0000fe980000a619bd
S2M,1,246,,,,,,,,0,311,S2M_Table1.tsv,bdaffd00011ffd2006895f0000020000fdfd00054303903841544a6c3e168fe73e850e1d41c9b3b93e23bcdcd23e994bd441be14233eb24f223f14c67641b9979a430393bcdc41547a913e168aaa3e84f14941c9ef193e23cc8e3e991bc541be54023eb247463f15009341b9a5f5430397404154d7663e169a643e84eea941ca21ae3e23b7953e99636d41be8be03eb23bea3f15413d41b9c4d643039ac44154325b3e16856b3e85311241ca4e423e2391233e99ec9d41becc6f3eb23b0b3f15524541b9d3df43039e484152da863e16563c3e85151c41ca66403e24585e3e99f8d941bf0b8e3eb23a2a3f1556a441b9ecc001c058bd
S2M,1,31,last_n,510,-510,0,,,,0,312,S2M_Table1.tsv,bda0016ffd10060ffd096000000600022c790000fe020000fe980000e379bd
S2M,1,245,,,,,,,,0,314,S2M_Table1.tsv,bdaffd00011ffd200689600000020000fe0200054303a1cc415288013e15b8f13e8517bb41ca7eae3e2469d73e99ef3c41bf3dd73eb2308e3f158b1341ba00b24303a5504152357c3e15da273e849ac641ca70863e2451603e9a4cbcdc41bf6f4e3eb22b4f3f15aaf741ba18774303a8d44151f7973e15cc2c3e84c9f641ca59b03e2446e43e9a6b5141bfa1e43eb2340b3f15cd7c41ba33f44303ac584151a5133e15d6a93e84a1c441ca3c523e2438e93e9aa95b41bfd9753eb284703f15d24b41ba43094303afdc4151672f3e15f0df3e843aa741ca0b403e243e273e9a954241c0011d3eb234eb3f15eac241ba65a601e5aabd
S2M,1,31,last_n,505,-505,0,,,,0,315,S2M_Table1.tsv,bda0016ffd10060ffd096100000600022c790000fe070000fe9800009636bd
S2M,1,246,,,,,,,,0,317,S2M_Table1.tsv,bdaffd00011ffd200689610000020000fe0700054303b3604151302b3e1609563e83c59041c9bf203e2451603e9abcdd7541c0354e3eb27bb23f16080741ba80cb4303b6e4415114aa3e1550163e8385c641c96aac3e24fe633e9aeae541c04d243eb282b13f15dfd441ba94064303ba684150da363e1555553e837c2a41c90d7f3e24f2273e9b107741c077773eb279f23f1623fe41bab2f14303bcddec41508e913e156a4e3e83230941c8a2a33e24ece93e9b249041c0924f3eb276733f16373741bab8334303c170415098e13e156a4f3e82c9e941c8265a3e24e96c3e9b2aae41c0af0b3eb274b73f1639d641bad83f01e0a3bd
S2M,1,31,last_n,500,-500,0,,,,0,318,S2M_Table1.tsv,bda0016ffd10060ffd096200000600022c790000fe0c0000fe9800002121bd
S2M,1,31,last_n,495,-495,0,,,,0,321,S2M_Table1.tsv,bda0016ffd10060ffd096300000600022c790000fe110000fe980000e385bd
S2M,1,245,,,,,,,,0,323,S2M_Table1.tsv,bdaffd00011ffd200689630000020000fe1100054303d688414fe9863e1459ad3e80fd6741c503cb3e24cf343e9b9ee641c0f1fb3eb264fc3f16a94041bb5f8c4303da0c414fce053e1477623e809d4a41c479063e24deee3e9b565f41c0f1f43eb2679b3f16833c41bb84dc4303dd90414fbcdcd43e14546e3e8045e841c3eea53e24d2b23e9b8f2c41c0e4043eb25d1e3f16defd41bb95ce4303e114414fa4c23e13c1a13e801db641c3596e3e24c6773e9bace141c0d5413eb25a7f3f16e4ab41bba1224303e498414f89413e13df563e7f822c41c2cd4f3e24cd743e9b9fc541c0c8613eb255413f17064f41bbb215019d3dbd
S2M,1,31,last_n,490,-490,0,,,,0,324,S2M_Table1.tsv,bda0016ffd10060ffd096400000600022c790000fe160000fe980000e388bd
S2M,1,245,,,,,,,,0,326,S2M_Table1.tsv,bdaffd00011ffd200689640000020000fe1600054303e81c414f6a503e1405cb3e7e4cd941c237523e24cbb53e9ba50241c0b7563eb2609c3f16b03d41bbc73d4303eba0414f447d3e139b2f3e7dbbca41c1a1863e24f9263e9b938b41c0b9a23eb258bf3f16f70441bbd6554303ef24414f10e93e13474d3e7daf8d41c104e03e2586b43e9b9fc541c098bcdd3eb251c13f171e5641bbdad64303f2a8414f28fb3e1361843e7d028b41c07cbe3e259d6c3e9b795341c082693eb2abc23f16e9ea41bbe8ce4303f62c414f28fb3e13783c3e7c494b41bfe4063e25ab673e9b874e41c050e13eb2b2c03f1709ce41bbfae901e552bd
S2M,1,31,last_n,485,-485,0,,,,0,327,S2M_Table1.tsv,bda0016ffd10060ffd096500000600022c790000fe1b0000fe980000ac90bd
S2M,1,31,last_n,480,-480,0,,,,0,330,S2M_Table1.tsv,bda0016ffd10060ffd096600000600022c790000fe200000fe9800003d0abd
S2M,1,31,last_n,475,-475,0,,,,0,333,S2M_Table1.tsv,bda0016ffd10060ffd096700000600022c790000fe250000fe980000c9e2bd
S2M,1,31,last_n,470,-470,0,,,,0,336,S2M_Table1.tsv,bda0016ffd10060ffd096800000600022c790000fe2a0000fe980000566bbd
S2M,1,31,last_n,465,-465,0,,,,0,339,S2M_Table1.tsv,bda0016ffd10060ffd096900000600022c790000fe2f0000fe980000345abd
S2M,1,31,last_n,460,-460,0,,,,0,342,S2M_Table1.tsv,bda0016ffd10060ffd096a00000600022c790000fe340000fe980000dbccbd
S2M,1,31,last_n,455,-455,0,,,,0,345,S2M_Table1.tsv,bda0016ffd10060ffd096b00000600022c790000fe390000fe9800001362bd
S2M,1,31,last_n,450,-450,0,,,,0,348,S2M_Table1.tsv,bda0016ffd10060ffd096c00000600022c790000fe3e0000fe980000c82bbd
S2M,1,245,,,,,,,,0,350,S2M_Table1.tsv,bdaffd00011ffd2006896c0000020000fe3e0005430474bcdc4154a0623e10cb293e71c7b241b37c633e232bc63e96c0d741b9525e3eb229903f181f3d41ba7a05430478404154ae233e10b2b13e7295eb41b4033a3e22cd663e968b8941b90dd73eb226103f183e4241ba599743047bc44154b8733e10a8363e734d6b41b47e133e22dd223e964ae041b8f3133eb21d533f1867c441ba399343047f4841549cf23e11537b3e73ee3241b538163e22a8b33e962b6b41b8e76a3eb21e323f18652541ba247e430482cc4154b1933e1132463e74d32341b5e7f23e2222233e95e66341b8d4f63eb215753f18999241ba12cd01af92bd
S2M,1,31,last_n,445,-445,0,,,,0,351,S2M_Table1.tsv,bda0016ffd10060ffd096d00000600022c790000fe430000fe980000ff86bd
S2M,1,31,last_n,440,-440,0,,,,0,354,S2M_Table1.tsv,bda0016ffd10060ffd096e00000600022c790000fe480000fe9800003758bd
S2M,1,31,last_n,435,-435,0,,,,0,357,S2M_Table1.tsv,bda0016ffd10060ffd096f00000600022c790000fe4d0000fe980000c273bd
S2M,1,245,,,,,,,,0,359,S2M_Table1.tsv,bdaffd00011ffd2006896f0000020000fe4d00054304a978415359bcdd3e1272163e7dd0c141be74123e20b1623e950daf41b957423eb180eb3f19eecd41b936274304acfc41531f4b3e130da03e7e8d8141bf4a473e20b3223e94fdf341b97f8a3eb17d6c3f1a0ac241b936e34304b080415341ac3e130be13e7f5f3941c024b23e201e963e95025241b9a94e3eb1180e3f1a57a641b91a494304b40441534f6d3e12f3693e80179741c0f7463e1fdfad3e94f8b541b9da4f3eb108533f1a99a141b927d04304b7884153262b3e1337903e805ae041c1cc3f3e1fdfad3e94effa41ba065c3eb103f53f1aab1a41b9179f0109bebd
S2M,1,31,last_n,430,-430,0,,,,0,360,S2M_Table1.tsv,bda0016ffd10060ffd097000000600022c790000fe520000fe98000077c4bd
S2M,1,31,last_n,425,-425,0,,,,0,363,S2M_Table1.tsv,bda0016ffd10060ffd097100000600022c790000fe570000fe9800002822bd
S2M,1,246,,,,,,,,0,365,S2M_Table1.tsv,bdaffd00011ffd200689710000020000fe5700054304cca04153640f3e140cc73e82126941c6278b3e1fd3713e952b6441bb79f23eb0cdcb3f1bfe9441b92f5a4304d02441536e5f3e13fb4e3e825a0e41c6b3fa3e1fc3b53e95619041bbbfb13eb0c6cc3f1c2b9541b928ee4304d3a8415378b03e13e9d33e82885e41c730833e1fbe763e9566cf41bbfd8f3eb0c88b3f1c40fe41b946504304d72c415378b03e13f2913e826c6941c7b7c43e1fb3fb3e95a31b41bcdc384e3eb1172e3f1c8d7341b93b044304dab0415389e23e13ef113e82877f41c825933e1fa97e3e95c0cf41bcdc94ba3eb10bd13f1ccb7e41b94f5f01a44dbd
S2M,1,31,last_n,420,-420,0,,,,0,366,S2M_Table1.tsv,bda0016ffd10060ffd097200000600022c790000fe5c0000fe980000fb2abd
S2M,1,31,last_n,415,-415,0,,,,0,369,S2M_Table1.tsv,bda0016ffd10060ffd097300000600022c790000fe610000fe9800006475bd
S2M,1,31,last_n,410,-410,0,,,,0,372,S2M_Table1.tsv,bda0016ffd10060ffd097400000600022c790000fe660000fe98000080c3bd
S2M,1,245,,,,,,,,0,374,S2M_Table1.tsv,bdaffd00011ffd200689740000020000fe6600054305015c41516e0f3e1386363e82371b41c99bbf3e20c65c3e97db1341bf61523eb11fed3f1e9e1c41ba30f0430504e041511efa3e1353893e81b94641c94c9d3e20c11e3e97f8ca41bfa1893eb129893f1e601041ba4af2430508644150e7f73e1368823e81648441c8ea7d3e20ac243e982a9a41bfbcddde3eb120cc3f1e8df141ba5e2443050be84150bb443e13783d3e81355541c879f23e20ac243e9837b441bfe7733eb112d03f1ef03f41ba721c43050f6c415087b13e12ec6d3e80cf1841c7f97d3e20a3673e9851ed41c0158e3eb113af3f1eeb0041ba96ab01792ebd
S2M,1,31,last_n,405,-405,0,,,,0,375,S2M_Table1.tsv,bda0016ffd10060ffd097500000600022c790000fe6b0000fe98000061bbbd
S2M,1,31,last_n,400,-400,0,,,,0,378,S2M_Table1.tsv,bda0016ffd10060ffd097600000600022c790000fe700000fe980000a354bd
S2M,1,245,,,,,,,,0,380,S2M_Table1.tsv,bdaffd00011ffd200689760000020000fe70000543052484414fdbc63e1241273e7da51041c491ab3e216aa33e9891b641c0722b3eb157d73f1f9c6241bb282343052808414fc3b53e11ca513e7ccfdc41c3f0933e2165643e98999241c07f0f3eb151bcdc3f1fb85a41bb476c43052b8c414fc7253e11d84d3e7c29d541c349e43e216c623e988d5741c072843eb150dd3f1fb38b41bb531c43052f10414fa1523e11e8073e7b9fc641c2a2e03e2168e33e989b5141c071053eb1545b3f1fa21041bb817b43053294414f71303e11b1db3e7ae4c641c1fef63e2163a43e98a6af41c060033eb149df3f1febe741bb8d8f012c16bd
S2M,1,31,last_n,395,-395,0,,,,0,381,S2M_Table1.tsv,bda0016ffd10060ffd097700000600022c790000fe750000fe980000d3d1bd
S2M,1,245,,,,,,,,0,383,S2M_Table1.tsv,bdaffd00011ffd200689770000020000fe75000543053618414f5ffe3e1148fe3e7a360441c15dc63e2167233e98999241c050e23eb1529b3f1fb23b41bb9fa14305399c414f410d3e1172ef3e78f9b141c0c1973e21735e3e987bde41c048933eb14abe3f1fdd7c41bba72643053d20414f2fdb3e117bac3e78b58941c01cbe3e2176de3e986d0241c036d33eb140403f201bf541bbb7bcdd430540a4414f2c6b3e10c26b3e78716041bf7e003e2176df3e9861a641bfff3f3eb141203f20228441bbbf4c43054428414f17ca3e10d2263e77a6a941bee73e3e21789e3e9861a641bfec573eb13be23f20377c41bbdd1601653cbd
S2M,1,31,last_n,390,-390,0,,,,0,384,S2M_Table1.tsv,bda0016ffd10060ffd097800000600022c790000fe7a0000fe980000734fbd
S2M,1,31,last_n,385,-385,0,,,,0,387,S2M_Table1.tsv,bda0016ffd10060ffd097900000600022c790000fe7f0000fe9800005b74bd
S2M,1,31,last_n,380,-380,0,,,,0,390,S2M_Table1.tsv,bda0016ffd10060ffd097a00000600022c790000fe840000fe9800009d32bd
S2M,1,31,last_n,375,-375,0,,,,0,393,S2M_Table1.tsv,bda0016ffd10060ffd097b00000600022c790000fe890000fe980000f867bd
S2M,1,31,last_n,370,-370,0,,,,0,396,S2M_Table1.tsv,bda0016ffd10060ffd097c00000600022c790000fe8e0000fe980000637bbd
S2M,1,31,last_n,365,-365,0,,,,0,399,S2M_Table1.tsv,bda0016ffd10060ffd097d00000600022c790000fe930000fe9800007782bd
S2M,1,245,,,,,,,,0,401,S2M_Table1.tsv,bdaffd00011ffd2006897d0000020000fe93000543059f904157b3c43e0dba7a3e6a3c9141b079f43e214eac3e95dcc641baa61f3eb12fa63f207f9441bb2f504305a3144156db263e0dcf723e69c5bb41b011a43e21576a3e95c60e41ba57bcdd3eb12de63f20885141bb20974305a698415669af3e0dd4b13e69819241afdae63e20ee8d3e95944041ba089e3eb12c2a3f208edf41baee174305aa1c415609693e0dd1313e69a80541af9fac3e20a5273e9535e041b9d6863eb1260b3f20b0f441badddd4305ada04155d2653e0dd6703e6978d541af91cd3e20b1633e95041241b99f253eb11fed3f20dfb241bace74009e11bd
