capacity_source,event_id,year,pair,strip,treatment,logger_position,represented_depth_count,profile_water_in,minimum_depth_vwc,maximum_depth_vwc
irrigation,2023-05-24_S3_S4_31cada45,2023.0,S3_S4,S3,biochar,B,3,3.5874,14.8,27.92
irrigation,2023-05-24_S3_S4_31cada45,2023.0,S3_S4,S4,control,M,3,4.0416,17.45,29.95
irrigation,2023-05-24_S3_S4_31cada45,2023.0,S3_S4,S4,control,T,3,5.2884,26.92,33.95
irrigation,2023-06-01_S1_S2_5b27ce31,2023.0,S1_S2,S1,biochar,M,3,7.050000000000001,37.56,40.12
irrigation,2023-06-01_S1_S2_5b27ce31,2023.0,S1_S2,S1,biochar,T,3,7.0746,38.28,40.28
irrigation,2023-06-01_S1_S2_5b27ce31,2023.0,S1_S2,S2,control,B,3,5.9670000000000005,31.46,35.14
irrigation,2023-06-01_S1_S2_5b27ce31,2023.0,S1_S2,S2,control,M,3,5.9658,30.72,35.02
irrigation,2023-06-02_S3_S4_e824e1bc,2023.0,S3_S4,S3,biochar,B,3,4.962,19.02,33.46
irrigation,2023-06-02_S3_S4_e824e1bc,2023.0,S3_S4,S3,biochar,M,3,3.9324000000000003,18.19,27.5
irrigation,2023-06-14_S3_S4_71ac748b,2023.0,S3_S4,S3,biochar,B,3,5.6718,24.34,37.06
irrigation,2023-06-14_S3_S4_71ac748b,2023.0,S3_S4,S3,biochar,T,3,7.383,36.49,45.76
irrigation,2023-06-14_S3_S4_71ac748b,2023.0,S3_S4,S4,control,B,3,4.146599999999999,16.8,27.73
irrigation,2023-06-14_S3_S4_71ac748b,2023.0,S3_S4,S4,control,M,3,4.2606,20.19,27.8
irrigation,2023-06-14_S3_S4_71ac748b,2023.0,S3_S4,S4,control,T,3,5.812799999999999,32.19,32.46
irrigation,2023-06-26_S1_S2_69e5d9b6,2023.0,S1_S2,S1,biochar,M,3,6.7602,35.23,39.27
irrigation,2023-06-26_S1_S2_69e5d9b6,2023.0,S1_S2,S1,biochar,T,3,7.2666,37.66,44.14
irrigation,2023-06-26_S1_S2_69e5d9b6,2023.0,S1_S2,S2,control,B,3,5.8122,31.14,34.55
irrigation,2023-06-26_S1_S2_69e5d9b6,2023.0,S1_S2,S2,control,M,3,6.0408,32.89,34.87
irrigation,2023-06-26_S1_S2_69e5d9b6,2023.0,S1_S2,S2,control,T,3,7.033200000000001,38.06,39.95
irrigation,2023-06-27_S3_S4_87f629e2,2023.0,S3_S4,S3,biochar,B,3,5.3712,24.11,33.09
irrigation,2023-06-27_S3_S4_87f629e2,2023.0,S3_S4,S3,biochar,T,3,7.2936000000000005,35.35,45.52
irrigation,2023-06-27_S3_S4_87f629e2,2023.0,S3_S4,S4,control,M,3,4.188000000000001,20.37,26.4
irrigation,2023-06-27_S3_S4_87f629e2,2023.0,S3_S4,S4,control,T,3,6.1782,33.38,35.23
irrigation,2023-07-07_S3_S4_bf19b251,2023.0,S3_S4,S3,biochar,B,3,5.6928,31.21,32.22
irrigation,2023-07-07_S3_S4_bf19b251,2023.0,S3_S4,S3,biochar,T,3,7.0656,35.29,41.73
irrigation,2023-07-07_S3_S4_bf19b251,2023.0,S3_S4,S4,control,M,3,4.0782,18.61,26.54
irrigation,2023-07-07_S3_S4_bf19b251,2023.0,S3_S4,S4,control,T,3,6.7134,33.65,39.46
irrigation,2023-07-17_S1_S2_ae0a89b4,2023.0,S1_S2,S1,biochar,M,3,6.828,35.91,40.0
irrigation,2023-07-17_S1_S2_ae0a89b4,2023.0,S1_S2,S1,biochar,T,3,7.9008,41.49,45.82
irrigation,2023-07-17_S1_S2_ae0a89b4,2023.0,S1_S2,S2,control,B,3,6.3629999999999995,34.48,36.38
irrigation,2023-07-17_S1_S2_ae0a89b4,2023.0,S1_S2,S2,control,M,3,6.0084,31.63,34.72
irrigation,2023-07-17_S1_S2_ae0a89b4,2023.0,S1_S2,S2,control,T,3,7.2072,39.62,40.41
irrigation,2023-07-17_S3_S4_a04fe807,2023.0,S3_S4,S3,biochar,B,3,5.337,23.68,34.92
irrigation,2023-07-17_S3_S4_a04fe807,2023.0,S3_S4,S3,biochar,M,3,6.0906,31.29,35.51
irrigation,2023-07-17_S3_S4_a04fe807,2023.0,S3_S4,S4,control,M,3,4.2989999999999995,17.47,30.05
irrigation,2023-07-17_S3_S4_a04fe807,2023.0,S3_S4,S4,control,T,3,6.6899999999999995,33.07,39.32
irrigation,2023-07-27_S3_S4_89a0fecc,2023.0,S3_S4,S3,biochar,B,3,5.211,23.84,32.01
irrigation,2023-07-27_S3_S4_89a0fecc,2023.0,S3_S4,S3,biochar,T,3,7.1777999999999995,36.25,42.5
irrigation,2023-08-05_S1_S2_efaa9d14,2023.0,S1_S2,S1,biochar,M,3,6.7824,35.31,41.44
irrigation,2023-08-05_S1_S2_efaa9d14,2023.0,S1_S2,S1,biochar,T,3,7.7652,39.87,46.62
irrigation,2023-08-05_S1_S2_efaa9d14,2023.0,S1_S2,S2,control,B,3,5.712,29.81,35.01
irrigation,2023-08-05_S1_S2_efaa9d14,2023.0,S1_S2,S2,control,M,3,6.537000000000001,32.87,39.81
irrigation,2023-08-05_S1_S2_efaa9d14,2023.0,S1_S2,S2,control,T,3,6.8856,37.16,40.13
irrigation,2023-08-05_S3_S4_0f92146d,2023.0,S3_S4,S3,biochar,B,3,4.8228,21.92,29.27
irrigation,2023-08-05_S3_S4_0f92146d,2023.0,S3_S4,S3,biochar,T,3,6.7866,32.67,40.23
irrigation,2023-08-05_S3_S4_0f92146d,2023.0,S3_S4,S4,control,T,3,4.4357999999999995,19.63,27.73
irrigation,2023-08-10_S3_S4_7fce3d7b,2023.0,S3_S4,S3,biochar,B,3,5.1948,24.76,31.03
irrigation,2023-08-10_S3_S4_7fce3d7b,2023.0,S3_S4,S3,biochar,M,3,5.8914,30.63,34.55
irrigation,2023-08-10_S3_S4_7fce3d7b,2023.0,S3_S4,S3,biochar,T,3,7.458,36.44,47.33
irrigation,2023-08-10_S3_S4_7fce3d7b,2023.0,S3_S4,S4,control,B,3,5.0598,26.37,30.73
irrigation,2023-08-10_S3_S4_7fce3d7b,2023.0,S3_S4,S4,control,M,3,3.8933999999999997,17.1,27.14
irrigation,2023-08-10_S3_S4_7fce3d7b,2023.0,S3_S4,S4,control,T,3,6.1338,32.61,36.28
irrigation,2023-08-24_S1_S2_6cc99259,2023.0,S1_S2,S1,biochar,M,3,6.6408000000000005,34.74,39.45
irrigation,2023-08-24_S1_S2_6cc99259,2023.0,S1_S2,S1,biochar,T,3,7.6583999999999985,41.12,43.48
irrigation,2023-08-24_S1_S2_6cc99259,2023.0,S1_S2,S2,control,B,3,5.555999999999999,29.01,33.4
irrigation,2023-08-24_S1_S2_6cc99259,2023.0,S1_S2,S2,control,M,3,5.957999999999999,32.3,34.62
irrigation,2023-08-24_S1_S2_6cc99259,2023.0,S1_S2,S2,control,T,3,6.874200000000001,36.34,40.34
irrigation,2023-08-24_S3_S4_a4b6ae2a,2023.0,S3_S4,S3,biochar,B,3,4.8648,21.97,30.6
irrigation,2023-08-24_S3_S4_a4b6ae2a,2023.0,S3_S4,S3,biochar,T,3,6.9323999999999995,35.92,39.9
irrigation,2023-08-24_S3_S4_a4b6ae2a,2023.0,S3_S4,S4,control,T,3,5.7558,31.63,32.58
irrigation,2023-09-07_S3_S4_ea877a99,2023.0,S3_S4,S3,biochar,B,3,5.245800000000001,23.84,33.75
irrigation,2023-09-07_S3_S4_ea877a99,2023.0,S3_S4,S3,biochar,T,3,7.1868,36.93,42.24
irrigation,2023-09-07_S3_S4_ea877a99,2023.0,S3_S4,S4,control,M,3,4.667999999999999,24.63,27.65
irrigation,2023-09-07_S3_S4_ea877a99,2023.0,S3_S4,S4,control,T,3,6.126,32.02,35.52
irrigation,2023-09-21_S1_S2_6dbb0789,2023.0,S1_S2,S1,biochar,M,3,6.414,33.31,37.83
irrigation,2023-09-21_S1_S2_6dbb0789,2023.0,S1_S2,S1,biochar,T,3,7.4496,39.69,42.3
irrigation,2023-09-21_S1_S2_6dbb0789,2023.0,S1_S2,S2,control,B,3,5.3904,28.87,31.41
irrigation,2023-09-21_S1_S2_6dbb0789,2023.0,S1_S2,S2,control,M,3,6.0978,31.43,38.27
irrigation,2023-09-21_S1_S2_6dbb0789,2023.0,S1_S2,S2,control,T,3,6.7932,35.47,40.87
irrigation,2023-09-22_S3_S4_157133f5,2023.0,S3_S4,S3,biochar,B,3,4.9284,23.43,29.62
irrigation,2023-09-22_S3_S4_157133f5,2023.0,S3_S4,S3,biochar,T,3,6.852600000000001,35.84,40.09
irrigation,2023-09-22_S3_S4_157133f5,2023.0,S3_S4,S4,control,M,3,4.7988,24.85,27.83
irrigation,2023-09-22_S3_S4_157133f5,2023.0,S3_S4,S4,control,T,3,6.424200000000001,31.92,42.82
irrigation,2024-04-19_S3_S4_c5bf8374,2024.0,S3_S4,S3,biochar,B,3,4.9578,22.71,30.81
irrigation,2024-04-19_S3_S4_c5bf8374,2024.0,S3_S4,S3,biochar,T,3,6.7302,35.69,39.91
irrigation,2024-04-19_S3_S4_c5bf8374,2024.0,S3_S4,S4,control,B,3,2.9856,9.0,21.64
irrigation,2024-04-19_S3_S4_c5bf8374,2024.0,S3_S4,S4,control,M,3,4.659000000000001,23.09,29.26
irrigation,2024-04-19_S3_S4_c5bf8374,2024.0,S3_S4,S4,control,T,3,6.2346,31.13,36.71
irrigation,2024-04-20_S1_S2_5f2fb725,2024.0,S1_S2,S1,biochar,B,3,8.7798,45.14,51.96
irrigation,2024-04-20_S1_S2_5f2fb725,2024.0,S1_S2,S1,biochar,M,3,6.430199999999999,33.62,38.29
irrigation,2024-04-20_S1_S2_5f2fb725,2024.0,S1_S2,S1,biochar,T,3,7.5708,38.56,45.04
irrigation,2024-04-20_S1_S2_5f2fb725,2024.0,S1_S2,S2,control,B,3,5.5662,29.39,33.2
irrigation,2024-04-20_S1_S2_5f2fb725,2024.0,S1_S2,S2,control,M,3,6.441000000000001,31.89,39.17
irrigation,2024-04-20_S1_S2_5f2fb725,2024.0,S1_S2,S2,control,T,3,6.5526,34.31,38.88
irrigation,2024-05-03_S3_S4_13e4749a,2024.0,S3_S4,S3,biochar,B,3,4.9884,23.39,30.3
irrigation,2024-05-03_S3_S4_13e4749a,2024.0,S3_S4,S3,biochar,T,3,7.0386,32.97,45.73
irrigation,2024-05-03_S3_S4_13e4749a,2024.0,S3_S4,S4,control,M,3,5.0508,27.33,28.68
irrigation,2024-05-03_S3_S4_13e4749a,2024.0,S3_S4,S4,control,T,3,5.9748,31.92,33.84
irrigation,2024-05-17_S3_S4_09c73fc7,2024.0,S3_S4,S3,biochar,B,3,5.0556,23.78,30.72
irrigation,2024-05-17_S3_S4_09c73fc7,2024.0,S3_S4,S3,biochar,M,3,5.9934,32.5,34.87
irrigation,2024-05-17_S3_S4_09c73fc7,2024.0,S3_S4,S3,biochar,T,3,6.9612,35.75,40.76
irrigation,2024-05-17_S3_S4_09c73fc7,2024.0,S3_S4,S4,control,B,3,5.482200000000001,26.87,34.19
irrigation,2024-05-17_S3_S4_09c73fc7,2024.0,S3_S4,S4,control,M,3,5.0934,27.83,28.67
irrigation,2024-05-17_S3_S4_09c73fc7,2024.0,S3_S4,S4,control,T,3,6.013799999999999,31.83,35.61
irrigation,2024-06-01_S1_S2_ef46e32f,2024.0,S1_S2,S1,biochar,M,3,6.771599999999999,36.15,39.47
irrigation,2024-06-01_S1_S2_ef46e32f,2024.0,S1_S2,S1,biochar,T,3,7.694999999999999,41.98,44.05
irrigation,2024-06-01_S1_S2_ef46e32f,2024.0,S1_S2,S2,control,B,3,6.2867999999999995,30.09,38.94
irrigation,2024-06-01_S1_S2_ef46e32f,2024.0,S1_S2,S2,control,M,3,6.8376,37.09,39.06
irrigation,2024-06-01_S3_S4_0880f850,2024.0,S3_S4,S3,biochar,B,3,5.1438,24.4,30.92
irrigation,2024-06-01_S3_S4_0880f850,2024.0,S3_S4,S3,biochar,T,3,7.3458000000000006,36.0,46.74
irrigation,2024-06-01_S3_S4_0880f850,2024.0,S3_S4,S4,control,M,3,5.836200000000001,28.85,34.33
irrigation,2024-06-01_S3_S4_0880f850,2024.0,S3_S4,S4,control,T,3,6.417000000000001,32.27,41.09
irrigation,2024-06-15_S3_S4_b6aa9839,2024.0,S3_S4,S3,biochar,B,3,5.3309999999999995,26.39,31.33
irrigation,2024-06-15_S3_S4_b6aa9839,2024.0,S3_S4,S3,biochar,T,3,7.1232,36.96,40.98
irrigation,2024-06-15_S3_S4_b6aa9839,2024.0,S3_S4,S4,control,M,3,6.2934,31.96,36.5
irrigation,2024-06-15_S3_S4_b6aa9839,2024.0,S3_S4,S4,control,T,3,6.6774000000000004,32.93,40.6
irrigation,2024-06-22_S1_S2_e95bd875,2024.0,S1_S2,S1,biochar,B,3,7.9206,41.99,47.44
irrigation,2024-06-22_S1_S2_e95bd875,2024.0,S1_S2,S1,biochar,M,3,6.776999999999999,35.22,40.26
irrigation,2024-06-22_S1_S2_e95bd875,2024.0,S1_S2,S1,biochar,T,3,7.848600000000001,42.44,45.53
irrigation,2024-06-22_S1_S2_e95bd875,2024.0,S1_S2,S2,control,B,3,5.4618,29.87,31.18
irrigation,2024-06-22_S1_S2_e95bd875,2024.0,S1_S2,S2,control,M,3,6.6372,34.45,39.17
irrigation,2024-06-22_S1_S2_e95bd875,2024.0,S1_S2,S2,control,T,3,6.8682,32.97,42.86
irrigation,2024-06-28_S3_S4_14b9d993,2024.0,S3_S4,S3,biochar,B,3,5.372999999999999,23.4,35.16
irrigation,2024-06-28_S3_S4_14b9d993,2024.0,S3_S4,S3,biochar,T,3,6.985799999999999,34.35,41.51
irrigation,2024-06-28_S3_S4_14b9d993,2024.0,S3_S4,S4,control,B,3,5.718,24.56,36.97
irrigation,2024-06-28_S3_S4_14b9d993,2024.0,S3_S4,S4,control,M,3,5.3508000000000004,27.05,31.76
irrigation,2024-06-28_S3_S4_14b9d993,2024.0,S3_S4,S4,control,T,3,6.573,34.33,40.15
irrigation,2024-07-11_S3_S4_d29231ea,2024.0,S3_S4,S3,biochar,B,3,5.334,22.61,35.33
irrigation,2024-07-11_S3_S4_d29231ea,2024.0,S3_S4,S3,biochar,T,3,7.209,36.77,42.86
irrigation,2024-07-11_S3_S4_d29231ea,2024.0,S3_S4,S4,control,M,3,5.4762,25.98,35.52
irrigation,2024-07-11_S3_S4_d29231ea,2024.0,S3_S4,S4,control,T,3,6.1332,33.31,35.57
irrigation,2024-07-20_S1_S2_6d735351,2024.0,S1_S2,S1,biochar,B,3,8.0364,40.33,47.16
irrigation,2024-07-20_S1_S2_6d735351,2024.0,S1_S2,S1,biochar,M,3,6.5898,34.76,38.39
irrigation,2024-07-20_S1_S2_6d735351,2024.0,S1_S2,S1,biochar,T,3,7.7178,41.26,45.31
irrigation,2024-07-20_S1_S2_6d735351,2024.0,S1_S2,S2,control,B,3,5.9436,31.11,34.73
irrigation,2024-07-20_S1_S2_6d735351,2024.0,S1_S2,S2,control,M,3,6.2082,34.42,34.58
irrigation,2024-07-26_S3_S4_fd133a4c,2024.0,S3_S4,S3,biochar,B,3,5.291399999999999,23.77,32.9
irrigation,2024-07-26_S3_S4_fd133a4c,2024.0,S3_S4,S3,biochar,M,3,6.226800000000001,32.67,35.96
irrigation,2024-07-26_S3_S4_fd133a4c,2024.0,S3_S4,S4,control,M,3,5.4845999999999995,27.79,35.37
irrigation,2024-07-26_S3_S4_fd133a4c,2024.0,S3_S4,S4,control,T,3,6.2322,32.8,36.21
irrigation,2024-08-09_S3_S4_fd100e26,2024.0,S3_S4,S3,biochar,B,3,5.2272,23.43,33.91
irrigation,2024-08-09_S3_S4_fd100e26,2024.0,S3_S4,S3,biochar,T,3,7.2666,36.94,43.68
irrigation,2024-08-09_S3_S4_fd100e26,2024.0,S3_S4,S4,control,M,3,5.186400000000001,25.84,31.25
irrigation,2024-08-09_S3_S4_fd100e26,2024.0,S3_S4,S4,control,T,3,6.390599999999999,34.77,36.3
irrigation,2024-08-10_S1_S2_de427086,2024.0,S1_S2,S1,biochar,M,3,6.759,36.82,38.46
irrigation,2024-08-10_S1_S2_de427086,2024.0,S1_S2,S1,biochar,T,3,7.4946,39.87,42.58
irrigation,2024-08-10_S1_S2_de427086,2024.0,S1_S2,S2,control,B,3,6.66,35.06,39.2
irrigation,2024-08-10_S1_S2_de427086,2024.0,S1_S2,S2,control,M,3,7.0374,37.24,41.66
irrigation,2024-08-10_S1_S2_de427086,2024.0,S1_S2,S2,control,T,3,7.1778,34.02,45.37
irrigation,2024-08-23_S3_S4_0b64e5f5,2024.0,S3_S4,S3,biochar,B,3,5.3202,24.08,33.6
irrigation,2024-08-23_S3_S4_0b64e5f5,2024.0,S3_S4,S3,biochar,T,3,7.2468,37.56,43.76
irrigation,2024-08-23_S3_S4_0b64e5f5,2024.0,S3_S4,S4,control,M,3,5.2794,27.19,32.23
irrigation,2024-08-23_S3_S4_0b64e5f5,2024.0,S3_S4,S4,control,T,3,6.57,35.74,37.58
irrigation,2024-09-06_S3_S4_9e0ce675,2024.0,S3_S4,S3,biochar,B,3,4.9956,22.99,30.59
irrigation,2024-09-06_S3_S4_9e0ce675,2024.0,S3_S4,S3,biochar,T,3,7.131600000000001,35.97,42.94
irrigation,2024-09-06_S3_S4_9e0ce675,2024.0,S3_S4,S4,control,M,3,5.4612,28.3,31.63
irrigation,2024-09-06_S3_S4_9e0ce675,2024.0,S3_S4,S4,control,T,3,6.009,32.04,34.9
irrigation,2024-09-07_S1_S2_b15b9a0a,2024.0,S1_S2,S1,biochar,B,3,8.0868,40.94,47.32
irrigation,2024-09-07_S1_S2_b15b9a0a,2024.0,S1_S2,S1,biochar,M,3,6.5382,35.27,38.22
irrigation,2024-09-07_S1_S2_b15b9a0a,2024.0,S1_S2,S1,biochar,T,3,7.3824000000000005,38.74,42.91
irrigation,2024-09-07_S1_S2_b15b9a0a,2024.0,S1_S2,S2,control,B,3,6.048,33.05,33.98
irrigation,2024-09-07_S1_S2_b15b9a0a,2024.0,S1_S2,S2,control,M,3,6.243,33.19,36.23
irrigation,2024-09-07_S1_S2_b15b9a0a,2024.0,S1_S2,S2,control,T,3,6.6642,31.08,40.72
irrigation,2024-09-20_S3_S4_032d9e33,2024.0,S3_S4,S3,biochar,B,3,4.674,20.09,29.51
irrigation,2024-09-20_S3_S4_032d9e33,2024.0,S3_S4,S3,biochar,M,3,5.694599999999999,30.52,33.79
irrigation,2024-09-20_S3_S4_032d9e33,2024.0,S3_S4,S3,biochar,T,3,6.9984,36.61,41.22
irrigation,2024-09-20_S3_S4_032d9e33,2024.0,S3_S4,S4,control,T,3,6.466200000000001,34.3,38.61
irrigation,2024-10-04_S3_S4_bf53dc9a,2024.0,S3_S4,S3,biochar,B,3,5.1701999999999995,23.01,33.55
irrigation,2024-10-04_S3_S4_bf53dc9a,2024.0,S3_S4,S3,biochar,T,3,7.0944,37.8,41.8
irrigation,2024-10-04_S3_S4_bf53dc9a,2024.0,S3_S4,S4,control,B,3,5.0928,27.61,29.53
irrigation,2024-10-04_S3_S4_bf53dc9a,2024.0,S3_S4,S4,control,M,3,4.9830000000000005,24.12,32.78
irrigation,2024-10-04_S3_S4_bf53dc9a,2024.0,S3_S4,S4,control,T,3,6.365400000000001,32.5,39.46
irrigation,2024-10-18_S3_S4_e3314155,2024.0,S3_S4,S3,biochar,B,3,5.3435999999999995,25.29,34.18
irrigation,2024-10-18_S3_S4_e3314155,2024.0,S3_S4,S3,biochar,T,3,7.0236,37.1,41.86
irrigation,2024-10-18_S3_S4_e3314155,2024.0,S3_S4,S4,control,M,3,4.9536,24.7,30.22
irrigation,2024-10-18_S3_S4_e3314155,2024.0,S3_S4,S4,control,T,3,5.970000000000001,31.72,34.46
irrigation,2025-04-20_S1_S2_f3457ada,2025.0,S1_S2,S1,biochar,B,3,5.629200000000001,29.68,33.03
irrigation,2025-04-20_S1_S2_f3457ada,2025.0,S1_S2,S1,biochar,M,3,7.235999999999999,38.66,42.46
irrigation,2025-04-20_S1_S2_f3457ada,2025.0,S1_S2,S1,biochar,T,3,7.8156,41.53,46.41
irrigation,2025-04-20_S1_S2_f3457ada,2025.0,S1_S2,S2,control,B,3,6.858600000000001,35.35,39.5
irrigation,2025-04-20_S1_S2_f3457ada,2025.0,S1_S2,S2,control,M,3,7.281,37.55,43.61
irrigation,2025-04-20_S3_S4_ead0e049,2025.0,S3_S4,S3,biochar,B,3,5.9772,30.91,35.4
irrigation,2025-04-20_S3_S4_ead0e049,2025.0,S3_S4,S3,biochar,T,3,7.1286000000000005,34.74,43.99
irrigation,2025-04-20_S3_S4_ead0e049,2025.0,S3_S4,S4,control,B,3,6.5736,34.48,38.94
irrigation,2025-04-20_S3_S4_ead0e049,2025.0,S3_S4,S4,control,M,3,6.3342,33.0,39.25
irrigation,2025-04-20_S3_S4_ead0e049,2025.0,S3_S4,S4,control,T,3,7.2678,38.26,43.03
irrigation,2025-05-02_S3_S4_3cb33cbf,2025.0,S3_S4,S3,biochar,B,3,5.8302,28.96,35.29
irrigation,2025-05-02_S3_S4_3cb33cbf,2025.0,S3_S4,S3,biochar,T,3,7.0409999999999995,33.66,43.41
irrigation,2025-05-02_S3_S4_3cb33cbf,2025.0,S3_S4,S4,control,B,3,6.4536,34.46,38.22
irrigation,2025-05-02_S3_S4_3cb33cbf,2025.0,S3_S4,S4,control,M,3,5.3652,27.29,32.83
irrigation,2025-05-02_S3_S4_3cb33cbf,2025.0,S3_S4,S4,control,T,3,6.2628,34.07,35.29
irrigation,2025-05-16_S1_S2_799859ac,2025.0,S1_S2,S1,biochar,B,3,5.6418,29.55,32.42
irrigation,2025-05-16_S1_S2_799859ac,2025.0,S1_S2,S1,biochar,M,3,6.5706,35.36,38.6
irrigation,2025-05-16_S1_S2_799859ac,2025.0,S1_S2,S1,biochar,T,3,7.408799999999999,41.01,41.43
irrigation,2025-05-16_S1_S2_799859ac,2025.0,S1_S2,S2,control,B,3,6.686399999999999,33.4,40.32
irrigation,2025-05-16_S1_S2_799859ac,2025.0,S1_S2,S2,control,M,3,6.5892,34.07,38.74
irrigation,2025-05-28_S1_S2_ca363c43,2025.0,S1_S2,S1,biochar,B,3,6.0252,29.98,37.95
irrigation,2025-05-28_S1_S2_ca363c43,2025.0,S1_S2,S1,biochar,M,3,6.762,35.36,41.62
irrigation,2025-05-28_S1_S2_ca363c43,2025.0,S1_S2,S1,biochar,T,3,7.1238,37.83,41.51
irrigation,2025-05-28_S1_S2_ca363c43,2025.0,S1_S2,S2,control,B,3,6.4332,31.87,40.57
irrigation,2025-05-28_S1_S2_ca363c43,2025.0,S1_S2,S2,control,M,3,7.238999999999999,35.73,45.63
irrigation,2025-05-28_S3_S4_120d46ab,2025.0,S3_S4,S4,control,T,3,6.3534,35.02,35.68
irrigation,2025-06-13_S3_S4_29345c78,2025.0,S3_S4,S3,biochar,B,3,6.5838,35.55,37.13
irrigation,2025-06-13_S3_S4_29345c78,2025.0,S3_S4,S3,biochar,T,3,7.1508,35.78,42.34
irrigation,2025-06-13_S3_S4_29345c78,2025.0,S3_S4,S4,control,B,3,7.3145999999999995,38.25,41.98
irrigation,2025-06-13_S3_S4_29345c78,2025.0,S3_S4,S4,control,M,3,5.7438,28.95,36.11
irrigation,2025-06-13_S3_S4_29345c78,2025.0,S3_S4,S4,control,T,3,7.022399999999999,35.89,41.85
irrigation,2025-06-27_S1_S2_ff537961,2025.0,S1_S2,S1,biochar,M,3,7.3824,39.43,41.98
irrigation,2025-06-27_S1_S2_ff537961,2025.0,S1_S2,S1,biochar,T,3,7.827,42.01,45.84
irrigation,2025-06-27_S1_S2_ff537961,2025.0,S1_S2,S2,control,B,3,7.0362,35.3,42.4
irrigation,2025-06-27_S1_S2_ff537961,2025.0,S1_S2,S2,control,M,3,7.83,41.48,46.99
irrigation,2025-06-28_S3_S4_d9252a87,2025.0,S3_S4,S3,biochar,T,3,6.994199999999999,35.08,40.85
irrigation,2025-06-28_S3_S4_d9252a87,2025.0,S3_S4,S4,control,M,3,6.461399999999999,34.12,37.64
irrigation,2025-06-28_S3_S4_d9252a87,2025.0,S3_S4,S4,control,T,3,6.912599999999999,36.08,41.01
irrigation,2025-07-11_S3_S4_e179d57e,2025.0,S3_S4,S3,biochar,B,3,6.614999999999999,36.04,37.38
irrigation,2025-07-11_S3_S4_e179d57e,2025.0,S3_S4,S3,biochar,T,3,7.1946,35.31,43.72
irrigation,2025-07-11_S3_S4_e179d57e,2025.0,S3_S4,S4,control,B,3,7.3998,39.17,43.3
irrigation,2025-07-11_S3_S4_e179d57e,2025.0,S3_S4,S4,control,M,3,6.7374,36.46,38.2
irrigation,2025-07-11_S3_S4_e179d57e,2025.0,S3_S4,S4,control,T,3,6.528600000000001,34.84,37.66
irrigation,2025-07-26_S1_S2_98e2053f,2025.0,S1_S2,S1,biochar,B,3,5.6742,28.23,35.53
irrigation,2025-07-26_S1_S2_98e2053f,2025.0,S1_S2,S1,biochar,M,3,6.6468,35.03,39.36
irrigation,2025-07-26_S1_S2_98e2053f,2025.0,S1_S2,S1,biochar,T,3,7.6248000000000005,40.43,44.48
irrigation,2025-07-26_S1_S2_98e2053f,2025.0,S1_S2,S2,control,B,3,6.5472,30.76,39.66
irrigation,2025-07-26_S1_S2_98e2053f,2025.0,S1_S2,S2,control,M,3,6.943199999999999,35.9,40.28
irrigation,2025-07-26_S3_S4_b4053dcf,2025.0,S3_S4,S3,biochar,B,3,5.825399999999999,31.06,34.62
irrigation,2025-07-26_S3_S4_b4053dcf,2025.0,S3_S4,S3,biochar,T,3,6.9894,34.99,40.89
irrigation,2025-07-26_S3_S4_b4053dcf,2025.0,S3_S4,S4,control,B,3,7.3542000000000005,38.35,43.77
irrigation,2025-07-26_S3_S4_b4053dcf,2025.0,S3_S4,S4,control,M,3,5.4276,26.2,33.66
irrigation,2025-07-26_S3_S4_b4053dcf,2025.0,S3_S4,S4,control,T,3,6.444,35.37,36.51
irrigation,2025-08-08_S3_S4_7c793582,2025.0,S3_S4,S3,biochar,B,3,5.7216000000000005,28.85,34.16
irrigation,2025-08-08_S3_S4_7c793582,2025.0,S3_S4,S4,control,B,3,6.8694,35.98,39.29
irrigation,2025-08-08_S3_S4_7c793582,2025.0,S3_S4,S4,control,M,3,5.7372000000000005,29.32,34.38
irrigation,2025-08-08_S3_S4_7c793582,2025.0,S3_S4,S4,control,T,3,6.367800000000001,34.84,36.09
irrigation,2025-08-22_S1_S2_9f8675d7,2025.0,S1_S2,S1,biochar,B,3,4.869,14.5,33.68
irrigation,2025-08-22_S1_S2_9f8675d7,2025.0,S1_S2,S1,biochar,M,3,6.4758,33.9,38.48
irrigation,2025-08-22_S1_S2_9f8675d7,2025.0,S1_S2,S1,biochar,T,3,7.0992,36.92,41.29
irrigation,2025-08-22_S1_S2_9f8675d7,2025.0,S1_S2,S2,control,B,3,5.784599999999999,29.65,35.26
irrigation,2025-08-22_S1_S2_9f8675d7,2025.0,S1_S2,S2,control,M,3,6.948,37.83,39.1
irrigation,2025-08-22_S3_S4_1b405e4b,2025.0,S3_S4,S3,biochar,B,3,4.7298,21.41,30.75
irrigation,2025-08-22_S3_S4_1b405e4b,2025.0,S3_S4,S3,biochar,T,3,6.4878,25.04,43.01
irrigation,2025-08-22_S3_S4_1b405e4b,2025.0,S3_S4,S4,control,M,3,5.1894,26.55,32.6
irrigation,2025-08-22_S3_S4_1b405e4b,2025.0,S3_S4,S4,control,T,3,6.291,34.28,35.79
irrigation,2025-09-20_S1_S2_81d8ab0f,2025.0,S1_S2,S1,biochar,B,3,5.0334,21.08,32.45
irrigation,2025-09-20_S1_S2_81d8ab0f,2025.0,S1_S2,S1,biochar,M,3,6.4986,32.68,40.57
irrigation,2025-09-20_S1_S2_81d8ab0f,2025.0,S1_S2,S1,biochar,T,3,6.992999999999999,37.64,40.08
irrigation,2025-09-20_S1_S2_81d8ab0f,2025.0,S1_S2,S2,control,B,3,5.6975999999999996,28.31,36.33
irrigation,2025-09-20_S1_S2_81d8ab0f,2025.0,S1_S2,S2,control,M,3,6.645,34.52,38.22
irrigation,2025-09-20_S3_S4_f86ee2c5,2025.0,S3_S4,S3,biochar,B,3,5.677200000000001,29.21,33.39
irrigation,2025-09-20_S3_S4_f86ee2c5,2025.0,S3_S4,S3,biochar,T,3,7.2684,36.71,45.75
irrigation,2025-09-20_S3_S4_f86ee2c5,2025.0,S3_S4,S4,control,B,3,7.212,36.3,42.98
irrigation,2025-09-20_S3_S4_f86ee2c5,2025.0,S3_S4,S4,control,M,3,5.6544,30.02,33.42
irrigation,2025-09-20_S3_S4_f86ee2c5,2025.0,S3_S4,S4,control,T,3,6.4601999999999995,34.87,37.5
irrigation,2025-10-04_S3_S4_4439230e,2025.0,S3_S4,S3,biochar,B,3,5.739,28.87,34.01
irrigation,2025-10-04_S3_S4_4439230e,2025.0,S3_S4,S4,control,B,3,6.695399999999999,33.89,41.44
irrigation,2025-10-04_S3_S4_4439230e,2025.0,S3_S4,S4,control,M,3,5.3862,27.3,31.26
irrigation,2025-10-04_S3_S4_4439230e,2025.0,S3_S4,S4,control,T,3,6.7098,34.85,41.64
irrigation,2026-04-21_S1_S2_001c30f6,2026.0,S1_S2,S1,biochar,B,3,5.1162,22.94,32.63
irrigation,2026-04-21_S1_S2_001c30f6,2026.0,S1_S2,S1,biochar,M,3,6.6983999999999995,32.79,39.68
irrigation,2026-04-21_S1_S2_001c30f6,2026.0,S1_S2,S1,biochar,T,3,7.4736,38.53,45.93
irrigation,2026-04-21_S1_S2_001c30f6,2026.0,S1_S2,S2,control,B,3,6.3149999999999995,34.41,36.27
irrigation,2026-04-21_S1_S2_001c30f6,2026.0,S1_S2,S2,control,M,3,6.7176,36.49,38.32
irrigation,2026-04-21_S1_S2_001c30f6,2026.0,S1_S2,S2,control,T,3,8.1726,40.85,49.53
irrigation,2026-04-21_S3_S4_ed1ed131,2026.0,S3_S4,S3,biochar,B,3,5.6124,29.25,34.59
irrigation,2026-04-21_S3_S4_ed1ed131,2026.0,S3_S4,S3,biochar,M,3,6.6137999999999995,35.19,37.63
irrigation,2026-04-21_S3_S4_ed1ed131,2026.0,S3_S4,S3,biochar,T,3,7.3614,35.43,48.13
irrigation,2026-04-21_S3_S4_ed1ed131,2026.0,S3_S4,S4,control,M,3,5.7264,29.97,33.63
irrigation,2026-04-21_S3_S4_ed1ed131,2026.0,S3_S4,S4,control,T,3,6.763200000000001,36.17,39.14
irrigation,2026-05-08_S3_S4_989607cc,2026.0,S3_S4,S3,biochar,B,3,5.811,30.48,35.11
irrigation,2026-05-08_S3_S4_989607cc,2026.0,S3_S4,S3,biochar,M,3,6.776400000000001,36.79,39.01
irrigation,2026-05-08_S3_S4_989607cc,2026.0,S3_S4,S3,biochar,T,3,7.109999999999999,34.44,44.93
irrigation,2026-05-08_S3_S4_989607cc,2026.0,S3_S4,S4,control,B,3,7.1058,37.04,42.14
irrigation,2026-05-08_S3_S4_989607cc,2026.0,S3_S4,S4,control,M,3,5.9244,30.46,37.58
irrigation,2026-05-08_S3_S4_989607cc,2026.0,S3_S4,S4,control,T,3,6.609,36.17,37.36
irrigation,2026-05-20_S1_S2_49743b7c,2026.0,S1_S2,S1,biochar,B,3,4.8726,18.27,32.51
irrigation,2026-05-20_S1_S2_49743b7c,2026.0,S1_S2,S1,biochar,M,3,6.393000000000001,32.34,37.52
irrigation,2026-05-20_S1_S2_49743b7c,2026.0,S1_S2,S1,biochar,T,3,7.1724,38.54,41.51
irrigation,2026-05-20_S1_S2_49743b7c,2026.0,S1_S2,S2,control,B,3,5.9658,30.17,35.12
irrigation,2026-05-20_S1_S2_49743b7c,2026.0,S1_S2,S2,control,M,3,6.5952,35.66,37.35
irrigation,2026-05-20_S1_S2_49743b7c,2026.0,S1_S2,S2,control,T,3,6.7422,27.83,43.95
irrigation,2026-05-21_S3_S4_272f948e,2026.0,S3_S4,S3,biochar,B,3,5.694599999999999,28.36,34.12
irrigation,2026-05-21_S3_S4_272f948e,2026.0,S3_S4,S3,biochar,M,3,6.3978,34.74,37.09
irrigation,2026-05-21_S3_S4_272f948e,2026.0,S3_S4,S3,biochar,T,3,6.7278,30.48,42.9
irrigation,2026-05-21_S3_S4_272f948e,2026.0,S3_S4,S4,control,M,3,6.015,30.32,36.6
irrigation,2026-05-21_S3_S4_272f948e,2026.0,S3_S4,S4,control,T,3,6.495000000000001,34.99,37.68
irrigation,2026-06-05_S3_S4_f5beba0a,2026.0,S3_S4,S3,biochar,B,3,5.3718,25.46,33.97
irrigation,2026-06-05_S3_S4_f5beba0a,2026.0,S3_S4,S3,biochar,M,3,6.2472,32.75,37.88
irrigation,2026-06-05_S3_S4_f5beba0a,2026.0,S3_S4,S4,control,M,3,5.874599999999999,30.04,37.46
irrigation,2026-06-05_S3_S4_f5beba0a,2026.0,S3_S4,S4,control,T,3,6.519,35.3,36.91
irrigation,2026-06-20_S1_S2_ba82572f,2026.0,S1_S2,S1,biochar,B,3,5.1582,15.97,37.63
irrigation,2026-06-20_S1_S2_ba82572f,2026.0,S1_S2,S1,biochar,M,3,6.4998000000000005,32.89,38.41
irrigation,2026-06-20_S1_S2_ba82572f,2026.0,S1_S2,S1,biochar,T,3,7.5522,41.23,42.94
irrigation,2026-06-20_S1_S2_ba82572f,2026.0,S1_S2,S2,control,B,3,6.3648,31.56,38.55
irrigation,2026-06-20_S1_S2_ba82572f,2026.0,S1_S2,S2,control,M,3,6.832800000000001,37.72,38.37
irrigation,2026-06-20_S3_S4_47159afc,2026.0,S3_S4,S3,biochar,B,3,6.4842,35.09,37.22
irrigation,2026-06-20_S3_S4_47159afc,2026.0,S3_S4,S3,biochar,M,3,6.824999999999999,35.73,40.65
irrigation,2026-06-20_S3_S4_47159afc,2026.0,S3_S4,S4,control,B,3,6.9605999999999995,36.64,40.37
irrigation,2026-06-20_S3_S4_47159afc,2026.0,S3_S4,S4,control,T,3,6.731400000000001,35.45,39.37
irrigation,2026-06-27_S1_S2_be4e641a,2026.0,S1_S2,S1,biochar,B,3,5.466,23.03,35.82
irrigation,2026-06-27_S1_S2_be4e641a,2026.0,S1_S2,S1,biochar,M,3,6.559200000000001,33.93,38.86
irrigation,2026-06-27_S1_S2_be4e641a,2026.0,S1_S2,S1,biochar,T,3,7.473000000000001,38.93,44.92
irrigation,2026-06-27_S1_S2_be4e641a,2026.0,S1_S2,S2,control,B,3,6.6486,35.37,38.97
irrigation,2026-06-27_S1_S2_be4e641a,2026.0,S1_S2,S2,control,M,3,6.6822,34.83,40.94
irrigation,2026-06-27_S1_S2_be4e641a,2026.0,S1_S2,S2,control,T,3,6.977399999999999,27.98,46.15
irrigation,2026-06-27_S3_S4_dc68d0eb,2026.0,S3_S4,S3,biochar,M,3,7.0788,36.93,41.68
irrigation,2026-06-27_S3_S4_dc68d0eb,2026.0,S3_S4,S4,control,T,3,6.5676,33.8,39.26
irrigation,2026-07-05_S3_S4_b3db7964,2026.0,S3_S4,S3,biochar,B,3,6.2862,34.38,35.95
irrigation,2026-07-05_S3_S4_b3db7964,2026.0,S3_S4,S3,biochar,M,3,6.5724,34.82,37.64
irrigation,2026-07-05_S3_S4_b3db7964,2026.0,S3_S4,S4,control,B,3,7.3134,40.39,40.8
irrigation,2026-07-05_S3_S4_b3db7964,2026.0,S3_S4,S4,control,M,3,6.1613999999999995,31.59,36.66
irrigation,2026-07-05_S3_S4_b3db7964,2026.0,S3_S4,S4,control,T,3,6.5016,35.51,37.0
irrigation,2026-07-24_S1_S2_63eb5228,2026.0,S1_S2,S1,biochar,B,3,5.2224,13.32,37.31
irrigation,2026-07-24_S1_S2_63eb5228,2026.0,S1_S2,S1,biochar,M,3,6.3636,31.08,39.71
irrigation,2026-07-24_S1_S2_63eb5228,2026.0,S1_S2,S1,biochar,T,3,7.285800000000001,37.74,42.09
irrigation,2026-07-24_S1_S2_63eb5228,2026.0,S1_S2,S2,control,B,3,5.433,28.27,31.98
irrigation,2026-07-24_S1_S2_63eb5228,2026.0,S1_S2,S2,control,M,3,6.562200000000001,34.57,38.49
irrigation,2026-07-24_S1_S2_63eb5228,2026.0,S1_S2,S2,control,T,3,6.582,29.67,41.41
irrigation,2026-07-24_S3_S4_d28f9731,2026.0,S3_S4,S3,biochar,M,3,6.33,34.58,36.21
irrigation,2026-07-24_S3_S4_d28f9731,2026.0,S3_S4,S4,control,B,3,6.134399999999999,31.7,38.07
irrigation,2026-07-24_S3_S4_d28f9731,2026.0,S3_S4,S4,control,M,3,5.9670000000000005,30.59,36.52
irrigation,2026-07-24_S3_S4_d28f9731,2026.0,S3_S4,S4,control,T,3,6.4146,35.33,35.9
irrigation,2026-08-14_S1_S2_72b4c1d7,2026.0,S1_S2,S1,biochar,B,3,3.7818,9.19,32.6
irrigation,2026-08-14_S1_S2_72b4c1d7,2026.0,S1_S2,S1,biochar,M,3,5.5001999999999995,24.4,36.39
irrigation,2026-08-14_S1_S2_72b4c1d7,2026.0,S1_S2,S1,biochar,T,3,7.0920000000000005,37.21,41.03
irrigation,2026-08-14_S1_S2_72b4c1d7,2026.0,S1_S2,S2,control,B,3,4.8096,25.83,28.32
irrigation,2026-08-14_S1_S2_72b4c1d7,2026.0,S1_S2,S2,control,M,3,6.4116,34.34,37.54
irrigation,2026-08-14_S1_S2_72b4c1d7,2026.0,S1_S2,S2,control,T,3,6.682799999999999,27.74,43.0
irrigation,2026-08-14_S3_S4_1912adab,2026.0,S3_S4,S3,biochar,M,3,5.962199999999999,31.18,34.79
irrigation,2026-08-14_S3_S4_1912adab,2026.0,S3_S4,S4,control,M,3,5.2812,26.97,33.21
irrigation,2026-08-14_S3_S4_1912adab,2026.0,S3_S4,S4,control,T,3,6.1614,33.05,36.08
precipitation,precip_20240329_1030_20240401_1545,2024.0,S1_S2,S1,biochar,B,3,4.7754,25.24,28.51
precipitation,precip_20241029_0615_20241030_0715,2024.0,S1_S2,S1,biochar,B,3,2.8314000000000004,15.04,16.94
precipitation,precip_20241103_1330_20241109_0300,2024.0,S1_S2,S1,biochar,B,3,2.8242000000000003,14.98,17.04
precipitation,precip_20250505_0030_20250506_2030,2025.0,S3_S4,S4,control,B,3,6.393,32.21,39.16
precipitation,precip_20250703_1730_20250703_1915,2025.0,S1_S2,S1,biochar,B,3,5.4528,29.25,31.23
precipitation,precip_20250703_1730_20250703_1915,2025.0,S1_S2,S2,control,B,3,5.3166,26.58,34.97
precipitation,precip_20250703_1730_20250703_1915,2025.0,S3_S4,S3,biochar,B,3,5.4894,29.63,31.32
precipitation,precip_20250703_1730_20250703_1915,2025.0,S3_S4,S4,control,M,3,5.6334,29.42,33.67
precipitation,precip_20250912_1500_20250913_1500,2025.0,S3_S4,S3,biochar,M,3,4.7088,22.3,32.94
precipitation,precip_20250912_1500_20250913_1500,2025.0,S3_S4,S4,control,B,3,7.446,41.09,41.71
precipitation,precip_20250912_1500_20250913_1500,2025.0,S3_S4,S4,control,T,3,5.0772,25.48,31.03
precipitation,precip_20251010_0245_20251014_1030,2025.0,S1_S2,S1,biochar,B,3,5.124,23.22,32.3
precipitation,precip_20251010_0245_20251014_1030,2025.0,S1_S2,S1,biochar,M,3,6.2502,31.97,38.85
precipitation,precip_20251010_0245_20251014_1030,2025.0,S1_S2,S1,biochar,T,3,6.5382,34.28,38.12
precipitation,precip_20251010_0245_20251014_1030,2025.0,S1_S2,S2,control,B,3,5.7516,28.32,37.94
precipitation,precip_20251010_0245_20251014_1030,2025.0,S1_S2,S2,control,M,3,6.232200000000001,32.46,38.06
precipitation,precip_20251010_0245_20251014_1030,2025.0,S1_S2,S2,control,T,3,5.8548,26.83,37.97
precipitation,precip_20251010_0245_20251014_1030,2025.0,S3_S4,S3,biochar,B,3,5.0748,25.01,30.01
precipitation,precip_20251010_0245_20251014_1030,2025.0,S3_S4,S3,biochar,M,3,6.0108,30.96,36.72
precipitation,precip_20251010_0245_20251014_1030,2025.0,S3_S4,S3,biochar,T,3,7.090199999999999,32.06,49.51
precipitation,precip_20251010_0245_20251014_1030,2025.0,S3_S4,S4,control,M,3,5.3994,27.42,31.95
precipitation,precip_20251010_0245_20251014_1030,2025.0,S3_S4,S4,control,T,3,5.9724,31.51,34.2
precipitation,precip_20260414_0015_20260417_1015,2026.0,S3_S4,S3,biochar,T,3,5.1342,18.03,42.53
