year,strip_group,location,strip,event_id,irrigation_start,irrigation_end,gallons_strip,event_duration_hours,avg_flow_gph_strip,bottom_zone_storage_gal_0_18in,middle_zone_storage_gal_0_18in,top_zone_storage_gal_0_18in,n_zones_with_valid_storage,complete_three_zone_coverage,n_zones_with_storage,estimated_storage_gal_strip_0_18in,water_balance_residual_gal_strip,storage_exceeds_applied_water,unretained_gal_strip,estimated_storage_fraction_0_18in,unretained_fraction,whole_strip_storage_estimate_available
2023,S1_S2,west,S1,2023-05-23_S1_S2_176caf9a,2023-05-23 15:25:00,2023-05-23 19:19:00,72500.00,3.90,18589.74,,12678.00,17940.05,2,False,2,,,False,,,,False
2023,S1_S2,west,S1,2023-06-01_S1_S2_5b27ce31,2023-06-01 11:16:08,2023-06-01 18:45:00,33650.00,7.48,4497.99,,3510.87,3716.32,2,False,2,,,False,,,,False
2023,S1_S2,west,S1,2023-06-26_S1_S2_69e5d9b6,2023-06-26 09:31:00,2023-06-26 16:02:00,44700.00,6.52,6859.34,,10506.18,13499.95,2,False,2,,,False,,,,False
2023,S1_S2,west,S1,2023-07-17_S1_S2_ae0a89b4,2023-07-17 08:04:00,2023-07-17 16:04:00,60450.00,8.00,7556.25,,13008.68,16428.22,2,False,2,,,False,,,,False
2023,S1_S2,west,S1,2023-08-05_S1_S2_efaa9d14,2023-08-05 08:48:00,2023-08-05 14:56:00,49250.00,6.13,8029.89,,9244.00,15024.46,2,False,2,,,False,,,,False
2023,S1_S2,west,S1,2023-08-24_S1_S2_6cc99259,2023-08-24 13:47:00,2023-08-24 18:16:00,30125.00,4.48,6719.33,,9002.34,14953.09,2,False,2,,,False,,,,False
2023,S1_S2,west,S1,2023-09-21_S1_S2_6dbb0789,2023-09-21 09:07:00,2023-09-21 16:09:00,37650.00,7.03,5353.08,,10648.08,15303.40,2,False,2,,,False,,,,False
2023,S1_S2,west,S2,2023-05-23_S1_S2_176caf9a,2023-05-23 15:25:00,2023-05-23 19:19:00,72500.00,3.90,18589.74,16053.17,16101.01,,2,False,2,,,False,,,,False
2023,S1_S2,west,S2,2023-06-01_S1_S2_5b27ce31,2023-06-01 11:16:08,2023-06-01 18:45:00,33650.00,7.48,4497.99,4766.07,4278.42,,2,False,2,,,False,,,,False
2023,S1_S2,west,S2,2023-06-26_S1_S2_69e5d9b6,2023-06-26 09:31:00,2023-06-26 16:02:00,44700.00,6.52,6859.34,14523.22,14658.96,12822.22,3,True,3,42004.40,2695.60,False,2695.60,0.94,0.06,True
2023,S1_S2,west,S2,2023-07-17_S1_S2_ae0a89b4,2023-07-17 08:04:00,2023-07-17 16:04:00,60450.00,8.00,7556.25,16979.15,14768.60,13914.97,3,True,3,45662.72,14787.28,False,14787.28,0.76,0.24,True
2023,S1_S2,west,S2,2023-08-05_S1_S2_efaa9d14,2023-08-05 08:48:00,2023-08-05 14:56:00,49250.00,6.13,8029.89,11913.24,12245.98,11433.89,3,True,3,35593.10,13656.90,False,13656.90,0.72,0.28,True
2023,S1_S2,west,S2,2023-08-24_S1_S2_6cc99259,2023-08-24 13:47:00,2023-08-24 18:16:00,30125.00,4.48,6719.33,11532.35,9311.20,11581.68,3,True,3,32425.22,-2300.22,True,0.00,1.08,0.00,True
2023,S1_S2,west,S2,2023-09-21_S1_S2_6dbb0789,2023-09-21 09:07:00,2023-09-21 16:09:00,37650.00,7.03,5353.08,13586.56,11764.57,12153.22,3,True,3,37504.35,145.65,False,145.65,1.00,0.00,True
2023,S3_S4,east,S3,2023-05-24_S3_S4_31cada45,2023-05-24 09:25:00,2023-05-24 13:19:00,73300.00,3.90,18794.87,8130.10,,,1,False,1,,,False,,,,False
2023,S3_S4,east,S3,2023-06-02_S3_S4_e824e1bc,2023-06-02 15:43:00,2023-06-02 22:12:00,33750.00,6.48,5205.66,6879.78,,,1,False,1,,,False,,,,False
2023,S3_S4,east,S3,2023-06-14_S3_S4_71ac748b,2023-06-14 08:25:00,2023-06-14 17:29:00,64100.00,9.07,7069.85,8756.72,,7351.74,2,False,2,,,False,,,,False
2023,S3_S4,east,S3,2023-06-27_S3_S4_87f629e2,2023-06-27 07:53:00,2023-06-27 16:14:00,67850.00,8.35,8125.75,9071.06,,9489.25,2,False,2,,,False,,,,False
2023,S3_S4,east,S3,2023-07-07_S3_S4_bf19b251,2023-07-07 07:46:00,2023-07-07 15:46:00,64250.00,8.00,8031.25,9790.10,,8352.27,2,False,2,,,False,,,,False
2023,S3_S4,east,S3,2023-07-17_S3_S4_a04fe807,2023-07-17 19:19:00,2023-07-18 05:53:00,80450.00,10.57,7613.56,11055.01,9307.54,10513.16,3,True,3,30875.71,49574.29,False,49574.29,0.38,0.62,True
2023,S3_S4,east,S3,2023-07-27_S3_S4_89a0fecc,2023-07-27 10:00:00,2023-07-27 17:29:00,25200.00,7.48,3367.48,8255.41,,8941.79,2,False,2,,,False,,,,False
2023,S3_S4,east,S3,2023-08-05_S3_S4_0f92146d,2023-08-05 08:51:00,2023-08-05 11:03:00,18300.00,2.20,8318.18,3808.46,,6039.18,2,False,2,,,False,,,,False
2023,S3_S4,east,S3,2023-08-10_S3_S4_7fce3d7b,2023-08-10 13:57:00,2023-08-10 19:37:00,52850.00,5.67,9326.47,4907.89,,7517.73,2,False,2,,,False,,,,False
2023,S3_S4,east,S3,2023-08-24_S3_S4_a4b6ae2a,2023-08-24 13:47:00,2023-08-24 18:16:00,30125.00,4.48,6719.33,8388.40,,9781.42,2,False,2,,,False,,,,False
2023,S3_S4,east,S3,2023-09-07_S3_S4_ea877a99,2023-09-07 07:38:00,2023-09-07 18:19:00,78850.00,10.68,7380.66,9419.34,,11215.36,2,False,2,,,False,,,,False
2023,S3_S4,east,S3,2023-09-22_S3_S4_157133f5,2023-09-22 07:20:00,2023-09-22 16:18:00,72300.00,8.97,8063.20,6466.80,,9524.07,2,False,2,,,False,,,,False
2023,S3_S4,east,S4,2023-05-24_S3_S4_31cada45,2023-05-24 09:25:00,2023-05-24 13:19:00,73300.00,3.90,18794.87,,9226.81,9195.17,2,False,2,,,False,,,,False
2023,S3_S4,east,S4,2023-06-14_S3_S4_71ac748b,2023-06-14 08:25:00,2023-06-14 17:29:00,64100.00,9.07,7069.85,4943.84,6874.61,8829.60,3,True,3,20648.05,43451.95,False,43451.95,0.32,0.68,True
2023,S3_S4,east,S4,2023-06-27_S3_S4_87f629e2,2023-06-27 07:53:00,2023-06-27 16:14:00,67850.00,8.35,8125.75,,5540.14,9762.41,2,False,2,,,False,,,,False
2023,S3_S4,east,S4,2023-07-07_S3_S4_bf19b251,2023-07-07 07:46:00,2023-07-07 15:46:00,64250.00,8.00,8031.25,,6052.87,10265.85,2,False,2,,,False,,,,False
2023,S3_S4,east,S4,2023-07-17_S3_S4_a04fe807,2023-07-17 19:19:00,2023-07-18 05:53:00,80450.00,10.57,7613.56,6064.40,8636.80,11547.74,3,True,3,26248.93,54201.07,False,54201.07,0.33,0.67,True
2023,S3_S4,east,S4,2023-08-05_S3_S4_0f92146d,2023-08-05 08:51:00,2023-08-05 11:03:00,18300.00,2.20,8318.18,,,4826.99,1,False,1,,,False,,,,False
2023,S3_S4,east,S4,2023-08-10_S3_S4_7fce3d7b,2023-08-10 13:57:00,2023-08-10 19:37:00,52850.00,5.67,9326.47,6870.00,7633.50,8978.79,3,True,3,23482.29,29367.71,False,29367.71,0.44,0.56,True
2023,S3_S4,east,S4,2023-08-24_S3_S4_a4b6ae2a,2023-08-24 13:47:00,2023-08-24 18:16:00,30125.00,4.48,6719.33,,,8966.36,1,False,1,,,False,,,,False
2023,S3_S4,east,S4,2023-09-07_S3_S4_ea877a99,2023-09-07 07:38:00,2023-09-07 18:19:00,78850.00,10.68,7380.66,,10486.98,10457.38,2,False,2,,,False,,,,False
2023,S3_S4,east,S4,2023-09-22_S3_S4_157133f5,2023-09-22 07:20:00,2023-09-22 16:18:00,72300.00,8.97,8063.20,,7333.24,10461.45,2,False,2,,,False,,,,False
2024,S1_S2,west,S1,2024-04-20_S1_S2_5f2fb725,2024-04-20 10:11:00,2024-04-20 17:54:00,62950.00,7.72,8157.67,15626.36,11704.67,15749.78,3,True,3,43080.81,19869.19,False,19869.19,0.68,0.32,True
2024,S1_S2,west,S1,2024-06-01_S1_S2_ef46e32f,2024-06-01 18:05:00,2024-06-02 07:46:00,81250.00,13.68,5937.88,7348.85,10750.18,15161.63,3,True,3,33260.65,47989.35,False,47989.35,0.41,0.59,True
2024,S1_S2,west,S1,2024-06-22_S1_S2_e95bd875,2024-06-22 08:00:00,2024-06-22 15:49:00,47100.00,7.82,6025.59,10201.79,10217.22,13784.75,3,True,3,34203.77,12896.23,False,12896.23,0.73,0.27,True
2024,S1_S2,west,S1,2024-07-20_S1_S2_6d735351,2024-07-20 08:54:00,2024-07-20 17:43:00,55550.00,8.82,6300.57,14927.59,12871.75,15567.85,3,True,3,43367.19,12182.81,False,12182.81,0.78,0.22,True
2024,S1_S2,west,S1,2024-08-10_S1_S2_de427086,2024-08-10 08:50:00,2024-08-10 20:38:00,84700.00,11.80,7177.97,,11135.86,12837.64,2,False,2,,,False,,,,False
2024,S1_S2,west,S1,2024-09-07_S1_S2_b15b9a0a,2024-09-07 08:23:00,2024-09-07 16:16:00,53000.00,7.88,6723.04,10485.67,8915.33,10899.61,3,True,3,30300.61,22699.39,False,22699.39,0.57,0.43,True
2024,S1_S2,west,S2,2024-04-20_S1_S2_5f2fb725,2024-04-20 10:11:00,2024-04-20 17:54:00,62950.00,7.72,8157.67,13733.18,14303.37,10552.53,3,True,3,38589.08,24360.92,False,24360.92,0.61,0.39,True
2024,S1_S2,west,S2,2024-06-01_S1_S2_ef46e32f,2024-06-01 18:05:00,2024-06-02 07:46:00,81250.00,13.68,5937.88,16436.29,16792.30,15204.67,3,True,3,48433.27,32816.73,False,32816.73,0.60,0.40,True
2024,S1_S2,west,S2,2024-06-22_S1_S2_e95bd875,2024-06-22 08:00:00,2024-06-22 15:49:00,47100.00,7.82,6025.59,13933.38,12580.75,13543.60,3,True,3,40057.73,7042.27,False,7042.27,0.85,0.15,True
2024,S1_S2,west,S2,2024-07-20_S1_S2_6d735351,2024-07-20 08:54:00,2024-07-20 17:43:00,55550.00,8.82,6300.57,15829.99,14944.59,,2,False,2,,,False,,,,False
2024,S1_S2,west,S2,2024-08-10_S1_S2_de427086,2024-08-10 08:50:00,2024-08-10 20:38:00,84700.00,11.80,7177.97,17024.70,13742.11,14092.80,3,True,3,44859.62,39840.38,False,39840.38,0.53,0.47,True
2024,S1_S2,west,S2,2024-09-07_S1_S2_b15b9a0a,2024-09-07 08:23:00,2024-09-07 16:16:00,53000.00,7.88,6723.04,13418.18,9620.11,11350.39,3,True,3,34388.67,18611.33,False,18611.33,0.65,0.35,True
2024,S3_S4,east,S3,2024-04-19_S3_S4_c5bf8374,2024-04-19 14:14:00,2024-04-19 21:33:00,54875.00,7.32,7500.00,9801.97,11247.65,11386.73,3,True,3,32436.34,22438.66,False,22438.66,0.59,0.41,True
2024,S3_S4,east,S3,2024-05-03_S3_S4_13e4749a,2024-05-03 08:37:00,2024-05-03 15:28:00,44600.00,6.85,6510.95,5039.71,8603.86,8553.76,3,True,3,22197.33,22402.67,False,22402.67,0.50,0.50,True
2024,S3_S4,east,S3,2024-05-17_S3_S4_09c73fc7,2024-05-17 13:31:00,2024-05-17 19:09:00,47550.00,5.63,8440.83,5532.37,7702.63,7953.19,3,True,3,21188.19,26361.81,False,26361.81,0.45,0.55,True
2024,S3_S4,east,S3,2024-06-01_S3_S4_0880f850,2024-06-01 08:29:00,2024-06-01 17:57:00,61450.00,9.47,6491.20,6622.56,9854.27,9655.04,3,True,3,26131.87,35318.13,False,35318.13,0.43,0.57,True
2024,S3_S4,east,S3,2024-06-15_S3_S4_b6aa9839,2024-06-15 07:29:00,2024-06-15 16:13:00,52500.00,8.73,6011.45,6552.03,8698.20,9243.54,3,True,3,24493.76,28006.24,False,28006.24,0.47,0.53,True
2024,S3_S4,east,S3,2024-06-28_S3_S4_14b9d993,2024-06-28 08:19:00,2024-06-28 14:44:00,39650.00,6.42,6179.22,6038.94,7077.42,7575.44,3,True,3,20691.79,18958.21,False,18958.21,0.52,0.48,True
2024,S3_S4,east,S3,2024-07-11_S3_S4_d29231ea,2024-07-11 10:01:00,2024-07-11 17:39:00,46550.00,7.63,6098.25,8523.72,8349.22,9120.88,3,True,3,25993.83,20556.17,False,20556.17,0.56,0.44,True
2024,S3_S4,east,S3,2024-07-26_S3_S4_fd133a4c,2024-07-26 19:02:00,2024-07-27 07:21:00,71850.00,12.32,5833.56,10718.79,11890.91,11258.69,3,True,3,33868.39,37981.61,False,37981.61,0.47,0.53,True
2024,S3_S4,east,S3,2024-08-09_S3_S4_fd100e26,2024-08-09 08:45:00,2024-08-09 15:50:00,46900.00,7.08,6621.18,8012.97,8643.93,8812.28,3,True,3,25469.18,21430.82,False,21430.82,0.54,0.46,True
2024,S3_S4,east,S3,2024-08-23_S3_S4_0b64e5f5,2024-08-23 09:32:00,2024-08-23 15:04:00,30150.00,5.53,5448.80,6853.32,7318.80,7602.24,3,True,3,21774.36,8375.64,False,8375.64,0.72,0.28,True
2024,S3_S4,east,S3,2024-09-06_S3_S4_9e0ce675,2024-09-06 09:33:00,2024-09-06 16:29:00,48950.00,6.93,7060.10,5904.29,8176.72,7319.75,3,True,3,21400.77,27549.23,False,27549.23,0.44,0.56,True
2024,S3_S4,east,S3,2024-09-20_S3_S4_032d9e33,2024-09-20 14:27:00,2024-09-20 17:52:00,16450.00,3.42,4814.63,4629.75,7906.54,7743.87,3,True,3,20280.16,-3830.16,True,0.00,1.23,0.00,True
2024,S3_S4,east,S3,2024-10-04_S3_S4_bf53dc9a,2024-10-04 11:55:00,2024-10-04 18:02:00,47200.00,6.12,7716.62,6099.26,9678.32,8174.93,3,True,3,23952.51,23247.49,False,23247.49,0.51,0.49,True
2024,S3_S4,east,S3,2024-10-18_S3_S4_e3314155,2024-10-18 09:34:00,2024-10-18 17:17:00,53550.00,7.72,6939.52,5692.02,8516.30,6686.90,3,True,3,20895.22,32654.78,False,32654.78,0.39,0.61,True
2024,S3_S4,east,S4,2024-04-19_S3_S4_c5bf8374,2024-04-19 14:14:00,2024-04-19 21:33:00,54875.00,7.32,7500.00,1306.52,10966.12,12408.49,3,True,3,24681.13,30193.87,False,30193.87,0.45,0.55,True
2024,S3_S4,east,S4,2024-05-03_S3_S4_13e4749a,2024-05-03 08:37:00,2024-05-03 15:28:00,44600.00,6.85,6510.95,,6428.45,7289.88,2,False,2,,,False,,,,False
2024,S3_S4,east,S4,2024-05-17_S3_S4_09c73fc7,2024-05-17 13:31:00,2024-05-17 19:09:00,47550.00,5.63,8440.83,5176.95,6244.01,8876.71,3,True,3,20297.67,27252.33,False,27252.33,0.43,0.57,True
2024,S3_S4,east,S4,2024-06-01_S3_S4_0880f850,2024-06-01 08:29:00,2024-06-01 17:57:00,61450.00,9.47,6491.20,,10381.47,11587.59,2,False,2,,,False,,,,False
2024,S3_S4,east,S4,2024-06-15_S3_S4_b6aa9839,2024-06-15 07:29:00,2024-06-15 16:13:00,52500.00,8.73,6011.45,,7527.37,12242.10,2,False,2,,,False,,,,False
2024,S3_S4,east,S4,2024-06-28_S3_S4_14b9d993,2024-06-28 08:19:00,2024-06-28 14:44:00,39650.00,6.42,6179.22,2604.08,5385.79,10283.04,3,True,3,18272.91,21377.09,False,21377.09,0.46,0.54,True
2024,S3_S4,east,S4,2024-07-11_S3_S4_d29231ea,2024-07-11 10:01:00,2024-07-11 17:39:00,46550.00,7.63,6098.25,,8809.70,9540.37,2,False,2,,,False,,,,False
2024,S3_S4,east,S4,2024-07-26_S3_S4_fd133a4c,2024-07-26 19:02:00,2024-07-27 07:21:00,71850.00,12.32,5833.56,,11993.73,11205.02,2,False,2,,,False,,,,False
2024,S3_S4,east,S4,2024-08-09_S3_S4_fd100e26,2024-08-09 08:45:00,2024-08-09 15:50:00,46900.00,7.08,6621.18,,6927.88,9609.55,2,False,2,,,False,,,,False
2024,S3_S4,east,S4,2024-08-23_S3_S4_0b64e5f5,2024-08-23 09:32:00,2024-08-23 15:04:00,30150.00,5.53,5448.80,,7060.08,8902.95,2,False,2,,,False,,,,False
2024,S3_S4,east,S4,2024-09-06_S3_S4_9e0ce675,2024-09-06 09:33:00,2024-09-06 16:29:00,48950.00,6.93,7060.10,,9419.18,7626.53,2,False,2,,,False,,,,False
2024,S3_S4,east,S4,2024-09-20_S3_S4_032d9e33,2024-09-20 14:27:00,2024-09-20 17:52:00,16450.00,3.42,4814.63,,,10229.47,1,False,1,,,False,,,,False
2024,S3_S4,east,S4,2024-10-04_S3_S4_bf53dc9a,2024-10-04 11:55:00,2024-10-04 18:02:00,47200.00,6.12,7716.62,3028.62,10810.12,10284.83,3,True,3,24123.56,23076.44,False,23076.44,0.51,0.49,True
2024,S3_S4,east,S4,2024-10-18_S3_S4_e3314155,2024-10-18 09:34:00,2024-10-18 17:17:00,53550.00,7.72,6939.52,,8615.99,7700.48,2,False,2,,,False,,,,False
2025,S1_S2,west,S1,2025-04-20_S1_S2_f3457ada,2025-04-20 08:15:00,2025-04-21 06:28:00,132300.00,22.22,5954.99,7155.81,11723.00,15565.83,3,True,3,34444.64,97855.36,False,97855.36,0.26,0.74,True
2025,S1_S2,west,S1,2025-05-16_S1_S2_799859ac,2025-05-16 15:36:41,2025-05-17 07:37:42,92450.00,16.02,5772.01,10153.16,9592.51,12546.30,3,True,3,32291.97,60158.03,False,60158.03,0.35,0.65,True
2025,S1_S2,west,S1,2025-05-28_S1_S2_ca363c43,2025-05-28 18:58:00,2025-05-29 07:30:00,64250.00,12.53,5126.33,5913.92,5337.41,5795.65,3,True,3,17046.98,47203.02,False,47203.02,0.27,0.73,True
2025,S1_S2,west,S1,2025-06-27_S1_S2_ff537961,2025-06-27 15:33:00,2025-06-28 07:49:00,95500.00,16.27,5870.90,12863.84,12053.08,14278.10,3,True,3,39195.02,56304.98,False,56304.98,0.41,0.59,True
2025,S1_S2,west,S1,2025-07-26_S1_S2_98e2053f,2025-07-26 08:45:00,2025-07-26 17:50:00,53225.00,9.08,5859.63,11624.83,8799.36,13428.77,3,True,3,33852.97,19372.03,False,19372.03,0.64,0.36,True
2025,S1_S2,west,S1,2025-08-22_S1_S2_9f8675d7,2025-08-22 09:07:00,2025-08-22 19:04:00,30625.00,9.95,3077.89,9344.47,8489.03,11973.42,3,True,3,29806.93,818.07,False,818.07,0.97,0.03,True
2025,S1_S2,west,S1,2025-09-20_S1_S2_81d8ab0f,2025-09-20 10:42:00,2025-09-20 17:31:00,86100.00,6.82,12630.81,9145.97,8229.44,8990.30,3,True,3,26365.71,59734.29,False,59734.29,0.31,0.69,True
2025,S1_S2,west,S2,2025-04-20_S1_S2_f3457ada,2025-04-20 08:15:00,2025-04-21 06:28:00,132300.00,22.22,5954.99,18777.74,15578.18,17206.98,3,True,3,51562.90,80737.10,False,80737.10,0.39,0.61,True
2025,S1_S2,west,S2,2025-05-16_S1_S2_799859ac,2025-05-16 15:36:41,2025-05-17 07:37:42,92450.00,16.02,5772.01,15566.94,11391.98,16690.55,3,True,3,43649.48,48800.52,False,48800.52,0.47,0.53,True
2025,S1_S2,west,S2,2025-05-28_S1_S2_ca363c43,2025-05-28 18:58:00,2025-05-29 07:30:00,64250.00,12.53,5126.33,10438.70,8934.69,14650.79,3,True,3,34024.17,30225.83,False,30225.83,0.53,0.47,True
2025,S1_S2,west,S2,2025-06-27_S1_S2_ff537961,2025-06-27 15:33:00,2025-06-28 07:49:00,95500.00,16.27,5870.90,15336.95,14259.68,16676.50,3,True,3,46273.13,49226.87,False,49226.87,0.48,0.52,True
2025,S1_S2,west,S2,2025-07-26_S1_S2_98e2053f,2025-07-26 08:45:00,2025-07-26 17:50:00,53225.00,9.08,5859.63,12817.66,10769.93,14926.27,3,True,3,38513.86,14711.14,False,14711.14,0.72,0.28,True
2025,S1_S2,west,S2,2025-08-22_S1_S2_9f8675d7,2025-08-22 09:07:00,2025-08-22 19:04:00,30625.00,9.95,3077.89,10952.28,10904.19,11452.43,3,True,3,33308.89,-2683.89,True,0.00,1.09,0.00,True
2025,S1_S2,west,S2,2025-09-20_S1_S2_81d8ab0f,2025-09-20 10:42:00,2025-09-20 17:31:00,86100.00,6.82,12630.81,9468.79,8640.10,14419.01,3,True,3,32527.89,53572.11,False,53572.11,0.38,0.62,True
2025,S3_S4,east,S3,2025-04-20_S3_S4_ead0e049,2025-04-20 08:15:00,2025-04-21 06:28:00,132300.00,22.22,5954.99,10763.06,13564.28,9469.69,3,True,3,33797.02,98502.98,False,98502.98,0.26,0.74,True
2025,S3_S4,east,S3,2025-05-02_S3_S4_3cb33cbf,2025-05-02 19:10:02,2025-05-03 08:21:02,76750.00,13.18,5821.74,7021.63,8438.03,5113.97,3,True,3,20573.63,56176.37,False,56176.37,0.27,0.73,True
2025,S3_S4,east,S3,2025-05-28_S3_S4_120d46ab,2025-05-28 18:58:00,2025-05-29 07:30:00,64250.00,12.53,5126.33,10099.66,9867.42,7599.60,3,True,3,27566.67,36683.33,False,36683.33,0.43,0.57,True
2025,S3_S4,east,S3,2025-06-13_S3_S4_29345c78,2025-06-13 10:49:00,2025-06-13 19:16:00,56900.00,8.45,6733.73,8592.89,9643.68,6136.90,3,True,3,24373.47,32526.53,False,32526.53,0.43,0.57,True
2025,S3_S4,east,S3,2025-06-28_S3_S4_d9252a87,2025-06-28 08:50:00,2025-06-28 16:15:00,43550.00,7.42,5871.91,7776.86,9316.93,6445.79,3,True,3,23539.58,20010.42,False,20010.42,0.54,0.46,True
2025,S3_S4,east,S3,2025-07-11_S3_S4_e179d57e,2025-07-11 08:30:00,2025-07-11 18:12:00,46400.00,9.70,4783.51,6686.77,7367.12,5966.21,3,True,3,20020.10,26379.90,False,26379.90,0.43,0.57,True
2025,S3_S4,east,S3,2025-07-26_S3_S4_b4053dcf,2025-07-26 08:45:00,2025-07-26 17:50:00,53225.00,9.08,5859.63,11060.46,8708.32,6617.84,3,True,3,26386.62,26838.38,False,26838.38,0.50,0.50,True
2025,S3_S4,east,S3,2025-08-08_S3_S4_7c793582,2025-08-08 13:14:00,2025-08-08 19:28:00,38750.00,6.23,6216.58,5620.71,7011.36,,2,False,2,,,False,,,,False
2025,S3_S4,east,S3,2025-08-22_S3_S4_1b405e4b,2025-08-22 09:07:00,2025-08-22 19:04:00,30625.00,9.95,3077.89,7197.42,8062.76,4191.20,3,True,3,19451.38,11173.62,False,11173.62,0.64,0.36,True
2025,S3_S4,east,S3,2025-09-20_S3_S4_f86ee2c5,2025-09-20 10:42:00,2025-09-20 17:31:00,86100.00,6.82,12630.81,6581.21,6106.69,6019.42,3,True,3,18707.32,67392.68,False,67392.68,0.22,0.78,True
2025,S3_S4,east,S3,2025-10-04_S3_S4_4439230e,2025-10-04 10:12:00,2025-10-04 17:06:00,51800.00,6.90,7507.25,6066.28,5502.56,,2,False,2,,,False,,,,False
2025,S3_S4,east,S4,2025-04-20_S3_S4_ead0e049,2025-04-20 08:15:00,2025-04-21 06:28:00,132300.00,22.22,5954.99,8882.44,12617.54,11695.73,3,True,3,33195.71,99104.29,False,99104.29,0.25,0.75,True
2025,S3_S4,east,S4,2025-05-02_S3_S4_3cb33cbf,2025-05-02 19:10:02,2025-05-03 08:21:02,76750.00,13.18,5821.74,3972.08,6071.31,6903.24,3,True,3,16946.63,59803.37,False,59803.37,0.22,0.78,True
2025,S3_S4,east,S4,2025-05-28_S3_S4_120d46ab,2025-05-28 18:58:00,2025-05-29 07:30:00,64250.00,12.53,5126.33,,7521.19,10269.62,2,False,2,,,False,,,,False
2025,S3_S4,east,S4,2025-06-13_S3_S4_29345c78,2025-06-13 10:49:00,2025-06-13 19:16:00,56900.00,8.45,6733.73,3892.02,7804.03,10473.58,3,True,3,22169.63,34730.37,False,34730.37,0.39,0.61,True
2025,S3_S4,east,S4,2025-06-28_S3_S4_d9252a87,2025-06-28 08:50:00,2025-06-28 16:15:00,43550.00,7.42,5871.91,2684.42,4488.93,10363.65,3,True,3,17537.00,26013.00,False,26013.00,0.40,0.60,True
2025,S3_S4,east,S4,2025-07-11_S3_S4_e179d57e,2025-07-11 08:30:00,2025-07-11 18:12:00,46400.00,9.70,4783.51,3113.20,7160.14,7577.33,3,True,3,17850.67,28549.33,False,28549.33,0.38,0.62,True
2025,S3_S4,east,S4,2025-07-26_S3_S4_b4053dcf,2025-07-26 08:45:00,2025-07-26 17:50:00,53225.00,9.08,5859.63,5457.49,8744.68,9393.56,3,True,3,23595.73,29629.27,False,29629.27,0.44,0.56,True
2025,S3_S4,east,S4,2025-08-08_S3_S4_7c793582,2025-08-08 13:14:00,2025-08-08 19:28:00,38750.00,6.23,6216.58,2049.22,6542.72,8396.34,3,True,3,16988.28,21761.72,False,21761.72,0.44,0.56,True
2025,S3_S4,east,S4,2025-08-22_S3_S4_1b405e4b,2025-08-22 09:07:00,2025-08-22 19:04:00,30625.00,9.95,3077.89,,9261.01,9242.48,2,False,2,,,False,,,,False
2025,S3_S4,east,S4,2025-09-20_S3_S4_f86ee2c5,2025-09-20 10:42:00,2025-09-20 17:31:00,86100.00,6.82,12630.81,3184.78,4537.57,7045.77,3,True,3,14768.11,71331.89,False,71331.89,0.17,0.83,True
2025,S3_S4,east,S4,2025-10-04_S3_S4_4439230e,2025-10-04 10:12:00,2025-10-04 17:06:00,51800.00,6.90,7507.25,2263.00,5788.06,8124.89,3,True,3,16175.95,35624.05,False,35624.05,0.31,0.69,True
2026,S1_S2,west,S1,2026-04-21_S1_S2_001c30f6,2026-04-21 14:54:00,2026-04-22 08:52:00,110850.00,17.97,6169.76,9734.84,9013.88,9678.06,3,True,3,28426.78,82423.22,False,82423.22,0.26,0.74,True
2026,S1_S2,west,S1,2026-05-20_S1_S2_49743b7c,2026-05-20 11:23:00,2026-05-20 17:53:00,54400.00,6.50,8369.23,7168.67,6945.58,5969.52,3,True,3,20083.76,34316.24,False,34316.24,0.37,0.63,True
2026,S1_S2,west,S1,2026-06-20_S1_S2_ba82572f,2026-06-20 08:00:00,2026-06-20 17:03:00,65700.00,9.05,7259.67,10826.65,9871.04,11904.55,3,True,3,32602.24,33097.76,False,33097.76,0.50,0.50,True
2026,S1_S2,west,S1,2026-06-27_S1_S2_be4e641a,2026-06-27 11:05:00,2026-06-27 16:34:00,33511.00,5.48,6111.43,3667.52,3156.48,3612.01,3,True,3,10436.01,23074.99,False,23074.99,0.31,0.69,True
2026,S1_S2,west,S1,2026-07-24_S1_S2_63eb5228,2026-07-24 08:25:00,2026-07-24 15:43:00,34125.00,7.30,4674.66,11165.48,8003.99,11671.71,3,True,3,30841.18,3283.82,False,3283.82,0.90,0.10,True
2026,S1_S2,west,S1,2026-08-14_S1_S2_72b4c1d7,2026-08-14 10:25:00,2026-08-14 13:47:00,21350.00,3.37,6341.58,5060.35,4362.56,9046.68,3,True,3,18469.59,2880.41,False,2880.41,0.87,0.13,True
2026,S1_S2,west,S2,2026-04-21_S1_S2_001c30f6,2026-04-21 14:54:00,2026-04-22 08:52:00,110850.00,17.97,6169.76,15804.57,12661.95,14497.73,3,True,3,42964.24,67885.76,False,67885.76,0.39,0.61,True
2026,S1_S2,west,S2,2026-05-20_S1_S2_49743b7c,2026-05-20 11:23:00,2026-05-20 17:53:00,54400.00,6.50,8369.23,12077.75,10634.02,10244.18,3,True,3,32955.95,21444.05,False,21444.05,0.61,0.39,True
2026,S1_S2,west,S2,2026-06-20_S1_S2_ba82572f,2026-06-20 08:00:00,2026-06-20 17:03:00,65700.00,9.05,7259.67,13680.20,10796.21,9878.17,3,True,3,34354.58,31345.42,False,31345.42,0.52,0.48,True
2026,S1_S2,west,S2,2026-06-27_S1_S2_be4e641a,2026-06-27 11:05:00,2026-06-27 16:34:00,33511.00,5.48,6111.43,6955.30,3907.68,6901.83,3,True,3,17764.82,15746.18,False,15746.18,0.53,0.47,True
2026,S1_S2,west,S2,2026-07-24_S1_S2_63eb5228,2026-07-24 08:25:00,2026-07-24 15:43:00,34125.00,7.30,4674.66,10500.32,9694.71,9416.27,3,True,3,29611.30,4513.70,False,4513.70,0.87,0.13,True
2026,S1_S2,west,S2,2026-08-14_S1_S2_72b4c1d7,2026-08-14 10:25:00,2026-08-14 13:47:00,21350.00,3.37,6341.58,8337.31,8618.87,9119.23,3,True,3,26075.42,-4725.42,True,0.00,1.22,0.00,True
2026,S3_S4,east,S3,2026-04-21_S3_S4_ed1ed131,2026-04-21 14:54:00,2026-04-22 08:52:00,110850.00,17.97,6169.76,12001.90,11779.35,7130.29,3,True,3,30911.54,79938.46,False,79938.46,0.28,0.72,True
2026,S3_S4,east,S3,2026-05-08_S3_S4_989607cc,2026-05-08 09:00:00,2026-05-08 19:14:00,90350.00,10.23,8828.99,8167.95,9673.31,4736.31,3,True,3,22577.57,67772.43,False,67772.43,0.25,0.75,True
2026,S3_S4,east,S3,2026-05-21_S3_S4_272f948e,2026-05-21 13:27:00,2026-05-21 19:54:00,59850.00,6.45,9279.07,8896.33,8325.12,3684.62,3,True,3,20906.07,38943.93,False,38943.93,0.35,0.65,True
2026,S3_S4,east,S3,2026-06-05_S3_S4_f5beba0a,2026-06-05 14:19:00,2026-06-05 20:47:00,53900.00,6.47,8335.05,10122.52,8584.03,,2,False,2,,,False,,,,False
2026,S3_S4,east,S3,2026-06-20_S3_S4_47159afc,2026-06-20 08:00:00,2026-06-20 17:03:00,65700.00,9.05,7259.67,7309.88,9008.14,,2,False,2,,,False,,,,False
2026,S3_S4,east,S3,2026-06-27_S3_S4_dc68d0eb,2026-06-27 11:05:00,2026-06-27 16:34:00,33511.00,5.48,6111.43,7289.84,7249.71,,2,False,2,,,False,,,,False
2026,S3_S4,east,S3,2026-07-05_S3_S4_b3db7964,2026-07-05 11:24:00,2026-07-05 18:13:00,56650.00,6.82,8310.51,9444.15,6075.17,,2,False,2,,,False,,,,False
2026,S3_S4,east,S3,2026-07-24_S3_S4_d28f9731,2026-07-24 08:25:00,2026-07-24 15:43:00,34125.00,7.30,4674.66,8685.61,9526.17,4153.54,3,True,3,22365.32,11759.68,False,11759.68,0.66,0.34,True
2026,S3_S4,east,S3,2026-08-14_S3_S4_1912adab,2026-08-14 10:25:00,2026-08-14 13:47:00,21350.00,3.37,6341.58,,8745.26,,1,False,1,,,False,,,,False
2026,S3_S4,east,S4,2026-04-21_S3_S4_ed1ed131,2026-04-21 14:54:00,2026-04-22 08:52:00,110850.00,17.97,6169.76,11879.66,12707.39,12551.22,3,True,3,37138.27,73711.73,False,73711.73,0.34,0.66,True
2026,S3_S4,east,S4,2026-05-08_S3_S4_989607cc,2026-05-08 09:00:00,2026-05-08 19:14:00,90350.00,10.23,8828.99,5081.23,9564.47,8036.93,3,True,3,22682.63,67667.37,False,67667.37,0.25,0.75,True
2026,S3_S4,east,S4,2026-05-21_S3_S4_272f948e,2026-05-21 13:27:00,2026-05-21 19:54:00,59850.00,6.45,9279.07,3832.52,10697.39,7264.24,3,True,3,21794.15,38055.85,False,38055.85,0.36,0.64,True
2026,S3_S4,east,S4,2026-06-05_S3_S4_f5beba0a,2026-06-05 14:19:00,2026-06-05 20:47:00,53900.00,6.47,8335.05,4002.07,11766.33,8920.15,3,True,3,24688.54,29211.46,False,29211.46,0.46,0.54,True
2026,S3_S4,east,S4,2026-06-20_S3_S4_47159afc,2026-06-20 08:00:00,2026-06-20 17:03:00,65700.00,9.05,7259.67,1560.84,5898.41,9352.81,3,True,3,16812.07,48887.93,False,48887.93,0.26,0.74,True
2026,S3_S4,east,S4,2026-06-27_S3_S4_dc68d0eb,2026-06-27 11:05:00,2026-06-27 16:34:00,33511.00,5.48,6111.43,,7793.83,4702.25,2,False,2,,,False,,,,False
2026,S3_S4,east,S4,2026-07-05_S3_S4_b3db7964,2026-07-05 11:24:00,2026-07-05 18:13:00,56650.00,6.82,8310.51,3495.49,8455.24,5270.19,3,True,3,17220.92,39429.08,False,39429.08,0.30,0.70,True
2026,S3_S4,east,S4,2026-07-24_S3_S4_d28f9731,2026-07-24 08:25:00,2026-07-24 15:43:00,34125.00,7.30,4674.66,3381.67,11995.90,9879.10,3,True,3,25256.67,8868.33,False,8868.33,0.74,0.26,True
2026,S3_S4,east,S4,2026-08-14_S3_S4_1912adab,2026-08-14 10:25:00,2026-08-14 13:47:00,21350.00,3.37,6341.58,,9711.40,9802.37,2,False,2,,,False,,,,False
