year,event_id,pair,biochar_strip,control_strip,irrigation_regime,flow_gph,bio_arrival_T_min,ctrl_arrival_T_min,diff_arrival_T_min,bio_top_to_middle_min,ctrl_top_to_middle_min,diff_top_to_middle_min,bio_middle_to_bottom_min,ctrl_middle_to_bottom_min,diff_middle_to_bottom_min,bio_top_to_bottom_min,ctrl_top_to_bottom_min,diff_top_to_bottom_min,bio_unretained_fraction,ctrl_unretained_fraction,diff_unretained_fraction,bio_unretained_gal_strip,ctrl_unretained_gal_strip,diff_unretained_gal_strip,bio_estimated_storage_fraction_0_18in,ctrl_estimated_storage_fraction_0_18in,diff_estimated_storage_fraction_0_18in,both_arrival_model_eligible,both_unretained_eligible
2023,2023-05-23_S1_S2_176caf9a,S1_S2,S1,S2,monthly,18589.74358974359,5.0,140.0,-135.0,135.0,-135.0,270.0,,45.0,,,-90.0,,,,,,,,,,,False,False
2023,2023-06-01_S1_S2_5b27ce31,S1_S2,S1,S2,monthly,4498.6631016042775,208.87,148.87,60.0,15.0,210.0,-195.0,,-45.0,,,165.0,,,,,,,,,,,False,False
2023,2023-06-26_S1_S2_69e5d9b6,S1_S2,S1,S2,monthly,6855.828220858896,59.0,134.0,-75.0,30.0,-45.0,75.0,,15.0,,,-30.0,,,0.06,,,2695.6,,,0.94,,False,False
2023,2023-07-17_S1_S2_ae0a89b4,S1_S2,S1,S2,monthly,7556.25,11.0,146.0,-135.0,45.0,-60.0,105.0,,0.0,,,-60.0,,,0.24,,,14787.28,,,0.76,,False,False
2023,2023-08-05_S1_S2_efaa9d14,S1_S2,S1,S2,monthly,8034.257748776509,,132.0,,,-90.0,,,-15.0,,,-105.0,,,0.28,,,13656.9,,,0.72,,False,False
2023,2023-08-24_S1_S2_6cc99259,S1_S2,S1,S2,monthly,6724.330357142857,13.0,133.0,-120.0,75.0,-90.0,165.0,,-15.0,,,-105.0,,,0.0,,,0.0,,,1.08,,False,False
2023,2023-09-21_S1_S2_6dbb0789,S1_S2,S1,S2,monthly,5355.618776671408,8.0,143.0,-135.0,180.0,-90.0,270.0,,15.0,,,-75.0,,,0.0,,,145.65,,,1.0,,False,False
2024,2024-04-20_S1_S2_5f2fb725,S1_S2,S1,S2,monthly,8154.145077720207,34.0,79.0,-45.0,105.0,0.0,105.0,315.0,75.0,240.0,420.0,75.0,345.0,0.32,0.39,-0.07,19869.19,24360.92,-4491.73,0.68,0.61,0.07000000000000006,True,True
2024,2024-05-11_S1_S2_4c1cd284,S1_S2,S1,S2,monthly,7089.55223880597,1475.0,1520.0,-45.0,165.0,-15.0,180.0,-1110.0,240.0,-1350.0,-945.0,225.0,-1170.0,,,,,,,,,,False,False
2024,2024-06-01_S1_S2_ef46e32f,S1_S2,S1,S2,monthly,5939.327485380117,25.0,85.0,-60.0,195.0,0.0,195.0,-15.0,135.0,-150.0,180.0,135.0,45.0,0.59,0.4,0.18999999999999995,47989.35,32816.73,15172.619999999995,0.41,0.6,-0.19,False,False
2024,2024-06-22_S1_S2_e95bd875,S1_S2,S1,S2,monthly,6023.017902813299,30.0,75.0,-45.0,90.0,-15.0,105.0,90.0,150.0,-60.0,180.0,135.0,45.0,0.27,0.15,0.12000000000000002,12896.23,7042.27,5853.959999999999,0.73,0.85,-0.12,True,True
2024,2024-07-20_S1_S2_6d735351,S1_S2,S1,S2,monthly,6298.185941043083,36.0,81.0,-45.0,180.0,0.0,180.0,45.0,165.0,-120.0,225.0,165.0,60.0,0.22,,,12182.81,,,0.78,,,True,False
2024,2024-08-10_S1_S2_de427086,S1_S2,S1,S2,monthly,7177.966101694915,25.0,85.0,-60.0,165.0,-30.0,195.0,240.0,120.0,120.0,405.0,90.0,315.0,,0.47,,,39840.38,,,0.53,,True,False
2024,2024-09-07_S1_S2_b15b9a0a,S1_S2,S1,S2,monthly,6725.888324873096,22.0,82.0,-60.0,195.0,-15.0,210.0,360.0,135.0,225.0,555.0,120.0,435.0,0.43,0.35,0.08000000000000002,22699.39,18611.33,4088.0599999999977,0.57,0.65,-0.08000000000000007,True,True
2025,2025-04-20_S1_S2_f3457ada,S1_S2,S1,S2,monthly,5954.095409540954,30.0,15.0,15.0,165.0,60.0,105.0,165.0,195.0,-30.0,330.0,255.0,75.0,0.74,0.61,0.13,97855.36,80737.1,17118.259999999995,0.26,0.39,-0.13,True,True
2025,2025-05-16_S1_S2_799859ac,S1_S2,S1,S2,monthly,5770.911360799001,38.32,23.32,15.0,180.0,59.99999999999999,120.0,240.0,120.0,120.0,420.0,180.0,240.0,0.65,0.53,0.12,60158.03,48800.52,11357.510000000002,0.35,0.47,-0.12,True,True
2025,2025-05-28_S1_S2_ca363c43,S1_S2,S1,S2,monthly,5127.693535514765,32.0,17.0,15.0,195.0,60.0,135.0,180.0,150.0,30.0,375.0,210.0,165.0,0.73,0.47,0.26,47203.02,30225.83,16977.189999999995,0.27,0.53,-0.26,True,True
2025,2025-06-27_S1_S2_ff537961,S1_S2,S1,S2,monthly,5869.698832206515,42.0,27.0,15.0,180.0,60.0,120.0,270.0,90.0,180.0,450.0,150.0,300.0,0.59,0.52,0.06999999999999995,56304.98,49226.87,7078.110000000001,0.41,0.48,-0.07,False,False
2025,2025-07-26_S1_S2_98e2053f,S1_S2,S1,S2,monthly,5861.784140969163,30.0,30.0,0.0,135.0,45.0,90.0,210.0,135.0,75.0,345.0,180.0,165.0,0.36,0.28,0.07999999999999996,19372.03,14711.14,4660.889999999999,0.64,0.72,-0.07999999999999996,True,True
2025,2025-08-22_S1_S2_9f8675d7,S1_S2,S1,S2,monthly,3077.8894472361812,68.0,38.0,30.0,330.0,225.0,105.0,240.0,60.0,180.0,570.0,285.0,285.0,0.03,0.0,0.03,818.07,0.0,818.07,0.97,1.09,-0.1200000000000001,True,True
2025,2025-09-20_S1_S2_81d8ab0f,S1_S2,S1,S2,monthly,12624.633431085043,33.0,18.0,15.0,150.0,45.0,105.0,150.0,60.0,90.0,300.0,105.0,195.0,0.69,0.62,0.06999999999999995,59734.29,53572.11,6162.18,0.31,0.38,-0.07,True,True
2026,2026-04-21_S1_S2_001c30f6,S1_S2,S1,S2,monthly,6168.614357262104,36.0,21.0,15.0,180.0,30.0,150.0,285.0,120.0,165.0,465.0,150.0,315.0,0.74,0.61,0.13,82423.22,67885.76,14537.460000000006,0.26,0.39,-0.13,False,False
2026,2026-05-20_S1_S2_49743b7c,S1_S2,S1,S2,monthly,8369.23076923077,22.0,22.0,0.0,90.0,30.0,60.0,270.0,30.0,240.0,360.0,60.0,300.0,0.63,0.39,0.24,34316.24,21444.05,12872.189999999999,0.37,0.61,-0.24,True,True
2026,2026-06-20_S1_S2_ba82572f,S1_S2,S1,S2,monthly,7259.668508287292,45.0,30.0,15.0,105.0,60.0,45.0,330.0,90.0,240.0,435.0,150.0,285.0,0.5,0.48,0.020000000000000018,33097.76,31345.42,1752.3400000000038,0.5,0.52,-0.020000000000000018,True,True
2026,2026-06-27_S1_S2_be4e641a,S1_S2,S1,S2,monthly,6115.145985401459,40.0,25.0,15.0,105.0,45.0,60.0,120.0,75.0,45.0,225.0,120.0,105.0,0.69,0.47,0.21999999999999997,23074.99,15746.18,7328.810000000001,0.31,0.53,-0.22000000000000003,True,True
2026,2026-07-24_S1_S2_63eb5228,S1_S2,S1,S2,monthly,4674.657534246576,50.0,35.0,15.0,165.0,75.0,90.0,225.0,165.0,60.0,390.0,240.0,150.0,0.1,0.13,-0.03,3283.82,4513.7,-1229.8799999999997,0.9,0.87,0.030000000000000027,True,True
2026,2026-08-14_S1_S2_72b4c1d7,S1_S2,S1,S2,monthly,6335.311572700297,35.0,20.0,15.0,165.0,45.0,120.0,225.0,45.0,180.0,390.0,90.0,300.0,0.13,0.0,0.13,2880.41,0.0,2880.41,0.87,1.22,-0.35,True,True
2023,2023-05-24_S3_S4_31cada45,S3_S4,S3,S4,biweekly,18794.871794871797,,20.0,,,105.0,,-375.0,240.0,-615.0,,345.0,,,,,,,,,,,False,False
2023,2023-06-02_S3_S4_e824e1bc,S3_S4,S3,S4,biweekly,5208.333333333333,,167.0,,,,,-495.0,,,,,,,,,,,,,,,False,False
2023,2023-06-14_S3_S4_71ac748b,S3_S4,S3,S4,biweekly,7067.254685777288,65.0,185.0,-120.0,585.0,180.0,405.0,-510.0,135.0,-645.0,75.0,315.0,-240.0,,0.68,,,43451.95,,,0.32,,True,False
2023,2023-06-27_S3_S4_87f629e2,S3_S4,S3,S4,biweekly,8125.748502994013,37.0,7.0,30.0,525.0,240.0,285.0,-435.0,240.0,-675.0,90.0,480.0,-390.0,,,,,,,,,,False,False
2023,2023-07-07_S3_S4_bf19b251,S3_S4,S3,S4,biweekly,8031.25,29.0,44.0,-15.0,525.0,180.0,345.0,-420.0,75.0,-495.0,105.0,255.0,-150.0,,,,,,,,,,False,False
2023,2023-07-17_S3_S4_a04fe807,S3_S4,S3,S4,biweekly,7611.163670766319,41.0,281.0,-240.0,,-60.0,,,,,90.0,,,0.62,0.67,-0.050000000000000044,49574.29,54201.07,-4626.779999999999,0.38,0.33,0.04999999999999999,False,False
2023,2023-07-27_S3_S4_89a0fecc,S3_S4,S3,S4,biweekly,3368.9839572192514,90.0,,,495.0,,,-390.0,,,105.0,,,,,,,,,,,,False,False
2023,2023-08-05_S3_S4_0f92146d,S3_S4,S3,S4,biweekly,8318.181818181818,39.0,9.0,30.0,510.0,,,-420.0,,,90.0,,,,,,,,,,,,False,False
2023,2023-08-10_S3_S4_7fce3d7b,S3_S4,S3,S4,biweekly,9320.987654320988,33.0,,,510.0,,,-405.0,150.0,-555.0,105.0,,,,0.56,,,29367.71,,,0.44,,False,False
2023,2023-08-24_S3_S4_a4b6ae2a,S3_S4,S3,S4,biweekly,6724.330357142857,58.0,13.0,45.0,495.0,285.0,210.0,-390.0,,,105.0,,,,,,,,,,,,False,False
2023,2023-09-07_S3_S4_ea877a99,S3_S4,S3,S4,biweekly,7382.958801498127,37.0,,,,,,,45.0,,120.0,,,,,,,,,,,,False,False
2023,2023-09-22_S3_S4_157133f5,S3_S4,S3,S4,biweekly,8060.20066889632,55.0,10.0,45.0,,225.0,,,,,105.0,,,,,,,,,,,,False,False
2024,2024-04-19_S3_S4_c5bf8374,S3_S4,S3,S4,biweekly,7496.584699453551,76.0,46.0,30.0,495.0,195.0,300.0,-465.0,,,30.0,,,0.41,0.55,-0.14000000000000007,22438.66,30193.87,-7755.209999999999,0.59,0.45,0.13999999999999996,False,True
2024,2024-05-03_S3_S4_13e4749a,S3_S4,S3,S4,biweekly,6510.94890510949,68.0,23.0,45.0,465.0,60.0,405.0,-435.0,,,30.0,,,0.5,,,22402.67,,,0.5,,,False,False
2024,2024-05-17_S3_S4_09c73fc7,S3_S4,S3,S4,biweekly,8445.82593250444,44.0,29.0,15.0,480.0,45.0,435.0,-435.0,60.0,-495.0,45.0,105.0,-60.0,0.55,0.57,-0.019999999999999907,26361.81,27252.33,-890.5200000000004,0.45,0.43,0.020000000000000018,True,True
2024,2024-06-01_S3_S4_0880f850,S3_S4,S3,S4,biweekly,6488.9123548046455,61.0,31.0,30.0,495.0,75.0,420.0,-450.0,,,45.0,,,0.57,,,35318.13,,,0.43,,,False,False
2024,2024-06-15_S3_S4_b6aa9839,S3_S4,S3,S4,biweekly,6013.745704467354,46.0,31.0,15.0,495.0,90.0,405.0,-435.0,,,60.0,,,0.53,,,28006.24,,,0.47,,,False,False
2024,2024-06-28_S3_S4_14b9d993,S3_S4,S3,S4,biweekly,6176.01246105919,71.0,26.0,45.0,450.0,150.0,300.0,-435.0,90.0,-525.0,15.0,240.0,-225.0,0.48,0.54,-0.06000000000000005,18958.21,21377.09,-2418.880000000001,0.52,0.46,0.06,True,True
2024,2024-07-11_S3_S4_d29231ea,S3_S4,S3,S4,biweekly,6100.917431192661,89.0,29.0,60.0,390.0,165.0,225.0,-375.0,,,15.0,,,0.44,,,20556.17,,,0.56,,,False,False
2024,2024-07-26_S3_S4_fd133a4c,S3_S4,S3,S4,biweekly,5831.980519480519,58.0,43.0,15.0,420.0,240.0,180.0,-360.0,495.0,-855.0,60.0,735.0,-675.0,0.53,,,37981.61,,,0.47,,,False,False
2024,2024-08-09_S3_S4_fd100e26,S3_S4,S3,S4,biweekly,6624.293785310734,45.0,45.0,0.0,450.0,225.0,225.0,-375.0,180.0,-555.0,75.0,405.0,-330.0,0.46,,,21430.82,,,0.54,,,True,False
2024,2024-08-23_S3_S4_0b64e5f5,S3_S4,S3,S4,biweekly,5452.0795660036165,58.0,43.0,15.0,420.0,210.0,210.0,-375.0,495.0,-870.0,45.0,705.0,-660.0,0.28,,,8375.64,,,0.72,,,True,False
2024,2024-09-06_S3_S4_9e0ce675,S3_S4,S3,S4,biweekly,7063.492063492064,57.0,42.0,15.0,420.0,165.0,255.0,-375.0,135.0,-510.0,45.0,300.0,-255.0,0.56,,,27549.23,,,0.44,,,True,False
2024,2024-09-20_S3_S4_032d9e33,S3_S4,S3,S4,biweekly,4809.941520467836,48.0,48.0,0.0,465.0,,,-360.0,,,105.0,,,0.0,,,0.0,,,1.23,,,False,False
2024,2024-10-04_S3_S4_bf53dc9a,S3_S4,S3,S4,biweekly,7712.418300653595,35.0,35.0,0.0,420.0,135.0,285.0,-360.0,90.0,-450.0,60.0,225.0,-165.0,0.49,0.49,0.0,23247.49,23076.44,171.0500000000029,0.51,0.51,0.0,True,True
2024,2024-10-18_S3_S4_e3314155,S3_S4,S3,S4,biweekly,6936.5284974093265,41.0,26.0,15.0,420.0,150.0,270.0,-375.0,,,45.0,,,0.61,,,32654.78,,,0.39,,,False,False
2025,2025-04-20_S3_S4_ead0e049,S3_S4,S3,S4,biweekly,5954.095409540954,105.0,45.0,60.0,-30.0,225.0,-255.0,60.0,120.0,-60.0,30.0,345.0,-315.0,0.74,0.75,-0.010000000000000009,98502.98,99104.29,-601.3099999999977,0.26,0.25,0.010000000000000009,True,True
2025,2025-05-02_S3_S4_3cb33cbf,S3_S4,S3,S4,biweekly,5823.2169954476485,154.97,34.97,120.0,-90.0,150.0,-240.0,45.0,255.00000000000003,-210.00000000000003,-45.0,405.0,-450.0,0.73,0.78,-0.050000000000000044,56176.37,59803.37,-3627.0,0.27,0.22,0.05000000000000002,False,True
2025,2025-05-28_S3_S4_120d46ab,S3_S4,S3,S4,biweekly,5127.693535514765,272.0,32.0,240.0,-195.0,210.0,-405.0,60.0,105.0,-45.0,-135.0,315.0,-450.0,0.57,,,36683.33,,,0.43,,,False,False
2025,2025-06-13_S3_S4_29345c78,S3_S4,S3,S4,biweekly,6733.727810650888,116.0,26.0,90.0,-60.0,165.0,-225.0,90.0,105.0,-15.0,30.0,270.0,-240.0,0.57,0.61,-0.040000000000000036,32526.53,34730.37,-2203.840000000004,0.43,0.39,0.03999999999999998,True,True
2025,2025-06-28_S3_S4_d9252a87,S3_S4,S3,S4,biweekly,5869.272237196766,145.0,40.0,105.0,-60.0,150.0,-210.0,90.0,-15.0,105.0,30.0,135.0,-105.0,0.46,0.6,-0.13999999999999996,20010.42,26013.0,-6002.580000000002,0.54,0.4,0.14,False,False
2025,2025-07-11_S3_S4_e179d57e,S3_S4,S3,S4,biweekly,4783.505154639176,150.0,30.0,120.0,-75.0,180.0,-255.0,90.0,45.0,45.0,15.0,225.0,-210.0,0.57,0.62,-0.050000000000000044,26379.9,28549.33,-2169.4300000000003,0.43,0.38,0.04999999999999999,True,True
2025,2025-07-26_S3_S4_b4053dcf,S3_S4,S3,S4,biweekly,5861.784140969163,180.0,45.0,135.0,-90.0,195.0,-285.0,120.0,225.0,-105.0,30.0,420.0,-390.0,0.5,0.56,-0.06000000000000005,26838.38,29629.27,-2790.8899999999994,0.5,0.44,0.06,True,True
2025,2025-08-08_S3_S4_7c793582,S3_S4,S3,S4,biweekly,6219.903691813804,151.0,46.0,105.0,-60.0,150.0,-210.0,105.0,210.0,-105.0,45.0,360.0,-315.0,,0.56,,,21761.72,,,0.44,,True,False
2025,2025-08-22_S3_S4_1b405e4b,S3_S4,S3,S4,biweekly,3077.8894472361812,428.0,248.0,180.0,-105.0,255.0,-360.0,120.0,,,15.0,,,0.36,,,11173.62,,,0.64,,,False,False
2025,2025-09-20_S3_S4_f86ee2c5,S3_S4,S3,S4,biweekly,12624.633431085043,198.0,33.0,165.0,-105.0,195.0,-300.0,90.0,-15.0,105.0,-15.0,180.0,-195.0,0.78,0.83,-0.04999999999999993,67392.68,71331.89,-3939.2100000000064,0.22,0.17,0.04999999999999999,False,True
2025,2025-10-04_S3_S4_4439230e,S3_S4,S3,S4,biweekly,7507.246376811594,228.0,33.0,195.0,-165.0,90.0,-255.0,60.0,390.0,-330.0,-105.0,480.0,-585.0,,0.69,,,35624.05,,,0.31,,False,False
2026,2026-04-21_S3_S4_ed1ed131,S3_S4,S3,S4,biweekly,6168.614357262104,81.0,21.0,60.0,-30.0,105.0,-135.0,45.0,570.0,-525.0,15.0,675.0,-660.0,0.72,0.67,0.04999999999999993,79938.46,73711.73,6226.7300000000105,0.28,0.34,-0.06,False,False
2026,2026-05-08_S3_S4_989607cc,S3_S4,S3,S4,biweekly,8831.86705767351,135.0,30.0,105.0,-60.0,60.0,-120.0,45.0,300.0,-255.0,-15.0,360.0,-375.0,0.75,0.75,0.0,67772.43,67667.37,105.05999999999767,0.25,0.25,0.0,False,True
2026,2026-05-21_S3_S4_272f948e,S3_S4,S3,S4,biweekly,9279.06976744186,93.0,18.0,75.0,-45.0,45.0,-90.0,45.0,285.0,-240.0,0.0,330.0,-330.0,0.65,0.64,0.010000000000000009,38943.93,38055.85,888.0800000000017,0.35,0.36,-0.010000000000000009,False,False
2026,2026-06-05_S3_S4_f5beba0a,S3_S4,S3,S4,biweekly,8330.757341576507,176.0,26.0,150.0,-105.0,45.0,-150.0,60.0,375.0,-315.0,-45.0,420.0,-465.0,,0.54,,,29211.46,,,0.46,,False,False
2026,2026-06-20_S3_S4_47159afc,S3_S4,S3,S4,biweekly,7259.668508287292,225.0,30.0,195.0,-150.0,45.0,-195.0,60.0,90.0,-30.0,-90.0,135.0,-225.0,,0.74,,,48887.93,,,0.26,,False,False
2026,2026-06-27_S3_S4_dc68d0eb,S3_S4,S3,S4,biweekly,6115.145985401459,190.0,25.0,165.0,-120.0,60.0,-180.0,45.0,90.0,-45.0,-75.0,150.0,-225.0,,,,,,,,,,False,False
2026,2026-07-05_S3_S4_b3db7964,S3_S4,S3,S4,biweekly,8306.451612903225,291.0,21.0,270.0,-225.0,45.0,-270.0,45.0,255.0,-210.0,-180.0,300.0,-480.0,,0.7,,,39429.08,,,0.3,,False,False
2026,2026-07-24_S3_S4_d28f9731,S3_S4,S3,S4,biweekly,4674.657534246576,305.0,35.0,270.0,-165.0,105.0,-270.0,75.0,810.0,-735.0,-90.0,915.0,-1005.0,0.34,0.26,0.08000000000000002,11759.68,8868.33,2891.3500000000004,0.66,0.74,-0.07999999999999996,False,False
2026,2026-08-14_S3_S4_1912adab,S3_S4,S3,S4,biweekly,6335.311572700297,,35.0,,,60.0,,45.0,15.0,30.0,,75.0,,,,,,,,,,,False,False
