year,strip,event_id,depth_inches,irrigation_start,irrigation_end,gallons_strip,event_duration_hours,distance_T_ft,distance_M_ft,distance_B_ft,arrival_T_min,arrival_M_min,arrival_B_min,T_to_M_min,M_to_B_min,T_to_B_min,T_to_M_ft_per_min,M_to_B_ft_per_min,T_to_B_ft_per_min,alt_arrival_T_min,alt_arrival_M_min,alt_arrival_B_min,alt_T_to_M_min,alt_M_to_B_min,alt_T_to_B_min,alt_T_to_M_ft_per_min,alt_M_to_B_ft_per_min,alt_T_to_B_ft_per_min,avg_flow_gph_strip,treatment,irrigation_regime,pair,strict_ordered_arrivals,top_to_bottom_ordered,top_to_middle_min,middle_to_bottom_min,top_to_bottom_min,event_qc_eligible,event_qc_reason,complete_three_zone_coverage,unretained_eligible,unretained_gal_strip,unretained_fraction,estimated_storage_gal_strip_0_18in,estimated_storage_fraction_0_18in,bottom_6in_arrival_delay_hr,post_bottom_6in_arrival_runtime_hr,post_bottom_6in_arrival_applied_gal,post_bottom_6in_arrival_applied_fraction,end_of_field_unretained_eligible,estimated_end_of_field_unretained_gal_strip,estimated_end_of_field_unretained_fraction,log_flow,log_gallons,arrival_model_eligible
2023,S1,2023-05-23_S1_S2_176caf9a,6.0,2023-05-23 15:25:00,2023-05-23 19:19:00,72500.0,3.9,54.0,169.0,284.0,5.0,140.0,,135.0,,,0.85,,,-85.0,140.0,5.0,225.0,-135.0,90.0,0.51,,2.56,18589.74358974359,biochar,monthly,S1_S2,False,False,135.0,,,False,bottom_response_too_early; unexplained_pre_start_response,False,False,,,,,,,,,False,,,9.830365287707165,11.191341840842766,False
2023,S2,2023-05-23_S1_S2_176caf9a,6.0,2023-05-23 15:25:00,2023-05-23 19:19:00,72500.0,3.9,54.0,169.0,284.0,140.0,5.0,50.0,-135.0,45.0,-90.0,,2.56,,-235.0,-340.0,-415.0,-105.0,-75.0,-180.0,,,,18589.74358974359,control,monthly,S1_S2,False,False,-135.0,45.0,-90.0,False,unexplained_pre_start_response,False,False,,,,,0.83,3.07,57008.55,0.79,False,,,9.830365287707165,11.191341840842766,False
2023,S3,2023-05-24_S3_S4_31cada45,6.0,2023-05-24 09:25:00,2023-05-24 13:19:00,73300.0,3.9,,169.0,284.0,,605.0,230.0,,-375.0,,,,,,605.0,230.0,,-375.0,,,,,18794.871794871797,biochar,biweekly,S3_S4,False,False,,-375.0,,True,ok,False,False,,,,,3.83,0.07,1252.99,0.02,False,,,9.841339334739143,11.202315887874743,False
2023,S4,2023-05-24_S3_S4_31cada45,6.0,2023-05-24 09:25:00,2023-05-24 13:19:00,73300.0,3.9,54.0,169.0,284.0,20.0,125.0,365.0,105.0,240.0,345.0,1.1,0.48,0.67,35.0,140.0,380.0,105.0,240.0,345.0,1.1,0.48,0.67,18794.871794871797,control,biweekly,S3_S4,True,True,105.0,240.0,345.0,False,bottom_response_too_early,False,False,,,,,6.08,0.0,0.0,0.0,False,,,9.841339334739143,11.202315887874743,False
2023,S1,2023-06-01_S1_S2_5b27ce31,6.0,2023-06-01 11:16:08,2023-06-01 18:45:00,33650.0,7.48,54.0,169.0,284.0,208.87,223.87,,15.0,,,7.67,,,238.87,223.87,,-15.0,,,,,,4498.6631016042775,biochar,monthly,S1_S2,False,False,15.0,,,True,ok,False,False,,,,,,,,,False,,,8.411535543086488,10.423768335072873,False
2023,S2,2023-06-01_S1_S2_5b27ce31,6.0,2023-06-01 11:16:08,2023-06-01 18:45:00,33650.0,7.48,54.0,169.0,284.0,148.87,358.87,313.87,210.0,-45.0,165.0,0.55,,1.39,148.87,358.87,313.87,210.0,-45.0,165.0,0.55,,1.39,4498.6631016042775,control,monthly,S1_S2,False,True,210.0,-45.0,165.0,True,ok,False,False,,,,,5.23,2.25,10120.44,0.3,False,,,8.411535543086488,10.423768335072873,True
2023,S3,2023-06-02_S3_S4_e824e1bc,6.0,2023-06-02 15:43:00,2023-06-02 22:12:00,33750.0,6.48,,169.0,284.0,,662.0,167.0,,-495.0,,,,,,677.0,182.0,,-495.0,,,,,5208.333333333333,biochar,biweekly,S3_S4,False,False,,-495.0,,True,ok,False,False,,,,,2.78,3.7,19260.75,0.57,False,,,8.558015185936492,10.426735696300677,False
2023,S4,2023-06-02_S3_S4_e824e1bc,6.0,2023-06-02 15:43:00,2023-06-02 22:12:00,33750.0,6.48,54.0,169.0,284.0,167.0,,,,,,,,,197.0,,,,,,,,,5208.333333333333,control,biweekly,S3_S4,False,False,,,,,,,,,,,,,,,,,,,8.558015185936492,10.426735696300677,False
2023,S3,2023-06-14_S3_S4_71ac748b,6.0,2023-06-14 08:25:00,2023-06-14 17:29:00,64100.0,9.07,54.0,169.0,284.0,65.0,650.0,140.0,585.0,-510.0,75.0,0.2,,3.07,65.0,650.0,140.0,585.0,-510.0,75.0,0.2,,3.07,7067.254685777288,biochar,biweekly,S3_S4,False,True,585.0,-510.0,75.0,True,ok,False,False,,,,,2.33,6.73,47603.91,0.74,False,,,8.863227378781716,11.06819964290876,True
2023,S4,2023-06-14_S3_S4_71ac748b,6.0,2023-06-14 08:25:00,2023-06-14 17:29:00,64100.0,9.07,54.0,169.0,284.0,185.0,365.0,500.0,180.0,135.0,315.0,0.64,0.85,0.73,200.0,395.0,545.0,195.0,150.0,345.0,0.59,0.77,0.67,7067.254685777288,control,biweekly,S3_S4,True,True,180.0,135.0,315.0,True,ok,True,True,43451.95,0.68,20648.05,0.32,8.33,0.73,5184.79,0.08,True,43451.95,0.68,8.863227378781716,11.06819964290876,True
2023,S1,2023-06-26_S1_S2_69e5d9b6,6.0,2023-06-26 09:31:00,2023-06-26 16:02:00,44700.0,6.52,54.0,169.0,284.0,59.0,89.0,,30.0,,,3.83,,,104.0,134.0,,30.0,,,3.83,,,6855.828220858896,biochar,monthly,S1_S2,False,False,30.0,,,True,ok,False,False,,,,,,,,,False,,,8.832854404663099,10.707728780601661,False
2023,S2,2023-06-26_S1_S2_69e5d9b6,6.0,2023-06-26 09:31:00,2023-06-26 16:02:00,44700.0,6.52,54.0,169.0,284.0,134.0,89.0,104.0,-45.0,15.0,-30.0,,7.67,,134.0,89.0,149.0,-45.0,60.0,15.0,,1.92,15.33,6855.828220858896,control,monthly,S1_S2,False,False,-45.0,15.0,-30.0,True,ok,True,True,2695.6,0.06,42004.4,0.94,1.73,4.78,32810.71,0.73,True,2695.6,0.06,8.832854404663099,10.707728780601661,False
2023,S3,2023-06-27_S3_S4_87f629e2,6.0,2023-06-27 07:53:00,2023-06-27 16:14:00,67850.0,8.35,54.0,169.0,284.0,37.0,562.0,127.0,525.0,-435.0,90.0,0.22,,2.56,37.0,562.0,127.0,525.0,-435.0,90.0,0.22,,2.56,8125.748502994013,biochar,biweekly,S3_S4,False,True,525.0,-435.0,90.0,True,ok,False,False,,,,,2.12,6.23,50650.5,0.75,False,,,9.00279312640025,11.125054665263015,True
2023,S4,2023-06-27_S3_S4_87f629e2,6.0,2023-06-27 07:53:00,2023-06-27 16:14:00,67850.0,8.35,54.0,169.0,284.0,7.0,247.0,487.0,240.0,240.0,480.0,0.48,0.48,0.48,-8.0,262.0,502.0,270.0,240.0,510.0,0.43,0.48,0.45,8125.748502994013,control,biweekly,S3_S4,True,True,240.0,240.0,480.0,,,,,,,,,,,,,,,,9.00279312640025,11.125054665263015,False
2023,S3,2023-07-07_S3_S4_bf19b251,6.0,2023-07-07 07:46:00,2023-07-07 15:46:00,64250.0,8.0,54.0,169.0,284.0,29.0,554.0,134.0,525.0,-420.0,105.0,0.22,,2.19,29.0,554.0,134.0,525.0,-420.0,105.0,0.22,,2.19,8031.25,biochar,biweekly,S3_S4,False,True,525.0,-420.0,105.0,True,ok,False,False,,,,,2.23,5.77,46313.54,0.72,False,,,8.99109546107763,11.070537002757467,True
2023,S4,2023-07-07_S3_S4_bf19b251,6.0,2023-07-07 07:46:00,2023-07-07 15:46:00,64250.0,8.0,54.0,169.0,284.0,44.0,224.0,299.0,180.0,75.0,255.0,0.64,1.53,0.9,-16.0,224.0,299.0,240.0,75.0,315.0,0.48,1.53,0.73,8031.25,control,biweekly,S3_S4,True,True,180.0,75.0,255.0,,,,,,,,,,,,,,,,8.99109546107763,11.070537002757467,False
2023,S1,2023-07-17_S1_S2_ae0a89b4,6.0,2023-07-17 08:04:00,2023-07-17 16:04:00,60450.0,8.0,54.0,169.0,284.0,11.0,56.0,,45.0,,,2.56,,,-34.0,101.0,,135.0,,,0.85,,,7556.25,biochar,monthly,S1_S2,False,False,45.0,,,True,ok,False,False,,,,,,,,,False,,,8.930130314363103,11.009571856042939,False
2023,S2,2023-07-17_S1_S2_ae0a89b4,6.0,2023-07-17 08:04:00,2023-07-17 16:04:00,60450.0,8.0,54.0,169.0,284.0,146.0,86.0,86.0,-60.0,0.0,-60.0,,,,146.0,86.0,131.0,-60.0,45.0,-15.0,,2.56,,7556.25,control,monthly,S1_S2,False,False,-60.0,0.0,-60.0,True,ok,True,True,14787.28,0.24,45662.72,0.76,1.43,6.57,49619.38,0.82,True,14787.28,0.24,8.930130314363103,11.009571856042939,False
2023,S3,2023-07-17_S3_S4_a04fe807,6.0,2023-07-17 19:19:00,2023-07-18 05:53:00,80450.0,10.57,54.0,169.0,284.0,41.0,,131.0,,,90.0,,,2.56,41.0,1256.0,131.0,1215.0,-1125.0,90.0,0.09,,2.56,7611.163670766319,biochar,biweekly,S3_S4,False,True,,,90.0,True,ok,True,True,49574.29,0.62,30875.71,0.38,2.18,8.38,63827.3,0.79,True,49574.29,0.62,8.937371352538383,11.29539115242053,True
2023,S4,2023-07-17_S3_S4_a04fe807,6.0,2023-07-17 19:19:00,2023-07-18 05:53:00,80450.0,10.57,54.0,169.0,284.0,281.0,221.0,,-60.0,,,,,,-4.0,236.0,881.0,240.0,645.0,885.0,0.48,0.18,0.26,7611.163670766319,control,biweekly,S3_S4,False,False,-60.0,,,False,unexplained_pre_start_response,True,False,54201.07,0.67,26248.93,0.33,,,,,False,,,8.937371352538383,11.29539115242053,False
2023,S3,2023-07-27_S3_S4_89a0fecc,6.0,2023-07-27 10:00:00,2023-07-27 17:29:00,25200.0,7.48,54.0,169.0,284.0,90.0,585.0,195.0,495.0,-390.0,105.0,0.23,,2.19,90.0,585.0,195.0,495.0,-390.0,105.0,0.23,,2.19,3368.9839572192514,biochar,biweekly,S3_S4,False,True,495.0,-390.0,105.0,True,ok,False,False,,,,,3.25,4.23,14255.57,0.57,False,,,8.12236648151313,10.134599273499514,True
2023,S4,2023-07-27_S3_S4_89a0fecc,6.0,2023-07-27 10:00:00,2023-07-27 17:29:00,25200.0,7.48,54.0,169.0,284.0,,,,,,,,,,-75.0,,,,,,,,,3368.9839572192514,control,biweekly,S3_S4,False,False,,,,,,,,,,,,,,,,,,,8.12236648151313,10.134599273499514,False
2023,S1,2023-08-05_S1_S2_efaa9d14,6.0,2023-08-05 08:48:00,2023-08-05 14:56:00,49250.0,6.13,54.0,169.0,284.0,,27.0,,,,,,,,-33.0,72.0,,105.0,,,1.1,,,8034.257748776509,biochar,monthly,S1_S2,False,False,,,,True,ok,False,False,,,,,,,,,False,,,8.991469896652115,10.804664646600235,False
2023,S2,2023-08-05_S1_S2_efaa9d14,6.0,2023-08-05 08:48:00,2023-08-05 14:56:00,49250.0,6.13,54.0,169.0,284.0,132.0,42.0,27.0,-90.0,-15.0,-105.0,,,,132.0,42.0,87.0,-90.0,45.0,-45.0,,2.56,,8034.257748776509,control,monthly,S1_S2,False,False,-90.0,-15.0,-105.0,False,unexplained_pre_start_response,True,False,13656.9,0.28,35593.1,0.72,0.45,5.68,45636.28,0.93,False,,,8.991469896652115,10.804664646600235,False
2023,S3,2023-08-05_S3_S4_0f92146d,6.0,2023-08-05 08:51:00,2023-08-05 11:03:00,18300.0,2.2,54.0,169.0,284.0,39.0,549.0,129.0,510.0,-420.0,90.0,0.23,,2.56,39.0,549.0,129.0,510.0,-420.0,90.0,0.23,,2.56,8318.181818181818,biochar,biweekly,S3_S4,False,True,510.0,-420.0,90.0,True,ok,False,False,,,,,2.15,0.05,415.91,0.02,False,,,9.026198978465242,9.814656338829513,True
2023,S4,2023-08-05_S3_S4_0f92146d,6.0,2023-08-05 08:51:00,2023-08-05 11:03:00,18300.0,2.2,54.0,169.0,284.0,9.0,,,,,,,,,-6.0,,,,,,,,,8318.181818181818,control,biweekly,S3_S4,False,False,,,,,,,,,,,,,,,,,,,9.026198978465242,9.814656338829513,False
2023,S3,2023-08-10_S3_S4_7fce3d7b,6.0,2023-08-10 13:57:00,2023-08-10 19:37:00,52850.0,5.67,54.0,169.0,284.0,33.0,543.0,138.0,510.0,-405.0,105.0,0.23,,2.19,33.0,543.0,138.0,510.0,-405.0,105.0,0.23,,2.19,9320.987654320988,biochar,biweekly,S3_S4,False,True,510.0,-405.0,105.0,True,ok,False,False,,,,,2.3,3.37,31399.43,0.59,False,,,9.140023873558723,10.875212991298383,True
2023,S4,2023-08-10_S3_S4_7fce3d7b,6.0,2023-08-10 13:57:00,2023-08-10 19:37:00,52850.0,5.67,54.0,169.0,284.0,,108.0,258.0,,150.0,,,0.77,,-27.0,153.0,303.0,180.0,150.0,330.0,0.64,0.77,0.7,9320.987654320988,control,biweekly,S3_S4,False,False,,150.0,,False,possible_battery_or_logger_issue,True,False,29367.71,0.56,23482.29,0.44,4.3,1.37,12746.49,0.24,False,,,9.140023873558723,10.875212991298383,False
2023,S1,2023-08-24_S1_S2_6cc99259,6.0,2023-08-24 13:47:00,2023-08-24 18:16:00,30125.0,4.48,54.0,169.0,284.0,13.0,88.0,,75.0,,,1.53,,,-32.0,133.0,,165.0,,,0.7,,,6724.330357142857,biochar,monthly,S1_S2,False,False,75.0,,,True,ok,False,False,,,,,,,,,False,,,8.813487624366063,10.313110670792955,False
2023,S2,2023-08-24_S1_S2_6cc99259,6.0,2023-08-24 13:47:00,2023-08-24 18:16:00,30125.0,4.48,54.0,169.0,284.0,133.0,43.0,28.0,-90.0,-15.0,-105.0,,,,133.0,43.0,73.0,-90.0,30.0,-60.0,,3.83,,6724.330357142857,control,monthly,S1_S2,False,False,-90.0,-15.0,-105.0,True,ok,True,True,0.0,0.0,32425.22,1.08,0.47,4.02,26989.09,0.9,True,0.0,0.0,8.813487624366063,10.313110670792955,False
2023,S3,2023-08-24_S3_S4_a4b6ae2a,6.0,2023-08-24 13:47:00,2023-08-24 18:16:00,30125.0,4.48,54.0,169.0,284.0,58.0,553.0,163.0,495.0,-390.0,105.0,0.23,,2.19,58.0,553.0,163.0,495.0,-390.0,105.0,0.23,,2.19,6724.330357142857,biochar,biweekly,S3_S4,False,True,495.0,-390.0,105.0,True,ok,False,False,,,,,2.72,1.77,11870.59,0.39,False,,,8.813487624366063,10.313110670792955,True
2023,S4,2023-08-24_S3_S4_a4b6ae2a,6.0,2023-08-24 13:47:00,2023-08-24 18:16:00,30125.0,4.48,54.0,169.0,284.0,13.0,298.0,,285.0,,,0.4,,,28.0,,,,,,,,,6724.330357142857,control,biweekly,S3_S4,False,False,285.0,,,False,bottom_response_too_early; possible_battery_or_logger_issue,False,False,,,,,,,,,False,,,8.813487624366063,10.313110670792955,False
2023,S3,2023-09-07_S3_S4_ea877a99,6.0,2023-09-07 07:38:00,2023-09-07 18:19:00,78850.0,10.68,54.0,169.0,284.0,37.0,,157.0,,,120.0,,,1.92,37.0,502.0,157.0,465.0,-345.0,120.0,0.25,,1.92,7382.958801498127,biochar,biweekly,S3_S4,False,True,,,120.0,True,ok,False,False,,,,,2.62,8.07,59537.04,0.76,False,,,8.906929758859135,11.275302592391185,True
2023,S4,2023-09-07_S3_S4_ea877a99,6.0,2023-09-07 07:38:00,2023-09-07 18:19:00,78850.0,10.68,54.0,169.0,284.0,,217.0,262.0,,45.0,,,2.56,,-23.0,232.0,247.0,255.0,15.0,270.0,0.45,7.67,0.85,7382.958801498127,control,biweekly,S3_S4,False,False,,45.0,,,,,,,,,,,,,,,,,8.906929758859135,11.275302592391185,False
2023,S1,2023-09-21_S1_S2_6dbb0789,6.0,2023-09-21 09:07:00,2023-09-21 16:09:00,37650.0,7.03,54.0,169.0,284.0,8.0,188.0,,180.0,,,0.64,,,-37.0,233.0,,270.0,,,0.43,,,5355.618776671408,biochar,monthly,S1_S2,False,False,180.0,,,True,ok,False,False,,,,,,,,,False,,,8.585901527405467,10.536088233228039,False
2023,S2,2023-09-21_S1_S2_6dbb0789,6.0,2023-09-21 09:07:00,2023-09-21 16:09:00,37650.0,7.03,54.0,169.0,284.0,143.0,53.0,68.0,-90.0,15.0,-75.0,,7.67,,143.0,53.0,113.0,-90.0,60.0,-30.0,,1.92,,5355.618776671408,control,monthly,S1_S2,False,False,-90.0,15.0,-75.0,True,ok,True,True,145.65,0.0,37504.35,1.0,1.13,5.9,31583.0,0.84,True,145.65,0.0,8.585901527405467,10.536088233228039,False
2023,S3,2023-09-22_S3_S4_157133f5,6.0,2023-09-22 07:20:00,2023-09-22 16:18:00,72300.0,8.97,54.0,169.0,284.0,55.0,,160.0,,,105.0,,,2.19,55.0,535.0,160.0,480.0,-375.0,105.0,0.24,,2.19,8060.20066889632,biochar,biweekly,S3_S4,False,True,,,105.0,True,ok,False,False,,,,,2.67,6.3,50798.41,0.7,False,,,8.99469373207615,11.188579408146856,True
2023,S4,2023-09-22_S3_S4_157133f5,6.0,2023-09-22 07:20:00,2023-09-22 16:18:00,72300.0,8.97,54.0,169.0,284.0,10.0,235.0,,225.0,,,0.51,,,-5.0,235.0,235.0,240.0,0.0,240.0,0.48,,0.96,8060.20066889632,control,biweekly,S3_S4,False,False,225.0,,,,,,,,,,,,,,,,,,8.99469373207615,11.188579408146856,False
2024,S3,2024-04-19_S3_S4_c5bf8374,6.0,2024-04-19 14:14:00,2024-04-19 21:33:00,54875.0,7.32,54.0,169.0,284.0,76.0,571.0,106.0,495.0,-465.0,30.0,0.23,,7.67,106.0,571.0,106.0,465.0,-465.0,0.0,0.25,,,7496.584699453551,biochar,biweekly,S3_S4,False,True,495.0,-465.0,30.0,True,ok,True,True,22438.66,0.41,32436.34,0.59,1.77,5.55,41625.25,0.76,True,22438.66,0.41,8.922202822404252,10.912813150377472,True
2024,S4,2024-04-19_S3_S4_c5bf8374,6.0,2024-04-19 14:14:00,2024-04-19 21:33:00,54875.0,7.32,54.0,169.0,284.0,46.0,241.0,,195.0,,,0.59,,,46.0,271.0,,225.0,,,0.51,,,7496.584699453551,control,biweekly,S3_S4,False,False,195.0,,,True,ok,True,True,30193.87,0.55,24681.13,0.45,,,,,False,,,8.922202822404252,10.912813150377472,False
2024,S1,2024-04-20_S1_S2_5f2fb725,6.0,2024-04-20 10:11:00,2024-04-20 17:54:00,62950.0,7.72,54.0,169.0,284.0,34.0,139.0,454.0,105.0,315.0,420.0,1.1,0.37,0.55,34.0,184.0,529.0,150.0,345.0,495.0,0.77,0.33,0.46,8154.145077720207,biochar,monthly,S1_S2,True,True,105.0,315.0,420.0,True,ok,True,True,19869.19,0.32,43080.81,0.68,7.57,0.15,1223.92,0.02,True,19869.19,0.32,9.006281675435808,11.050096039472493,True
2024,S2,2024-04-20_S1_S2_5f2fb725,6.0,2024-04-20 10:11:00,2024-04-20 17:54:00,62950.0,7.72,54.0,169.0,284.0,79.0,79.0,154.0,0.0,75.0,75.0,,1.53,3.07,79.0,79.0,199.0,0.0,120.0,120.0,,0.96,1.92,8154.145077720207,control,monthly,S1_S2,True,True,0.0,75.0,75.0,True,ok,True,True,24360.92,0.39,38589.08,0.61,2.57,5.15,42012.26,0.67,True,24360.92,0.39,9.006281675435808,11.050096039472493,True
2024,S3,2024-05-03_S3_S4_13e4749a,6.0,2024-05-03 08:37:00,2024-05-03 15:28:00,44600.0,6.85,54.0,169.0,284.0,68.0,533.0,98.0,465.0,-435.0,30.0,0.25,,7.67,68.0,533.0,98.0,465.0,-435.0,30.0,0.25,,7.67,6510.94890510949,biochar,biweekly,S3_S4,False,True,465.0,-435.0,30.0,True,ok,True,True,22402.67,0.5,22197.33,0.5,1.63,5.22,33965.45,0.76,True,22402.67,0.5,8.781240485734022,10.705489138008156,True
2024,S4,2024-05-03_S3_S4_13e4749a,6.0,2024-05-03 08:37:00,2024-05-03 15:28:00,44600.0,6.85,54.0,169.0,,23.0,83.0,,60.0,,,1.92,,,23.0,83.0,,60.0,,,1.92,,,6510.94890510949,control,biweekly,S3_S4,False,False,60.0,,,,,,,,,,,,,,,,,,8.781240485734022,10.705489138008156,False
2024,S1,2024-05-11_S1_S2_4c1cd284,6.0,2024-05-11 06:55:00,2024-05-11 16:18:00,66500.0,9.38,54.0,169.0,284.0,1475.0,1640.0,530.0,165.0,-1110.0,-945.0,0.7,,,1475.0,1640.0,,165.0,,,0.7,,,7089.55223880597,biochar,monthly,S1_S2,False,False,165.0,-1110.0,-945.0,,,,,,,,,,,,,,,,8.866377463625811,11.104957226643945,False
2024,S2,2024-05-11_S1_S2_4c1cd284,6.0,2024-05-11 06:55:00,2024-05-11 16:18:00,66500.0,9.38,54.0,169.0,284.0,1520.0,1505.0,1745.0,-15.0,240.0,225.0,,0.48,1.02,1520.0,1505.0,,-15.0,,,,,,7089.55223880597,control,monthly,S1_S2,False,True,-15.0,240.0,225.0,,,,,,,,,,,,,,,,8.866377463625811,11.104957226643945,False
2024,S3,2024-05-17_S3_S4_09c73fc7,6.0,2024-05-17 13:31:00,2024-05-17 19:09:00,47550.0,5.63,54.0,169.0,284.0,44.0,524.0,89.0,480.0,-435.0,45.0,0.24,,5.11,59.0,524.0,89.0,465.0,-435.0,30.0,0.25,,7.67,8445.82593250444,biochar,biweekly,S3_S4,False,True,480.0,-435.0,45.0,True,ok,True,True,26361.81,0.55,21188.19,0.45,1.48,4.15,35029.16,0.74,True,26361.81,0.55,9.041427625821937,10.769537067973536,True
2024,S4,2024-05-17_S3_S4_09c73fc7,6.0,2024-05-17 13:31:00,2024-05-17 19:09:00,47550.0,5.63,54.0,169.0,284.0,29.0,74.0,134.0,45.0,60.0,105.0,2.56,1.92,2.19,29.0,74.0,134.0,45.0,60.0,105.0,2.56,1.92,2.19,8445.82593250444,control,biweekly,S3_S4,True,True,45.0,60.0,105.0,True,ok,True,True,27252.33,0.57,20297.67,0.43,2.23,3.4,28698.54,0.6,True,27252.33,0.57,9.041427625821937,10.769537067973536,True
2024,S1,2024-06-01_S1_S2_ef46e32f,6.0,2024-06-01 18:05:00,2024-06-02 07:46:00,81250.0,13.68,54.0,169.0,284.0,25.0,220.0,205.0,195.0,-15.0,180.0,0.59,,1.28,25.0,265.0,685.0,240.0,420.0,660.0,0.48,0.27,0.35,5939.327485380117,biochar,monthly,S1_S2,False,True,195.0,-15.0,180.0,False,unexplained_pre_start_response,True,False,47989.35,0.59,33260.65,0.41,3.42,10.27,60962.04,0.75,False,,,8.689351187997579,11.305286100191983,False
2024,S2,2024-06-01_S1_S2_ef46e32f,6.0,2024-06-01 18:05:00,2024-06-02 07:46:00,81250.0,13.68,54.0,169.0,284.0,85.0,85.0,220.0,0.0,135.0,135.0,,0.85,1.7,85.0,85.0,220.0,0.0,135.0,135.0,,0.85,1.7,5939.327485380117,control,monthly,S1_S2,True,True,0.0,135.0,135.0,True,ok,True,True,32816.73,0.4,48433.27,0.6,3.67,10.02,59477.57,0.73,True,32816.73,0.4,8.689351187997579,11.305286100191983,True
2024,S3,2024-06-01_S3_S4_0880f850,6.0,2024-06-01 08:29:00,2024-06-01 17:57:00,61450.0,9.47,54.0,169.0,284.0,61.0,556.0,106.0,495.0,-450.0,45.0,0.23,,5.11,61.0,556.0,106.0,495.0,-450.0,45.0,0.23,,5.11,6488.9123548046455,biochar,biweekly,S3_S4,False,True,495.0,-450.0,45.0,True,ok,True,True,35318.13,0.57,26131.87,0.43,1.77,7.7,49982.43,0.81,True,35318.13,0.57,8.777850207796194,11.02597911499418,True
2024,S4,2024-06-01_S3_S4_0880f850,6.0,2024-06-01 08:29:00,2024-06-01 17:57:00,61450.0,9.47,54.0,169.0,,31.0,106.0,,75.0,,,1.53,,,31.0,106.0,,75.0,,,1.53,,,6488.9123548046455,control,biweekly,S3_S4,False,False,75.0,,,,,,,,,,,,,,,,,,8.777850207796194,11.02597911499418,False
2024,S3,2024-06-15_S3_S4_b6aa9839,6.0,2024-06-15 07:29:00,2024-06-15 16:13:00,52500.0,8.73,54.0,169.0,284.0,46.0,541.0,106.0,495.0,-435.0,60.0,0.23,,3.83,46.0,541.0,106.0,495.0,-435.0,60.0,0.23,,3.83,6013.745704467354,biochar,biweekly,S3_S4,False,True,495.0,-435.0,60.0,True,ok,True,True,28006.24,0.53,24493.76,0.47,1.77,6.97,41879.57,0.8,True,28006.24,0.53,8.701803078728204,10.868568448579715,True
2024,S4,2024-06-15_S3_S4_b6aa9839,6.0,2024-06-15 07:29:00,2024-06-15 16:13:00,52500.0,8.73,54.0,169.0,,31.0,121.0,,90.0,,,1.28,,,31.0,121.0,,90.0,,,1.28,,,6013.745704467354,control,biweekly,S3_S4,False,False,90.0,,,,,,,,,,,,,,,,,,8.701803078728204,10.868568448579715,False
2024,S1,2024-06-22_S1_S2_e95bd875,6.0,2024-06-22 08:00:00,2024-06-22 15:49:00,47100.0,7.82,54.0,169.0,284.0,30.0,120.0,210.0,90.0,90.0,180.0,1.28,1.28,1.28,30.0,135.0,540.0,105.0,405.0,510.0,1.1,0.28,0.45,6023.017902813299,biochar,monthly,S1_S2,True,True,90.0,90.0,180.0,True,ok,True,True,12896.23,0.27,34203.77,0.73,3.5,4.32,26010.65,0.55,True,12896.23,0.27,8.70334372544729,10.760028280004509,True
2024,S2,2024-06-22_S1_S2_e95bd875,6.0,2024-06-22 08:00:00,2024-06-22 15:49:00,47100.0,7.82,54.0,169.0,284.0,75.0,60.0,210.0,-15.0,150.0,135.0,,0.77,1.7,75.0,60.0,225.0,-15.0,165.0,150.0,,0.7,1.53,6023.017902813299,control,monthly,S1_S2,False,True,-15.0,150.0,135.0,True,ok,True,True,7042.27,0.15,40057.73,0.85,3.5,4.32,26010.65,0.55,True,7042.27,0.15,8.70334372544729,10.760028280004509,True
2024,S3,2024-06-28_S3_S4_14b9d993,6.0,2024-06-28 08:19:00,2024-06-28 14:44:00,39650.0,6.42,54.0,169.0,284.0,71.0,521.0,86.0,450.0,-435.0,15.0,0.26,,15.33,86.0,521.0,86.0,435.0,-435.0,0.0,0.26,,,6176.01246105919,biochar,biweekly,S3_S4,False,True,450.0,-435.0,15.0,True,ok,True,True,18958.21,0.48,20691.79,0.52,1.43,4.98,30793.32,0.78,True,18958.21,0.48,8.728428109361124,10.587846227062993,True
2024,S4,2024-06-28_S3_S4_14b9d993,6.0,2024-06-28 08:19:00,2024-06-28 14:44:00,39650.0,6.42,54.0,169.0,284.0,26.0,176.0,266.0,150.0,90.0,240.0,0.77,1.28,0.96,26.0,176.0,266.0,150.0,90.0,240.0,0.77,1.28,0.96,6176.01246105919,control,biweekly,S3_S4,True,True,150.0,90.0,240.0,True,ok,True,True,21377.09,0.54,18272.91,0.46,4.43,1.98,12255.66,0.31,True,21377.09,0.54,8.728428109361124,10.587846227062993,True
2024,S3,2024-07-11_S3_S4_d29231ea,6.0,2024-07-11 10:01:00,2024-07-11 17:39:00,46550.0,7.63,54.0,169.0,284.0,89.0,479.0,104.0,390.0,-375.0,15.0,0.29,,15.33,89.0,479.0,104.0,390.0,-375.0,15.0,0.29,,15.33,6100.917431192661,biochar,biweekly,S3_S4,False,True,390.0,-375.0,15.0,True,ok,True,True,20556.17,0.44,25993.83,0.56,1.73,5.9,35979.49,0.77,True,20556.17,0.44,8.716194437408847,10.748282282705214,True
2024,S4,2024-07-11_S3_S4_d29231ea,6.0,2024-07-11 10:01:00,2024-07-11 17:39:00,46550.0,7.63,54.0,169.0,284.0,29.0,194.0,,165.0,,,0.7,,,29.0,209.0,,180.0,,,0.64,,,6100.917431192661,control,biweekly,S3_S4,False,False,165.0,,,,,,,,,,,,,,,,,,8.716194437408847,10.748282282705214,False
2024,S1,2024-07-20_S1_S2_6d735351,6.0,2024-07-20 08:54:00,2024-07-20 17:43:00,55550.0,8.82,54.0,169.0,284.0,36.0,216.0,261.0,180.0,45.0,225.0,0.64,2.56,1.02,36.0,261.0,561.0,225.0,300.0,525.0,0.51,0.38,0.44,6298.185941043083,biochar,monthly,S1_S2,True,True,180.0,45.0,225.0,True,ok,True,True,12182.81,0.22,43367.19,0.78,4.35,4.47,28142.74,0.51,True,12182.81,0.22,8.748016925049075,10.925038795067776,True
2024,S2,2024-07-20_S1_S2_6d735351,6.0,2024-07-20 08:54:00,2024-07-20 17:43:00,55550.0,8.82,54.0,169.0,284.0,81.0,81.0,246.0,0.0,165.0,165.0,,0.7,1.39,81.0,81.0,276.0,0.0,195.0,195.0,,0.59,1.18,6298.185941043083,control,monthly,S1_S2,True,True,0.0,165.0,165.0,True,ok,False,False,,,,,4.1,4.72,29717.88,0.54,False,,,8.748016925049075,10.925038795067776,True
2024,S3,2024-07-26_S3_S4_fd133a4c,6.0,2024-07-26 19:02:00,2024-07-27 07:21:00,71850.0,12.32,54.0,169.0,284.0,58.0,478.0,118.0,420.0,-360.0,60.0,0.27,,3.83,58.0,478.0,118.0,420.0,-360.0,60.0,0.27,,3.83,5831.980519480519,biochar,biweekly,S3_S4,False,True,420.0,-360.0,60.0,True,ok,True,True,37981.61,0.53,33868.39,0.47,1.97,10.35,60377.53,0.84,True,37981.61,0.53,8.671111933401797,11.18233589150717,True
2024,S4,2024-07-26_S3_S4_fd133a4c,6.0,2024-07-26 19:02:00,2024-07-27 07:21:00,71850.0,12.32,54.0,169.0,284.0,43.0,283.0,778.0,240.0,495.0,735.0,0.48,0.23,0.31,43.0,283.0,-542.0,240.0,-825.0,-585.0,0.48,,,5831.980519480519,control,biweekly,S3_S4,True,True,240.0,495.0,735.0,False,missing_bottom_response_delay; possible_battery_or_logger_issue; unexplained_pre_start_response,False,False,,,,,12.97,0.0,0.0,0.0,False,,,8.671111933401797,11.18233589150717,False
2024,S3,2024-08-09_S3_S4_fd100e26,6.0,2024-08-09 08:45:00,2024-08-09 15:50:00,46900.0,7.08,54.0,169.0,284.0,45.0,495.0,120.0,450.0,-375.0,75.0,0.26,,3.07,45.0,495.0,120.0,450.0,-375.0,75.0,0.26,,3.07,6624.293785310734,biochar,biweekly,S3_S4,False,True,450.0,-375.0,75.0,True,ok,True,True,21430.82,0.46,25469.18,0.54,2.0,5.08,33657.43,0.72,True,21430.82,0.46,8.798499046728743,10.75577295443437,True
2024,S4,2024-08-09_S3_S4_fd100e26,6.0,2024-08-09 08:45:00,2024-08-09 15:50:00,46900.0,7.08,54.0,169.0,284.0,45.0,270.0,450.0,225.0,180.0,405.0,0.51,0.64,0.57,45.0,285.0,435.0,240.0,150.0,390.0,0.48,0.77,0.59,6624.293785310734,control,biweekly,S3_S4,True,True,225.0,180.0,405.0,True,ok,False,False,,,,,7.5,0.0,0.0,0.0,False,,,8.798499046728743,10.75577295443437,True
2024,S1,2024-08-10_S1_S2_de427086,6.0,2024-08-10 08:50:00,2024-08-10 20:38:00,84700.0,11.8,54.0,169.0,284.0,25.0,190.0,430.0,165.0,240.0,405.0,0.7,0.48,0.57,25.0,205.0,475.0,180.0,270.0,450.0,0.64,0.43,0.51,7177.966101694915,biochar,monthly,S1_S2,True,True,165.0,240.0,405.0,True,ok,False,False,,,,,7.17,4.63,33257.91,0.39,False,,,8.878771349168527,11.346870880640147,True
2024,S2,2024-08-10_S1_S2_de427086,6.0,2024-08-10 08:50:00,2024-08-10 20:38:00,84700.0,11.8,54.0,169.0,284.0,85.0,55.0,175.0,-30.0,120.0,90.0,,0.96,2.56,85.0,55.0,175.0,-30.0,120.0,90.0,,0.96,2.56,7177.966101694915,control,monthly,S1_S2,False,True,-30.0,120.0,90.0,True,ok,True,True,39840.38,0.47,44859.62,0.53,2.92,8.88,63764.27,0.75,True,39840.38,0.47,8.878771349168527,11.346870880640147,True
2024,S3,2024-08-23_S3_S4_0b64e5f5,6.0,2024-08-23 09:32:00,2024-08-23 15:04:00,30150.0,5.53,54.0,169.0,284.0,58.0,478.0,103.0,420.0,-375.0,45.0,0.27,,5.11,58.0,478.0,103.0,420.0,-375.0,45.0,0.27,,5.11,5452.0795660036165,biochar,biweekly,S3_S4,False,True,420.0,-375.0,45.0,True,ok,True,True,8375.64,0.28,21774.36,0.72,1.72,3.82,20796.05,0.69,True,8375.64,0.28,8.603752386621087,10.313940202155331,True
2024,S4,2024-08-23_S3_S4_0b64e5f5,6.0,2024-08-23 09:32:00,2024-08-23 15:04:00,30150.0,5.53,54.0,169.0,284.0,43.0,253.0,748.0,210.0,495.0,705.0,0.55,0.23,0.33,43.0,253.0,748.0,210.0,495.0,705.0,0.55,0.23,0.33,5452.0795660036165,control,biweekly,S3_S4,True,True,210.0,495.0,705.0,True,ok,False,False,,,,,12.47,0.0,0.0,0.0,False,,,8.603752386621087,10.313940202155331,True
2024,S3,2024-09-06_S3_S4_9e0ce675,6.0,2024-09-06 09:33:00,2024-09-06 16:29:00,48950.0,6.93,54.0,169.0,284.0,57.0,477.0,102.0,420.0,-375.0,45.0,0.27,,5.11,72.0,477.0,102.0,405.0,-375.0,30.0,0.28,,7.67,7063.492063492064,biochar,biweekly,S3_S4,False,True,420.0,-375.0,45.0,True,ok,True,True,27549.23,0.56,21400.77,0.44,1.7,5.23,36947.6,0.75,True,27549.23,0.56,8.862694834756844,10.798554647958657,True
2024,S4,2024-09-06_S3_S4_9e0ce675,6.0,2024-09-06 09:33:00,2024-09-06 16:29:00,48950.0,6.93,54.0,169.0,284.0,42.0,207.0,342.0,165.0,135.0,300.0,0.7,0.85,0.77,42.0,207.0,327.0,165.0,120.0,285.0,0.7,0.96,0.81,7063.492063492064,control,biweekly,S3_S4,True,True,165.0,135.0,300.0,True,ok,False,False,,,,,5.7,1.23,8707.22,0.18,False,,,8.862694834756844,10.798554647958657,True
2024,S1,2024-09-07_S1_S2_b15b9a0a,6.0,2024-09-07 08:23:00,2024-09-07 16:16:00,53000.0,7.88,54.0,169.0,284.0,22.0,217.0,577.0,195.0,360.0,555.0,0.59,0.32,0.41,22.0,232.0,577.0,210.0,345.0,555.0,0.55,0.33,0.41,6725.888324873096,biochar,monthly,S1_S2,True,True,195.0,360.0,555.0,True,ok,True,True,22699.39,0.43,30300.61,0.57,9.62,0.0,0.0,0.0,True,22699.39,0.43,8.81371928866447,10.87804719253426,True
2024,S2,2024-09-07_S1_S2_b15b9a0a,6.0,2024-09-07 08:23:00,2024-09-07 16:16:00,53000.0,7.88,54.0,169.0,284.0,82.0,67.0,202.0,-15.0,135.0,120.0,,0.85,1.92,82.0,67.0,202.0,-15.0,135.0,120.0,,0.85,1.92,6725.888324873096,control,monthly,S1_S2,False,True,-15.0,135.0,120.0,True,ok,True,True,18611.33,0.35,34388.67,0.65,3.37,4.52,30365.53,0.57,True,18611.33,0.35,8.81371928866447,10.87804719253426,True
2024,S3,2024-09-20_S3_S4_032d9e33,6.0,2024-09-20 14:27:00,2024-09-20 17:52:00,16450.0,3.42,54.0,169.0,284.0,48.0,513.0,153.0,465.0,-360.0,105.0,0.25,,2.19,48.0,513.0,153.0,465.0,-360.0,105.0,0.25,,2.19,4809.941520467836,biochar,biweekly,S3_S4,False,True,465.0,-360.0,105.0,True,ok,True,True,0.0,0.0,20280.16,1.23,2.55,0.87,4172.84,0.25,True,0.0,0.0,8.478440205119004,9.708080756193517,True
2024,S4,2024-09-20_S3_S4_032d9e33,6.0,2024-09-20 14:27:00,2024-09-20 17:52:00,16450.0,3.42,54.0,169.0,284.0,48.0,,,,,,,,,48.0,,,,,,,,,4809.941520467836,control,biweekly,S3_S4,False,False,,,,True,ok,False,False,,,,,,,,,False,,,8.478440205119004,9.708080756193517,False
2024,S3,2024-10-04_S3_S4_bf53dc9a,6.0,2024-10-04 11:55:00,2024-10-04 18:02:00,47200.0,6.12,54.0,169.0,284.0,35.0,455.0,95.0,420.0,-360.0,60.0,0.27,,3.83,35.0,455.0,110.0,420.0,-345.0,75.0,0.27,,3.07,7712.418300653595,biochar,biweekly,S3_S4,False,True,420.0,-360.0,60.0,True,ok,True,True,23247.49,0.49,23952.51,0.51,1.58,4.53,34982.27,0.74,True,23247.49,0.49,8.950587075049413,10.762149171573647,True
2024,S4,2024-10-04_S3_S4_bf53dc9a,6.0,2024-10-04 11:55:00,2024-10-04 18:02:00,47200.0,6.12,54.0,169.0,284.0,35.0,170.0,260.0,135.0,90.0,225.0,0.85,1.28,1.02,35.0,170.0,305.0,135.0,135.0,270.0,0.85,0.85,0.85,7712.418300653595,control,biweekly,S3_S4,True,True,135.0,90.0,225.0,True,ok,True,True,23076.44,0.49,24123.56,0.51,4.33,1.78,13761.57,0.29,True,23076.44,0.49,8.950587075049413,10.762149171573647,True
2024,S3,2024-10-18_S3_S4_e3314155,6.0,2024-10-18 09:34:00,2024-10-18 17:17:00,53550.0,7.72,54.0,169.0,284.0,41.0,461.0,86.0,420.0,-375.0,45.0,0.27,,5.11,41.0,461.0,86.0,420.0,-375.0,45.0,0.27,,5.11,6936.5284974093265,biochar,biweekly,S3_S4,False,True,420.0,-375.0,45.0,True,ok,True,True,32654.78,0.61,20895.22,0.39,1.43,6.28,43603.58,0.81,True,32654.78,0.61,8.84455671183921,10.888371075875895,True
2024,S4,2024-10-18_S3_S4_e3314155,6.0,2024-10-18 09:34:00,2024-10-18 17:17:00,53550.0,7.72,54.0,169.0,,26.0,176.0,,150.0,,,0.77,,,41.0,176.0,,135.0,,,0.85,,,6936.5284974093265,control,biweekly,S3_S4,False,False,150.0,,,,,,,,,,,,,,,,,,8.84455671183921,10.888371075875895,False
2025,S1,2025-04-20_S1_S2_f3457ada,6.0,2025-04-20 08:15:00,2025-04-21 06:28:00,132300.0,22.22,54.0,169.0,284.0,30.0,195.0,360.0,165.0,165.0,330.0,0.7,0.7,0.7,45.0,225.0,435.0,180.0,210.0,390.0,0.64,0.55,0.59,5954.095409540954,biochar,monthly,S1_S2,True,True,165.0,165.0,330.0,True,ok,True,True,97855.36,0.74,34444.64,0.26,6.0,16.22,96570.27,0.73,True,97855.36,0.74,8.691834565891563,11.792827350103048,True
2025,S2,2025-04-20_S1_S2_f3457ada,6.0,2025-04-20 08:15:00,2025-04-21 06:28:00,132300.0,22.22,54.0,169.0,284.0,15.0,75.0,270.0,60.0,195.0,255.0,1.92,0.59,0.9,15.0,75.0,285.0,60.0,210.0,270.0,1.92,0.55,0.85,5954.095409540954,control,monthly,S1_S2,True,True,60.0,195.0,255.0,True,ok,True,True,80737.1,0.61,51562.9,0.39,4.5,17.72,105502.75,0.8,True,80737.1,0.61,8.691834565891563,11.792827350103048,True
2025,S3,2025-04-20_S3_S4_ead0e049,6.0,2025-04-20 08:15:00,2025-04-21 06:28:00,132300.0,22.22,54.0,169.0,284.0,105.0,75.0,135.0,-30.0,60.0,30.0,,1.92,7.67,105.0,75.0,135.0,-30.0,60.0,30.0,,1.92,7.67,5954.095409540954,biochar,biweekly,S3_S4,False,True,-30.0,60.0,30.0,True,ok,True,True,98502.98,0.74,33797.02,0.26,2.25,19.97,118901.47,0.9,True,98502.98,0.74,8.691834565891563,11.792827350103048,True
2025,S4,2025-04-20_S3_S4_ead0e049,6.0,2025-04-20 08:15:00,2025-04-21 06:28:00,132300.0,22.22,54.0,169.0,284.0,45.0,270.0,390.0,225.0,120.0,345.0,0.51,0.96,0.67,45.0,270.0,435.0,225.0,165.0,390.0,0.51,0.7,0.59,5954.095409540954,control,biweekly,S3_S4,True,True,225.0,120.0,345.0,True,ok,True,True,99104.29,0.75,33195.71,0.25,6.5,15.72,93592.77,0.71,True,99104.29,0.75,8.691834565891563,11.792827350103048,True
2025,S3,2025-05-02_S3_S4_3cb33cbf,6.0,2025-05-02 19:10:02,2025-05-03 08:21:02,76750.0,13.18,54.0,169.0,284.0,154.97,64.97,109.97,-90.0,45.0,-45.0,,2.56,,154.97,64.97,109.97,-90.0,45.0,-45.0,,2.56,,5823.2169954476485,biochar,biweekly,S3_S4,False,False,-90.0,45.0,-45.0,True,ok,True,True,56176.37,0.73,20573.63,0.27,1.83,11.35,66079.84,0.86,True,56176.37,0.73,8.669608136375082,11.248308665449443,False
2025,S4,2025-05-02_S3_S4_3cb33cbf,6.0,2025-05-02 19:10:02,2025-05-03 08:21:02,76750.0,13.18,54.0,169.0,284.0,34.97,184.97,439.97,150.0,255.0,405.0,0.77,0.45,0.57,34.97,184.97,439.97,150.0,255.0,405.0,0.77,0.45,0.57,5823.2169954476485,control,biweekly,S3_S4,True,True,150.0,255.00000000000003,405.0,True,ok,True,True,59803.37,0.78,16946.63,0.22,7.33,5.85,34060.25,0.44,True,59803.37,0.78,8.669608136375082,11.248308665449443,True
2025,S1,2025-05-16_S1_S2_799859ac,6.0,2025-05-16 15:36:41,2025-05-17 07:37:42,92450.0,16.02,54.0,169.0,284.0,38.32,218.32,458.32,180.0,240.0,420.0,0.64,0.48,0.55,38.32,278.32,518.32,240.0,240.0,480.0,0.48,0.48,0.48,5770.911360799001,biochar,monthly,S1_S2,True,True,180.0,240.0,420.0,True,ok,True,True,60158.03,0.65,32291.97,0.35,7.64,8.38,48359.59,0.52,True,60158.03,0.65,8.660585295175057,11.43442323681527,True
2025,S2,2025-05-16_S1_S2_799859ac,6.0,2025-05-16 15:36:41,2025-05-17 07:37:42,92450.0,16.02,54.0,169.0,284.0,23.32,83.32,203.32,60.0,120.0,180.0,1.92,0.96,1.28,23.32,83.32,233.32,60.0,150.0,210.0,1.92,0.77,1.1,5770.911360799001,control,monthly,S1_S2,True,True,59.99999999999999,120.0,180.0,True,ok,True,True,48800.52,0.53,43649.48,0.47,3.39,12.63,72890.64,0.79,True,48800.52,0.53,8.660585295175057,11.43442323681527,True
2025,S1,2025-05-28_S1_S2_ca363c43,6.0,2025-05-28 18:58:00,2025-05-29 07:30:00,64250.0,12.53,54.0,169.0,284.0,32.0,227.0,407.0,195.0,180.0,375.0,0.59,0.64,0.61,32.0,227.0,392.0,195.0,165.0,360.0,0.59,0.7,0.64,5127.693535514765,biochar,monthly,S1_S2,True,True,195.0,180.0,375.0,True,ok,True,True,47203.02,0.73,17046.98,0.27,6.78,5.75,29476.23,0.46,True,47203.02,0.73,8.542411233849489,11.070537002757467,True
2025,S2,2025-05-28_S1_S2_ca363c43,6.0,2025-05-28 18:58:00,2025-05-29 07:30:00,64250.0,12.53,54.0,169.0,284.0,17.0,77.0,227.0,60.0,150.0,210.0,1.92,0.77,1.1,17.0,77.0,227.0,60.0,150.0,210.0,1.92,0.77,1.1,5127.693535514765,control,monthly,S1_S2,True,True,60.0,150.0,210.0,True,ok,True,True,30225.83,0.47,34024.17,0.53,3.78,8.75,44855.21,0.7,True,30225.83,0.47,8.542411233849489,11.070537002757467,True
2025,S3,2025-05-28_S3_S4_120d46ab,6.0,2025-05-28 18:58:00,2025-05-29 07:30:00,64250.0,12.53,54.0,169.0,284.0,272.0,77.0,137.0,-195.0,60.0,-135.0,,1.92,,272.0,77.0,137.0,-195.0,60.0,-135.0,,1.92,,5127.693535514765,biochar,biweekly,S3_S4,False,False,-195.0,60.0,-135.0,False,unexplained_pre_start_response,True,False,36683.33,0.57,27566.67,0.43,2.28,10.25,52544.71,0.82,False,,,8.542411233849489,11.070537002757467,False
2025,S4,2025-05-28_S3_S4_120d46ab,6.0,2025-05-28 18:58:00,2025-05-29 07:30:00,64250.0,12.53,54.0,169.0,284.0,32.0,242.0,347.0,210.0,105.0,315.0,0.55,1.1,0.73,32.0,302.0,437.0,270.0,135.0,405.0,0.43,0.85,0.57,5127.693535514765,control,biweekly,S3_S4,True,True,210.0,105.0,315.0,False,unexplained_pre_start_response,False,False,,,,,5.78,6.75,34602.56,0.54,False,,,8.542411233849489,11.070537002757467,False
2025,S3,2025-06-13_S3_S4_29345c78,6.0,2025-06-13 10:49:00,2025-06-13 19:16:00,56900.0,8.45,54.0,169.0,284.0,116.0,56.0,146.0,-60.0,90.0,30.0,,1.28,7.67,116.0,56.0,146.0,-60.0,90.0,30.0,,1.28,7.67,6733.727810650888,biochar,biweekly,S3_S4,False,True,-60.0,90.0,30.0,True,ok,True,True,32526.53,0.57,24373.47,0.43,2.43,6.02,40514.6,0.71,True,32526.53,0.57,8.81488417874534,10.949050620114422,True
2025,S4,2025-06-13_S3_S4_29345c78,6.0,2025-06-13 10:49:00,2025-06-13 19:16:00,56900.0,8.45,54.0,169.0,284.0,26.0,191.0,296.0,165.0,105.0,270.0,0.7,1.1,0.85,26.0,206.0,356.0,180.0,150.0,330.0,0.64,0.77,0.7,6733.727810650888,control,biweekly,S3_S4,True,True,165.0,105.0,270.0,True,ok,True,True,34730.37,0.61,22169.63,0.39,4.93,3.52,23680.28,0.42,True,34730.37,0.61,8.81488417874534,10.949050620114422,True
2025,S1,2025-06-27_S1_S2_ff537961,6.0,2025-06-27 15:33:00,2025-06-28 07:49:00,95500.0,16.27,54.0,169.0,284.0,42.0,222.0,492.0,180.0,270.0,450.0,0.64,0.43,0.51,42.0,267.0,537.0,225.0,270.0,495.0,0.51,0.43,0.46,5869.698832206515,biochar,monthly,S1_S2,True,True,180.0,270.0,450.0,False,unexplained_pre_start_response,True,False,56304.98,0.59,39195.02,0.41,8.2,8.07,47358.8,0.5,False,,,8.677558605237875,11.466881526468821,False
2025,S2,2025-06-27_S1_S2_ff537961,6.0,2025-06-27 15:33:00,2025-06-28 07:49:00,95500.0,16.27,54.0,169.0,284.0,27.0,87.0,177.0,60.0,90.0,150.0,1.92,1.28,1.53,27.0,87.0,222.0,60.0,135.0,195.0,1.92,0.85,1.18,5869.698832206515,control,monthly,S1_S2,True,True,60.0,90.0,150.0,False,unexplained_pre_start_response,True,False,49226.87,0.52,46273.13,0.48,2.95,13.32,78181.04,0.82,False,,,8.677558605237875,11.466881526468821,False
2025,S3,2025-06-28_S3_S4_d9252a87,6.0,2025-06-28 08:50:00,2025-06-28 16:15:00,43550.0,7.42,54.0,169.0,284.0,145.0,85.0,175.0,-60.0,90.0,30.0,,1.28,7.67,145.0,85.0,175.0,-60.0,90.0,30.0,,1.28,7.67,5869.272237196766,biochar,biweekly,S3_S4,False,True,-60.0,90.0,30.0,False,unexplained_pre_start_response,True,False,20010.42,0.46,23539.58,0.54,2.92,4.5,26423.79,0.61,False,,,8.67748592510136,10.68166498228065,False
2025,S4,2025-06-28_S3_S4_d9252a87,6.0,2025-06-28 08:50:00,2025-06-28 16:15:00,43550.0,7.42,54.0,169.0,284.0,40.0,190.0,175.0,150.0,-15.0,135.0,0.77,,1.7,40.0,205.0,250.0,165.0,45.0,210.0,0.7,2.56,1.1,5869.272237196766,control,biweekly,S3_S4,False,True,150.0,-15.0,135.0,False,unexplained_pre_start_response,True,False,26013.0,0.6,17537.0,0.4,2.92,4.5,26423.79,0.61,False,,,8.67748592510136,10.68166498228065,False
2025,S3,2025-07-11_S3_S4_e179d57e,6.0,2025-07-11 08:30:00,2025-07-11 18:12:00,46400.0,9.7,54.0,169.0,284.0,150.0,75.0,165.0,-75.0,90.0,15.0,,1.28,15.33,150.0,75.0,165.0,-75.0,90.0,15.0,,1.28,15.33,4783.505154639176,biochar,biweekly,S3_S4,False,True,-75.0,90.0,15.0,True,ok,True,True,26379.9,0.57,20020.1,0.43,2.75,6.95,33245.36,0.72,True,26379.9,0.57,8.47292885270501,10.745054738214346,True
2025,S4,2025-07-11_S3_S4_e179d57e,6.0,2025-07-11 08:30:00,2025-07-11 18:12:00,46400.0,9.7,54.0,169.0,284.0,30.0,210.0,255.0,180.0,45.0,225.0,0.64,2.56,1.02,30.0,195.0,300.0,165.0,105.0,270.0,0.7,1.1,0.85,4783.505154639176,control,biweekly,S3_S4,True,True,180.0,45.0,225.0,True,ok,True,True,28549.33,0.62,17850.67,0.38,4.25,5.45,26070.1,0.56,True,28549.33,0.62,8.47292885270501,10.745054738214346,True
2025,S1,2025-07-26_S1_S2_98e2053f,6.0,2025-07-26 08:45:00,2025-07-26 17:50:00,53225.0,9.08,54.0,169.0,284.0,30.0,165.0,375.0,135.0,210.0,345.0,0.85,0.55,0.67,30.0,240.0,435.0,210.0,195.0,405.0,0.55,0.59,0.57,5861.784140969163,biochar,monthly,S1_S2,True,True,135.0,210.0,345.0,True,ok,True,True,19372.03,0.36,33852.97,0.64,6.25,2.83,16602.1,0.31,True,19372.03,0.36,8.676209297148478,10.88228348976168,True
2025,S2,2025-07-26_S1_S2_98e2053f,6.0,2025-07-26 08:45:00,2025-07-26 17:50:00,53225.0,9.08,54.0,169.0,284.0,30.0,75.0,210.0,45.0,135.0,180.0,2.56,0.85,1.28,30.0,75.0,225.0,45.0,150.0,195.0,2.56,0.77,1.18,5861.784140969163,control,monthly,S1_S2,True,True,45.0,135.0,180.0,True,ok,True,True,14711.14,0.28,38513.86,0.72,3.5,5.58,32716.09,0.61,True,14711.14,0.28,8.676209297148478,10.88228348976168,True
2025,S3,2025-07-26_S3_S4_b4053dcf,6.0,2025-07-26 08:45:00,2025-07-26 17:50:00,53225.0,9.08,54.0,169.0,284.0,180.0,90.0,210.0,-90.0,120.0,30.0,,0.96,7.67,180.0,90.0,210.0,-90.0,120.0,30.0,,0.96,7.67,5861.784140969163,biochar,biweekly,S3_S4,False,True,-90.0,120.0,30.0,True,ok,True,True,26838.38,0.5,26386.62,0.5,3.5,5.58,32716.09,0.61,True,26838.38,0.5,8.676209297148478,10.88228348976168,True
2025,S4,2025-07-26_S3_S4_b4053dcf,6.0,2025-07-26 08:45:00,2025-07-26 17:50:00,53225.0,9.08,54.0,169.0,284.0,45.0,240.0,465.0,195.0,225.0,420.0,0.59,0.51,0.55,45.0,255.0,480.0,210.0,225.0,435.0,0.55,0.51,0.53,5861.784140969163,control,biweekly,S3_S4,True,True,195.0,225.0,420.0,True,ok,True,True,29629.27,0.56,23595.73,0.44,7.75,1.33,7812.65,0.15,True,29629.27,0.56,8.676209297148478,10.88228348976168,True
2025,S3,2025-08-08_S3_S4_7c793582,6.0,2025-08-08 13:14:00,2025-08-08 19:28:00,38750.0,6.23,54.0,169.0,284.0,151.0,91.0,196.0,-60.0,105.0,45.0,,1.1,5.11,196.0,91.0,196.0,-105.0,105.0,0.0,,1.1,,6219.903691813804,biochar,biweekly,S3_S4,False,True,-60.0,105.0,45.0,True,ok,False,False,,,,,3.27,2.97,18442.31,0.48,False,,,8.735509701982132,10.564886034781493,True
2025,S4,2025-08-08_S3_S4_7c793582,6.0,2025-08-08 13:14:00,2025-08-08 19:28:00,38750.0,6.23,54.0,169.0,284.0,46.0,196.0,406.0,150.0,210.0,360.0,0.77,0.55,0.64,46.0,196.0,466.0,150.0,270.0,420.0,0.77,0.43,0.55,6219.903691813804,control,biweekly,S3_S4,True,True,150.0,210.0,360.0,True,ok,True,True,21761.72,0.56,16988.28,0.44,6.77,0.0,0.0,0.0,True,21761.72,0.56,8.735509701982132,10.564886034781493,True
2025,S1,2025-08-22_S1_S2_9f8675d7,6.0,2025-08-22 09:07:00,2025-08-22 19:04:00,30625.0,9.95,54.0,169.0,284.0,68.0,398.0,638.0,330.0,240.0,570.0,0.35,0.48,0.4,68.0,443.0,698.0,375.0,255.0,630.0,0.31,0.45,0.37,3077.8894472361812,biochar,monthly,S1_S2,True,True,330.0,240.0,570.0,True,ok,True,True,818.07,0.03,29806.93,0.97,10.63,0.0,0.0,0.0,True,818.07,0.03,8.031999396676527,10.329571947847029,True
2025,S2,2025-08-22_S1_S2_9f8675d7,6.0,2025-08-22 09:07:00,2025-08-22 19:04:00,30625.0,9.95,54.0,169.0,284.0,38.0,263.0,323.0,225.0,60.0,285.0,0.51,1.92,0.81,38.0,278.0,368.0,240.0,90.0,330.0,0.48,1.28,0.7,3077.8894472361812,control,monthly,S1_S2,True,True,225.0,60.0,285.0,True,ok,True,True,0.0,0.0,33308.89,1.09,5.38,4.57,14055.69,0.46,True,0.0,0.0,8.031999396676527,10.329571947847029,True
2025,S3,2025-08-22_S3_S4_1b405e4b,6.0,2025-08-22 09:07:00,2025-08-22 19:04:00,30625.0,9.95,54.0,169.0,284.0,428.0,323.0,443.0,-105.0,120.0,15.0,,0.96,15.33,473.0,323.0,443.0,-150.0,120.0,-30.0,,0.96,,3077.8894472361812,biochar,biweekly,S3_S4,False,True,-105.0,120.0,15.0,True,ok,True,True,11173.62,0.36,19451.38,0.64,7.38,2.57,7899.92,0.26,True,11173.62,0.36,8.031999396676527,10.329571947847029,True
2025,S4,2025-08-22_S3_S4_1b405e4b,6.0,2025-08-22 09:07:00,2025-08-22 19:04:00,30625.0,9.95,54.0,169.0,284.0,248.0,503.0,,255.0,,,0.45,,,263.0,503.0,,240.0,,,0.48,,,3077.8894472361812,control,biweekly,S3_S4,False,False,255.0,,,True,ok,False,False,,,,,,,,,False,,,8.031999396676527,10.329571947847029,False
2025,S1,2025-09-20_S1_S2_81d8ab0f,6.0,2025-09-20 10:42:00,2025-09-20 17:31:00,86100.0,6.82,54.0,169.0,284.0,33.0,183.0,333.0,150.0,150.0,300.0,0.77,0.77,0.77,33.0,213.0,378.0,180.0,165.0,345.0,0.64,0.7,0.67,12624.633431085043,biochar,monthly,S1_S2,True,True,150.0,150.0,300.0,True,ok,True,True,59734.29,0.69,26365.71,0.31,5.55,1.27,15999.44,0.19,True,59734.29,0.69,9.443405218560452,11.363264690415821,True
2025,S2,2025-09-20_S1_S2_81d8ab0f,6.0,2025-09-20 10:42:00,2025-09-20 17:31:00,86100.0,6.82,54.0,169.0,284.0,18.0,63.0,123.0,45.0,60.0,105.0,2.56,1.92,2.19,18.0,63.0,123.0,45.0,60.0,105.0,2.56,1.92,2.19,12624.633431085043,control,monthly,S1_S2,True,True,45.0,60.0,105.0,True,ok,True,True,53572.11,0.62,32527.89,0.38,2.05,4.77,60207.27,0.7,True,53572.11,0.62,9.443405218560452,11.363264690415821,True
2025,S3,2025-09-20_S3_S4_f86ee2c5,6.0,2025-09-20 10:42:00,2025-09-20 17:31:00,86100.0,6.82,54.0,169.0,284.0,198.0,93.0,183.0,-105.0,90.0,-15.0,,1.28,,243.0,93.0,183.0,-150.0,90.0,-60.0,,1.28,,12624.633431085043,biochar,biweekly,S3_S4,False,False,-105.0,90.0,-15.0,True,ok,True,True,67392.68,0.78,18707.32,0.22,3.05,3.77,47576.46,0.55,True,67392.68,0.78,9.443405218560452,11.363264690415821,False
2025,S4,2025-09-20_S3_S4_f86ee2c5,6.0,2025-09-20 10:42:00,2025-09-20 17:31:00,86100.0,6.82,54.0,169.0,284.0,33.0,228.0,213.0,195.0,-15.0,180.0,0.59,,1.28,33.0,228.0,273.0,195.0,45.0,240.0,0.59,2.56,0.96,12624.633431085043,control,biweekly,S3_S4,False,True,195.0,-15.0,180.0,True,ok,True,True,71331.89,0.83,14768.11,0.17,3.55,3.27,41261.06,0.48,True,71331.89,0.83,9.443405218560452,11.363264690415821,True
2025,S3,2025-10-04_S3_S4_4439230e,6.0,2025-10-04 10:12:00,2025-10-04 17:06:00,51800.0,6.9,54.0,169.0,284.0,228.0,63.0,123.0,-165.0,60.0,-105.0,,1.92,,228.0,63.0,123.0,-165.0,60.0,-105.0,,1.92,,7507.246376811594,biochar,biweekly,S3_S4,False,False,-165.0,60.0,-105.0,True,ok,False,False,,,,,2.05,4.85,36410.14,0.7,False,,,8.92362401664436,10.855145428247575,False
2025,S4,2025-10-04_S3_S4_4439230e,6.0,2025-10-04 10:12:00,2025-10-04 17:06:00,51800.0,6.9,54.0,169.0,284.0,33.0,123.0,513.0,90.0,390.0,480.0,1.28,0.29,0.48,33.0,123.0,528.0,90.0,405.0,495.0,1.28,0.28,0.46,7507.246376811594,control,biweekly,S3_S4,True,True,90.0,390.0,480.0,True,ok,True,True,35624.05,0.69,16175.95,0.31,8.55,0.0,0.0,0.0,True,35624.05,0.69,8.92362401664436,10.855145428247575,True
2026,S1,2026-04-21_S1_S2_001c30f6,6.0,2026-04-21 14:54:00,2026-04-22 08:52:00,110850.0,17.97,54.0,169.0,284.0,36.0,216.0,501.0,180.0,285.0,465.0,0.64,0.4,0.49,36.0,276.0,561.0,240.0,285.0,525.0,0.48,0.4,0.44,6168.614357262104,biochar,monthly,S1_S2,True,True,180.0,285.0,465.0,False,unexplained_pre_start_response,True,False,82423.22,0.74,28426.78,0.26,8.35,9.62,59332.72,0.54,False,,,8.72722951424899,11.615933215044457,False
2026,S2,2026-04-21_S1_S2_001c30f6,6.0,2026-04-21 14:54:00,2026-04-22 08:52:00,110850.0,17.97,54.0,169.0,284.0,21.0,51.0,171.0,30.0,120.0,150.0,3.83,0.96,1.53,21.0,66.0,216.0,45.0,150.0,195.0,2.56,0.77,1.18,6168.614357262104,control,monthly,S1_S2,True,True,30.0,120.0,150.0,False,unexplained_pre_start_response,True,False,67885.76,0.61,42964.24,0.39,2.85,15.12,93266.39,0.84,False,,,8.72722951424899,11.615933215044457,False
2026,S3,2026-04-21_S3_S4_ed1ed131,6.0,2026-04-21 14:54:00,2026-04-22 08:52:00,110850.0,17.97,54.0,169.0,284.0,81.0,51.0,96.0,-30.0,45.0,15.0,,2.56,15.33,96.0,51.0,111.0,-45.0,60.0,15.0,,1.92,15.33,6168.614357262104,biochar,biweekly,S3_S4,False,True,-30.0,45.0,15.0,True,ok,True,True,79938.46,0.72,30911.54,0.28,1.6,16.37,100978.59,0.91,True,79938.46,0.72,8.72722951424899,11.615933215044457,True
2026,S4,2026-04-21_S3_S4_ed1ed131,6.0,2026-04-21 14:54:00,2026-04-22 08:52:00,110850.0,17.97,54.0,169.0,284.0,21.0,126.0,696.0,105.0,570.0,675.0,1.1,0.2,0.34,21.0,126.0,681.0,105.0,555.0,660.0,1.1,0.21,0.35,6168.614357262104,control,biweekly,S3_S4,True,True,105.0,570.0,675.0,False,unexplained_pre_start_response,True,False,73711.73,0.67,37138.27,0.34,11.6,6.37,39281.0,0.35,False,,,8.72722951424899,11.615933215044457,False
2026,S3,2026-05-08_S3_S4_989607cc,6.0,2026-05-08 09:00:00,2026-05-08 19:14:00,90350.0,10.23,54.0,169.0,284.0,135.0,75.0,120.0,-60.0,45.0,-15.0,,2.56,,135.0,75.0,120.0,-60.0,45.0,-15.0,,2.56,,8831.86705767351,biochar,biweekly,S3_S4,False,False,-60.0,45.0,-15.0,True,ok,True,True,67772.43,0.75,22577.57,0.25,2.0,8.23,72691.73,0.8,True,67772.43,0.75,9.086121716056839,11.411446296020374,False
2026,S4,2026-05-08_S3_S4_989607cc,6.0,2026-05-08 09:00:00,2026-05-08 19:14:00,90350.0,10.23,54.0,169.0,284.0,30.0,90.0,390.0,60.0,300.0,360.0,1.92,0.38,0.64,30.0,90.0,465.0,60.0,375.0,435.0,1.92,0.31,0.53,8831.86705767351,control,biweekly,S3_S4,True,True,60.0,300.0,360.0,True,ok,True,True,67667.37,0.75,22682.63,0.25,6.5,3.73,32961.27,0.36,True,67667.37,0.75,9.086121716056839,11.411446296020374,True
2026,S1,2026-05-20_S1_S2_49743b7c,6.0,2026-05-20 11:23:00,2026-05-20 17:53:00,54400.0,6.5,54.0,169.0,284.0,22.0,112.0,382.0,90.0,270.0,360.0,1.28,0.43,0.64,22.0,127.0,427.0,105.0,300.0,405.0,1.1,0.38,0.57,8369.23076923077,biochar,monthly,S1_S2,True,True,90.0,270.0,360.0,True,ok,True,True,34316.24,0.63,20083.76,0.37,6.37,0.13,1115.9,0.02,True,34316.24,0.63,9.032317255942443,10.904119432844034,True
2026,S2,2026-05-20_S1_S2_49743b7c,6.0,2026-05-20 11:23:00,2026-05-20 17:53:00,54400.0,6.5,54.0,169.0,284.0,22.0,52.0,82.0,30.0,30.0,60.0,3.83,3.83,3.83,22.0,52.0,127.0,30.0,75.0,105.0,3.83,1.53,2.19,8369.23076923077,control,monthly,S1_S2,True,True,30.0,30.0,60.0,True,ok,True,True,21444.05,0.39,32955.95,0.61,1.37,5.13,42962.05,0.79,True,21444.05,0.39,9.032317255942443,10.904119432844034,True
2026,S3,2026-05-21_S3_S4_272f948e,6.0,2026-05-21 13:27:00,2026-05-21 19:54:00,59850.0,6.45,54.0,169.0,284.0,93.0,48.0,93.0,-45.0,45.0,0.0,,2.56,,153.0,48.0,93.0,-105.0,45.0,-60.0,,2.56,,9279.06976744186,biochar,biweekly,S3_S4,False,False,-45.0,45.0,0.0,True,ok,True,True,38943.93,0.65,20906.07,0.35,1.55,4.9,45467.44,0.76,True,38943.93,0.65,9.135516580178438,10.999596710986118,False
2026,S4,2026-05-21_S3_S4_272f948e,6.0,2026-05-21 13:27:00,2026-05-21 19:54:00,59850.0,6.45,54.0,169.0,284.0,18.0,63.0,348.0,45.0,285.0,330.0,2.56,0.4,0.7,18.0,63.0,423.0,45.0,360.0,405.0,2.56,0.32,0.57,9279.06976744186,control,biweekly,S3_S4,True,True,45.0,285.0,330.0,False,unexplained_pre_start_response,True,False,38055.85,0.64,21794.15,0.36,5.8,0.65,6031.4,0.1,False,,,9.135516580178438,10.999596710986118,False
2026,S3,2026-06-05_S3_S4_f5beba0a,6.0,2026-06-05 14:19:00,2026-06-05 20:47:00,53900.0,6.47,54.0,169.0,284.0,176.0,71.0,131.0,-105.0,60.0,-45.0,,1.92,,221.0,71.0,131.0,-150.0,60.0,-90.0,,1.92,,8330.757341576507,biochar,biweekly,S3_S4,False,False,-105.0,60.0,-45.0,True,ok,False,False,,,,,2.18,4.28,35702.08,0.66,False,,,9.02770964838428,10.89488575689709,False
2026,S4,2026-06-05_S3_S4_f5beba0a,6.0,2026-06-05 14:19:00,2026-06-05 20:47:00,53900.0,6.47,54.0,169.0,284.0,26.0,71.0,446.0,45.0,375.0,420.0,2.56,0.31,0.55,26.0,71.0,521.0,45.0,450.0,495.0,2.56,0.26,0.46,8330.757341576507,control,biweekly,S3_S4,True,True,45.0,375.0,420.0,True,ok,True,True,29211.46,0.54,24688.54,0.46,7.43,0.0,0.0,0.0,True,29211.46,0.54,9.02770964838428,10.89488575689709,True
2026,S1,2026-06-20_S1_S2_ba82572f,6.0,2026-06-20 08:00:00,2026-06-20 17:03:00,65700.0,9.05,54.0,169.0,284.0,45.0,150.0,480.0,105.0,330.0,435.0,1.1,0.35,0.53,45.0,180.0,525.0,135.0,345.0,480.0,0.85,0.33,0.48,7259.668508287292,biochar,monthly,S1_S2,True,True,105.0,330.0,435.0,True,ok,True,True,33097.76,0.5,32602.24,0.5,8.0,1.05,7622.65,0.12,True,33097.76,0.5,8.890089446760866,11.092854204472703,True
2026,S2,2026-06-20_S1_S2_ba82572f,6.0,2026-06-20 08:00:00,2026-06-20 17:03:00,65700.0,9.05,54.0,169.0,284.0,30.0,90.0,180.0,60.0,90.0,150.0,1.92,1.28,1.53,30.0,90.0,180.0,60.0,90.0,150.0,1.92,1.28,1.53,7259.668508287292,control,monthly,S1_S2,True,True,60.0,90.0,150.0,True,ok,True,True,31345.42,0.48,34354.58,0.52,3.0,6.05,43920.99,0.67,True,31345.42,0.48,8.890089446760866,11.092854204472703,True
2026,S3,2026-06-20_S3_S4_47159afc,6.0,2026-06-20 08:00:00,2026-06-20 17:03:00,65700.0,9.05,54.0,169.0,284.0,225.0,75.0,135.0,-150.0,60.0,-90.0,,1.92,,240.0,75.0,135.0,-165.0,60.0,-105.0,,1.92,,7259.668508287292,biochar,biweekly,S3_S4,False,False,-150.0,60.0,-90.0,True,ok,False,False,,,,,2.25,6.8,49365.75,0.75,False,,,8.890089446760866,11.092854204472703,False
2026,S4,2026-06-20_S3_S4_47159afc,6.0,2026-06-20 08:00:00,2026-06-20 17:03:00,65700.0,9.05,54.0,169.0,284.0,30.0,75.0,165.0,45.0,90.0,135.0,2.56,1.28,1.7,30.0,75.0,195.0,45.0,120.0,165.0,2.56,0.96,1.39,7259.668508287292,control,biweekly,S3_S4,True,True,45.0,90.0,135.0,True,ok,True,True,48887.93,0.74,16812.07,0.26,2.75,6.3,45735.91,0.7,True,48887.93,0.74,8.890089446760866,11.092854204472703,True
2026,S1,2026-06-27_S1_S2_be4e641a,6.0,2026-06-27 11:05:00,2026-06-27 16:34:00,33511.0,5.48,54.0,169.0,284.0,40.0,145.0,265.0,105.0,120.0,225.0,1.1,0.96,1.02,40.0,145.0,355.0,105.0,210.0,315.0,1.1,0.55,0.73,6115.145985401459,biochar,monthly,S1_S2,True,True,105.0,120.0,225.0,True,ok,True,True,23074.99,0.69,10436.01,0.31,4.42,1.07,6518.65,0.19,True,23074.99,0.69,8.71852392116443,10.419629022124354,True
2026,S2,2026-06-27_S1_S2_be4e641a,6.0,2026-06-27 11:05:00,2026-06-27 16:34:00,33511.0,5.48,54.0,169.0,284.0,25.0,70.0,145.0,45.0,75.0,120.0,2.56,1.53,1.92,25.0,70.0,145.0,45.0,75.0,120.0,2.56,1.53,1.92,6115.145985401459,control,monthly,S1_S2,True,True,45.0,75.0,120.0,True,ok,True,True,15746.18,0.47,17764.82,0.53,2.42,3.07,18741.51,0.56,True,15746.18,0.47,8.71852392116443,10.419629022124354,True
2026,S3,2026-06-27_S3_S4_dc68d0eb,6.0,2026-06-27 11:05:00,2026-06-27 16:34:00,33511.0,5.48,54.0,169.0,284.0,190.0,70.0,115.0,-120.0,45.0,-75.0,,2.56,,190.0,70.0,115.0,-120.0,45.0,-75.0,,2.56,,6115.145985401459,biochar,biweekly,S3_S4,False,False,-120.0,45.0,-75.0,False,unexplained_pre_start_response,False,False,,,,,1.92,3.57,21797.22,0.65,False,,,8.71852392116443,10.419629022124354,False
2026,S4,2026-06-27_S3_S4_dc68d0eb,6.0,2026-06-27 11:05:00,2026-06-27 16:34:00,33511.0,5.48,54.0,169.0,284.0,25.0,85.0,175.0,60.0,90.0,150.0,1.92,1.28,1.53,25.0,85.0,265.0,60.0,180.0,240.0,1.92,0.64,0.96,6115.145985401459,control,biweekly,S3_S4,True,True,60.0,90.0,150.0,True,ok,False,False,,,,,2.92,2.57,15685.8,0.47,False,,,8.71852392116443,10.419629022124354,True
2026,S3,2026-07-05_S3_S4_b3db7964,6.0,2026-07-05 11:24:00,2026-07-05 18:13:00,56650.0,6.82,54.0,169.0,284.0,291.0,66.0,111.0,-225.0,45.0,-180.0,,2.56,,306.0,66.0,111.0,-240.0,45.0,-195.0,,2.56,,8306.451612903225,biochar,biweekly,S3_S4,False,False,-225.0,45.0,-180.0,True,ok,False,False,,,,,1.85,4.97,41275.83,0.73,False,,,9.024787794600782,10.944647266456153,False
2026,S4,2026-07-05_S3_S4_b3db7964,6.0,2026-07-05 11:24:00,2026-07-05 18:13:00,56650.0,6.82,54.0,169.0,284.0,21.0,66.0,321.0,45.0,255.0,300.0,2.56,0.45,0.77,21.0,66.0,396.0,45.0,330.0,375.0,2.56,0.35,0.61,8306.451612903225,control,biweekly,S3_S4,True,True,45.0,255.0,300.0,True,ok,True,True,39429.08,0.7,17220.92,0.3,5.35,1.47,12189.03,0.22,True,39429.08,0.7,9.024787794600782,10.944647266456153,True
2026,S1,2026-07-24_S1_S2_63eb5228,6.0,2026-07-24 08:25:00,2026-07-24 15:43:00,34125.0,7.3,54.0,169.0,284.0,50.0,215.0,440.0,165.0,225.0,390.0,0.7,0.51,0.59,50.0,260.0,485.0,210.0,225.0,435.0,0.55,0.51,0.53,4674.657534246576,biochar,monthly,S1_S2,True,True,165.0,225.0,390.0,True,ok,True,True,3283.82,0.1,30841.18,0.9,7.33,0.0,0.0,0.0,True,3283.82,0.1,8.449911184332915,10.437785532487261,True
2026,S2,2026-07-24_S1_S2_63eb5228,6.0,2026-07-24 08:25:00,2026-07-24 15:43:00,34125.0,7.3,54.0,169.0,284.0,35.0,110.0,275.0,75.0,165.0,240.0,1.53,0.7,0.96,35.0,110.0,305.0,75.0,195.0,270.0,1.53,0.59,0.85,4674.657534246576,control,monthly,S1_S2,True,True,75.0,165.0,240.0,True,ok,True,True,4513.7,0.13,29611.3,0.87,4.58,2.72,12699.49,0.37,True,4513.7,0.13,8.449911184332915,10.437785532487261,True
2026,S3,2026-07-24_S3_S4_d28f9731,6.0,2026-07-24 08:25:00,2026-07-24 15:43:00,34125.0,7.3,54.0,169.0,284.0,305.0,140.0,215.0,-165.0,75.0,-90.0,,1.53,,350.0,140.0,215.0,-210.0,75.0,-135.0,,1.53,,4674.657534246576,biochar,biweekly,S3_S4,False,False,-165.0,75.0,-90.0,False,possible_battery_or_logger_issue,True,False,11759.68,0.34,22365.32,0.66,3.58,3.72,17374.14,0.51,False,,,8.449911184332915,10.437785532487261,False
2026,S4,2026-07-24_S3_S4_d28f9731,6.0,2026-07-24 08:25:00,2026-07-24 15:43:00,34125.0,7.3,54.0,169.0,284.0,35.0,140.0,950.0,105.0,810.0,915.0,1.1,0.14,0.25,35.0,140.0,,105.0,,,1.1,,,4674.657534246576,control,biweekly,S3_S4,True,True,105.0,810.0,915.0,True,ok,True,True,8868.33,0.26,25256.67,0.74,15.83,0.0,0.0,0.0,True,8868.33,0.26,8.449911184332915,10.437785532487261,True
2026,S1,2026-08-14_S1_S2_72b4c1d7,6.0,2026-08-14 10:25:00,2026-08-14 13:47:00,21350.0,3.37,54.0,169.0,284.0,35.0,200.0,425.0,165.0,225.0,390.0,0.7,0.51,0.59,35.0,215.0,,180.0,,,0.64,,,6335.311572700297,biochar,monthly,S1_S2,True,True,165.0,225.0,390.0,True,ok,True,True,2880.41,0.13,18469.59,0.87,7.08,0.0,0.0,0.0,True,2880.41,0.13,8.7538942742925,9.96880701865677,True
2026,S2,2026-08-14_S1_S2_72b4c1d7,6.0,2026-08-14 10:25:00,2026-08-14 13:47:00,21350.0,3.37,54.0,169.0,284.0,20.0,65.0,110.0,45.0,45.0,90.0,2.56,2.56,2.56,20.0,65.0,155.0,45.0,90.0,135.0,2.56,1.28,1.7,6335.311572700297,control,monthly,S1_S2,True,True,45.0,45.0,90.0,True,ok,True,True,0.0,0.0,26075.42,1.22,1.83,1.53,9723.97,0.46,True,0.0,0.0,8.7538942742925,9.96880701865677,True
2026,S3,2026-08-14_S3_S4_1912adab,6.0,2026-08-14 10:25:00,2026-08-14 13:47:00,21350.0,3.37,54.0,169.0,284.0,,80.0,125.0,,45.0,,,2.56,,,80.0,140.0,,60.0,,,1.92,,6335.311572700297,biochar,biweekly,S3_S4,False,False,,45.0,,False,possible_battery_or_logger_issue,False,False,,,,,2.08,1.28,8138.58,0.38,False,,,8.7538942742925,9.96880701865677,False
2026,S4,2026-08-14_S3_S4_1912adab,6.0,2026-08-14 10:25:00,2026-08-14 13:47:00,21350.0,3.37,54.0,169.0,284.0,35.0,95.0,110.0,60.0,15.0,75.0,1.92,7.67,3.07,35.0,95.0,,60.0,,,1.92,,,6335.311572700297,control,biweekly,S3_S4,True,True,60.0,15.0,75.0,True,ok,False,False,,,,,1.83,1.53,9723.97,0.46,False,,,8.7538942742925,9.96880701865677,True
