year,event_id,strip,logger_position,arrival_6in_min,arrival_12in_min,arrival_18in_min,arrival_order,expected_order,order_class,alt_arrival_6in_min,alt_arrival_12in_min,alt_arrival_18in_min,alt_arrival_order,alt_expected_order,alt_order_class,alt_before_start_depths,any_alt_before_start,all_alt_before_start,baseline_vwc_6in,baseline_vwc_12in,baseline_vwc_18in,elevated_18in_baseline_context,depth_profile_interpretation,arrival_6in_T_min,arrival_6in_M_min,arrival_6in_B_min,arrival_6in_logger_order_class,alt_arrival_6in_T_min,alt_arrival_6in_M_min,alt_arrival_6in_B_min,alt_arrival_6in_logger_order_class,arrival_12in_T_min,arrival_12in_M_min,arrival_12in_B_min,arrival_12in_logger_order_class,alt_arrival_12in_T_min,alt_arrival_12in_M_min,alt_arrival_12in_B_min,alt_arrival_12in_logger_order_class,arrival_18in_T_min,arrival_18in_M_min,arrival_18in_B_min,arrival_18in_logger_order_class,alt_arrival_18in_T_min,alt_arrival_18in_M_min,alt_arrival_18in_B_min,alt_arrival_18in_logger_order_class,any_bottom_before_top_or_middle,any_alt_bottom_before_top_or_middle,any_all_loggers_before_start
2024,2024-04-19_S3_S4_c5bf8374,S3,B,46.0,61.0,76.0,6→12→18,True,expected,46.0,61.0,76.0,6→12→18,True,expected,,False,False,10.719,12.473,9.013,False,,181.0,121.0,46.0,bottom_before_top_or_middle,226.0,121.0,46.0,bottom_before_top_or_middle,286.0,121.0,61.0,bottom_before_top_or_middle,286.0,121.0,61.0,bottom_before_top_or_middle,316.0,151.0,76.0,bottom_before_top_or_middle,331.0,151.0,76.0,bottom_before_top_or_middle,True,True,False
2024,2024-04-19_S3_S4_c5bf8374,S3,M,121.0,121.0,151.0,6→12→18,True,expected,121.0,121.0,151.0,6→12→18,True,expected,,False,False,12.627,18.729,16.623,False,,181.0,121.0,46.0,bottom_before_top_or_middle,226.0,121.0,46.0,bottom_before_top_or_middle,286.0,121.0,61.0,bottom_before_top_or_middle,286.0,121.0,61.0,bottom_before_top_or_middle,316.0,151.0,76.0,bottom_before_top_or_middle,331.0,151.0,76.0,bottom_before_top_or_middle,True,True,False
2024,2024-04-19_S3_S4_c5bf8374,S3,T,181.0,286.0,316.0,6→12→18,True,expected,226.0,286.0,331.0,6→12→18,True,expected,,False,False,12.097,16.928,24.801,True,"18-inch baseline exceeds both shallower baselines; treat as a site/depth-profile characteristic, not an anomaly by itself.",181.0,121.0,46.0,bottom_before_top_or_middle,226.0,121.0,46.0,bottom_before_top_or_middle,286.0,121.0,61.0,bottom_before_top_or_middle,286.0,121.0,61.0,bottom_before_top_or_middle,316.0,151.0,76.0,bottom_before_top_or_middle,331.0,151.0,76.0,bottom_before_top_or_middle,True,True,False
2024,2024-04-19_S3_S4_c5bf8374,S4,B,,,421.0,18,False,missing_depths,,,436.0,18,False,missing_depths,,False,False,8.303,20.7715,13.843,False,,166.0,346.0,,missing_loggers,166.0,391.0,,missing_loggers,166.0,481.0,,missing_loggers,166.0,496.0,,missing_loggers,181.0,586.0,421.0,bottom_before_top_or_middle,181.0,586.0,436.0,bottom_before_top_or_middle,True,True,False
2024,2024-04-19_S3_S4_c5bf8374,S4,M,346.0,481.0,586.0,6→12→18,True,expected,391.0,496.0,586.0,6→12→18,True,expected,,False,False,7.5105,7.633,9.237,True,"18-inch baseline exceeds both shallower baselines; treat as a site/depth-profile characteristic, not an anomaly by itself.",166.0,346.0,,missing_loggers,166.0,391.0,,missing_loggers,166.0,481.0,,missing_loggers,166.0,496.0,,missing_loggers,181.0,586.0,421.0,bottom_before_top_or_middle,181.0,586.0,436.0,bottom_before_top_or_middle,True,True,False
2024,2024-04-19_S3_S4_c5bf8374,S4,T,166.0,166.0,181.0,6→12→18,True,expected,166.0,166.0,181.0,6→12→18,True,expected,,False,False,8.0935,13.7275,19.891,True,"18-inch baseline exceeds both shallower baselines; treat as a site/depth-profile characteristic, not an anomaly by itself.",166.0,346.0,,missing_loggers,166.0,391.0,,missing_loggers,166.0,481.0,,missing_loggers,166.0,496.0,,missing_loggers,181.0,586.0,421.0,bottom_before_top_or_middle,181.0,586.0,436.0,bottom_before_top_or_middle,True,True,False
2024,2024-04-20_S1_S2_5f2fb725,S1,B,514.0,529.0,529.0,6→12→18,True,expected,589.0,649.0,544.0,18→6→12,False,18_before_12,,False,False,23.149,27.376,23.3075,False,,154.0,259.0,514.0,expected,154.0,304.0,589.0,expected,154.0,334.0,529.0,expected,154.0,379.0,649.0,expected,154.0,424.0,529.0,expected,154.0,409.0,544.0,expected,False,False,False
2024,2024-04-20_S1_S2_5f2fb725,S1,M,259.0,334.0,424.0,6→12→18,True,expected,304.0,379.0,409.0,6→12→18,True,expected,,False,False,11.122,15.025,23.409,True,"18-inch baseline exceeds both shallower baselines; treat as a site/depth-profile characteristic, not an anomaly by itself.",154.0,259.0,514.0,expected,154.0,304.0,589.0,expected,154.0,334.0,529.0,expected,154.0,379.0,649.0,expected,154.0,424.0,529.0,expected,154.0,409.0,544.0,expected,False,False,False
2024,2024-04-20_S1_S2_5f2fb725,S1,T,154.0,154.0,154.0,6→12→18,True,expected,154.0,154.0,154.0,6→12→18,True,expected,,False,False,14.543,13.453,16.301,True,"18-inch baseline exceeds both shallower baselines; treat as a site/depth-profile characteristic, not an anomaly by itself.",154.0,259.0,514.0,expected,154.0,304.0,589.0,expected,154.0,334.0,529.0,expected,154.0,379.0,649.0,expected,154.0,424.0,529.0,expected,154.0,409.0,544.0,expected,False,False,False
2024,2024-04-20_S1_S2_5f2fb725,S2,B,274.0,259.0,259.0,12→18→6,False,12_before_6,319.0,259.0,259.0,12→18→6,False,12_before_6,,False,False,8.775,7.348,9.295,True,"18-inch baseline exceeds both shallower baselines; treat as a site/depth-profile characteristic, not an anomaly by itself.",19.0,139.0,274.0,expected,19.0,139.0,319.0,expected,19.0,139.0,259.0,expected,19.0,139.0,259.0,expected,19.0,139.0,259.0,expected,19.0,139.0,259.0,expected,False,False,False
2024,2024-04-20_S1_S2_5f2fb725,S2,M,139.0,139.0,139.0,6→12→18,True,expected,139.0,139.0,139.0,6→12→18,True,expected,,False,False,11.6845,12.9935,13.3555,True,"18-inch baseline exceeds both shallower baselines; treat as a site/depth-profile characteristic, not an anomaly by itself.",19.0,139.0,274.0,expected,19.0,139.0,319.0,expected,19.0,139.0,259.0,expected,19.0,139.0,259.0,expected,19.0,139.0,259.0,expected,19.0,139.0,259.0,expected,False,False,False
2024,2024-04-20_S1_S2_5f2fb725,S2,T,19.0,19.0,19.0,6→12→18,True,expected,19.0,19.0,19.0,6→12→18,True,expected,,False,False,12.45,17.805,24.8265,True,"18-inch baseline exceeds both shallower baselines; treat as a site/depth-profile characteristic, not an anomaly by itself.",19.0,139.0,274.0,expected,19.0,139.0,319.0,expected,19.0,139.0,259.0,expected,19.0,139.0,259.0,expected,19.0,139.0,259.0,expected,19.0,139.0,259.0,expected,False,False,False
2024,2024-05-03_S3_S4_13e4749a,S3,B,38.0,38.0,53.0,6→12→18,True,expected,38.0,38.0,53.0,6→12→18,True,expected,,False,False,20.948,23.132,13.113,False,,188.0,83.0,38.0,bottom_before_top_or_middle,188.0,83.0,38.0,bottom_before_top_or_middle,188.0,68.0,38.0,bottom_before_top_or_middle,188.0,68.0,38.0,bottom_before_top_or_middle,188.0,83.0,53.0,bottom_before_top_or_middle,203.0,83.0,53.0,bottom_before_top_or_middle,True,True,False
2024,2024-05-03_S3_S4_13e4749a,S3,M,83.0,68.0,83.0,12→6→18,False,12_before_6,83.0,68.0,83.0,12→6→18,False,12_before_6,,False,False,19.5045,22.1065,21.224,False,,188.0,83.0,38.0,bottom_before_top_or_middle,188.0,83.0,38.0,bottom_before_top_or_middle,188.0,68.0,38.0,bottom_before_top_or_middle,188.0,68.0,38.0,bottom_before_top_or_middle,188.0,83.0,53.0,bottom_before_top_or_middle,203.0,83.0,53.0,bottom_before_top_or_middle,True,True,False
2024,2024-05-03_S3_S4_13e4749a,S3,T,188.0,188.0,188.0,6→12→18,True,expected,188.0,188.0,203.0,6→12→18,True,expected,,False,False,16.278,25.0625,32.359,True,"18-inch baseline exceeds both shallower baselines; treat as a site/depth-profile characteristic, not an anomaly by itself.",188.0,83.0,38.0,bottom_before_top_or_middle,188.0,83.0,38.0,bottom_before_top_or_middle,188.0,68.0,38.0,bottom_before_top_or_middle,188.0,68.0,38.0,bottom_before_top_or_middle,188.0,83.0,53.0,bottom_before_top_or_middle,203.0,83.0,53.0,bottom_before_top_or_middle,True,True,False
2024,2024-05-03_S3_S4_13e4749a,S4,M,203.0,218.0,248.0,6→12→18,True,expected,203.0,218.0,248.0,6→12→18,True,expected,,False,False,15.321,16.812,21.005,True,"18-inch baseline exceeds both shallower baselines; treat as a site/depth-profile characteristic, not an anomaly by itself.",143.0,203.0,,missing_loggers,143.0,203.0,,missing_loggers,158.0,218.0,,missing_loggers,158.0,218.0,,missing_loggers,158.0,248.0,,missing_loggers,158.0,248.0,,missing_loggers,False,False,False
2024,2024-05-03_S3_S4_13e4749a,S4,T,143.0,158.0,158.0,6→12→18,True,expected,143.0,158.0,158.0,6→12→18,True,expected,,False,False,15.9845,20.866,26.13,True,"18-inch baseline exceeds both shallower baselines; treat as a site/depth-profile characteristic, not an anomaly by itself.",143.0,203.0,,missing_loggers,143.0,203.0,,missing_loggers,158.0,218.0,,missing_loggers,158.0,218.0,,missing_loggers,158.0,248.0,,missing_loggers,158.0,248.0,,missing_loggers,False,False,False
2024,2024-05-11_S1_S2_4c1cd284,S1,B,590.0,,,6,False,missing_depths,,,,none,False,missing_depths,,False,False,33.6275,38.961,36.7625,False,,1595.0,,590.0,missing_loggers,1595.0,,,missing_loggers,1595.0,,,missing_loggers,1595.0,,,missing_loggers,1580.0,,,missing_loggers,1580.0,,,missing_loggers,False,False,False
2024,2024-05-11_S1_S2_4c1cd284,S1,M,,,,none,False,missing_depths,,,,none,False,missing_depths,,False,False,15.0245,18.7315,32.759,True,"18-inch baseline exceeds both shallower baselines; treat as a site/depth-profile characteristic, not an anomaly by itself.",1595.0,,590.0,missing_loggers,1595.0,,,missing_loggers,1595.0,,,missing_loggers,1595.0,,,missing_loggers,1580.0,,,missing_loggers,1580.0,,,missing_loggers,False,False,False
2024,2024-05-11_S1_S2_4c1cd284,S1,T,1595.0,1595.0,1580.0,18→6→12,False,18_before_12,1595.0,1595.0,1580.0,18→6→12,False,18_before_12,,False,False,17.553,17.4775,26.4965,True,"18-inch baseline exceeds both shallower baselines; treat as a site/depth-profile characteristic, not an anomaly by itself.",1595.0,,590.0,missing_loggers,1595.0,,,missing_loggers,1595.0,,,missing_loggers,1595.0,,,missing_loggers,1580.0,,,missing_loggers,1580.0,,,missing_loggers,False,False,False
2024,2024-05-11_S1_S2_4c1cd284,S2,B,,,,none,False,missing_depths,,,,none,False,missing_depths,,False,False,9.668,11.278,18.165,True,"18-inch baseline exceeds both shallower baselines; treat as a site/depth-profile characteristic, not an anomaly by itself.",1460.0,1565.0,,missing_loggers,1460.0,1565.0,,missing_loggers,1460.0,1580.0,,missing_loggers,1460.0,1580.0,,missing_loggers,1460.0,1580.0,,missing_loggers,1460.0,1580.0,,missing_loggers,False,False,False
2024,2024-05-11_S1_S2_4c1cd284,S2,M,1565.0,1580.0,1580.0,6→12→18,True,expected,1565.0,1580.0,1580.0,6→12→18,True,expected,,False,False,11.894,13.6455,21.6435,True,"18-inch baseline exceeds both shallower baselines; treat as a site/depth-profile characteristic, not an anomaly by itself.",1460.0,1565.0,,missing_loggers,1460.0,1565.0,,missing_loggers,1460.0,1580.0,,missing_loggers,1460.0,1580.0,,missing_loggers,1460.0,1580.0,,missing_loggers,1460.0,1580.0,,missing_loggers,False,False,False
2024,2024-05-11_S1_S2_4c1cd284,S2,T,1460.0,1460.0,1460.0,6→12→18,True,expected,1460.0,1460.0,1460.0,6→12→18,True,expected,,False,False,12.9375,17.736,25.4805,True,"18-inch baseline exceeds both shallower baselines; treat as a site/depth-profile characteristic, not an anomaly by itself.",1460.0,1565.0,,missing_loggers,1460.0,1565.0,,missing_loggers,1460.0,1580.0,,missing_loggers,1460.0,1580.0,,missing_loggers,1460.0,1580.0,,missing_loggers,1460.0,1580.0,,missing_loggers,False,False,False
2024,2024-05-17_S3_S4_09c73fc7,S3,B,29.0,44.0,44.0,6→12→18,True,expected,29.0,44.0,59.0,6→12→18,True,expected,,False,False,19.7725,23.029,12.97,False,,134.0,74.0,29.0,bottom_before_top_or_middle,179.0,74.0,29.0,bottom_before_top_or_middle,164.0,74.0,44.0,bottom_before_top_or_middle,164.0,74.0,44.0,bottom_before_top_or_middle,179.0,74.0,44.0,bottom_before_top_or_middle,194.0,74.0,59.0,bottom_before_top_or_middle,True,True,False
2024,2024-05-17_S3_S4_09c73fc7,S3,M,74.0,74.0,74.0,6→12→18,True,expected,74.0,74.0,74.0,6→12→18,True,expected,,False,False,18.141,22.0385,21.9265,False,,134.0,74.0,29.0,bottom_before_top_or_middle,179.0,74.0,29.0,bottom_before_top_or_middle,164.0,74.0,44.0,bottom_before_top_or_middle,164.0,74.0,44.0,bottom_before_top_or_middle,179.0,74.0,44.0,bottom_before_top_or_middle,194.0,74.0,59.0,bottom_before_top_or_middle,True,True,False
2024,2024-05-17_S3_S4_09c73fc7,S3,T,134.0,164.0,179.0,6→12→18,True,expected,179.0,164.0,194.0,12→6→18,False,12_before_6,,False,False,14.3525,26.325,34.7375,True,"18-inch baseline exceeds both shallower baselines; treat as a site/depth-profile characteristic, not an anomaly by itself.",134.0,74.0,29.0,bottom_before_top_or_middle,179.0,74.0,29.0,bottom_before_top_or_middle,164.0,74.0,44.0,bottom_before_top_or_middle,164.0,74.0,44.0,bottom_before_top_or_middle,179.0,74.0,44.0,bottom_before_top_or_middle,194.0,74.0,59.0,bottom_before_top_or_middle,True,True,False
2024,2024-05-17_S3_S4_09c73fc7,S4,B,74.0,74.0,59.0,18→6→12,False,18_before_12,74.0,74.0,74.0,6→12→18,True,expected,,False,False,11.469,29.626,22.619,False,,149.0,194.0,74.0,bottom_before_top_or_middle,149.0,194.0,74.0,bottom_before_top_or_middle,149.0,194.0,74.0,bottom_before_top_or_middle,149.0,194.0,74.0,bottom_before_top_or_middle,149.0,209.0,59.0,bottom_before_top_or_middle,149.0,209.0,74.0,bottom_before_top_or_middle,True,True,False
2024,2024-05-17_S3_S4_09c73fc7,S4,M,194.0,194.0,209.0,6→12→18,True,expected,194.0,194.0,209.0,6→12→18,True,expected,,False,False,14.009,17.663,23.283,True,"18-inch baseline exceeds both shallower baselines; treat as a site/depth-profile characteristic, not an anomaly by itself.",149.0,194.0,74.0,bottom_before_top_or_middle,149.0,194.0,74.0,bottom_before_top_or_middle,149.0,194.0,74.0,bottom_before_top_or_middle,149.0,194.0,74.0,bottom_before_top_or_middle,149.0,209.0,59.0,bottom_before_top_or_middle,149.0,209.0,74.0,bottom_before_top_or_middle,True,True,False
2024,2024-05-17_S3_S4_09c73fc7,S4,T,149.0,149.0,149.0,6→12→18,True,expected,149.0,149.0,149.0,6→12→18,True,expected,,False,False,11.554,18.1675,26.5335,True,"18-inch baseline exceeds both shallower baselines; treat as a site/depth-profile characteristic, not an anomaly by itself.",149.0,194.0,74.0,bottom_before_top_or_middle,149.0,194.0,74.0,bottom_before_top_or_middle,149.0,194.0,74.0,bottom_before_top_or_middle,149.0,194.0,74.0,bottom_before_top_or_middle,149.0,209.0,59.0,bottom_before_top_or_middle,149.0,209.0,74.0,bottom_before_top_or_middle,True,True,False
2024,2024-06-01_S1_S2_ef46e32f,S1,B,265.0,175.0,895.0,12→6→18,False,12_before_6,745.0,850.0,955.0,6→12→18,True,expected,,False,False,31.329,31.4715,30.962,False,,145.0,340.0,265.0,bottom_before_top_or_middle,145.0,385.0,745.0,expected,145.0,400.0,175.0,bottom_before_top_or_middle,145.0,445.0,850.0,expected,145.0,505.0,895.0,expected,145.0,505.0,955.0,expected,True,False,False
2024,2024-06-01_S1_S2_ef46e32f,S1,M,340.0,400.0,505.0,6→12→18,True,expected,385.0,445.0,505.0,6→12→18,True,expected,,False,False,12.7275,17.099,29.9745,True,"18-inch baseline exceeds both shallower baselines; treat as a site/depth-profile characteristic, not an anomaly by itself.",145.0,340.0,265.0,bottom_before_top_or_middle,145.0,385.0,745.0,expected,145.0,400.0,175.0,bottom_before_top_or_middle,145.0,445.0,850.0,expected,145.0,505.0,895.0,expected,145.0,505.0,955.0,expected,True,False,False
2024,2024-06-01_S1_S2_ef46e32f,S1,T,145.0,145.0,145.0,6→12→18,True,expected,145.0,145.0,145.0,6→12→18,True,expected,,False,False,16.099,14.433,18.6525,True,"18-inch baseline exceeds both shallower baselines; treat as a site/depth-profile characteristic, not an anomaly by itself.",145.0,340.0,265.0,bottom_before_top_or_middle,145.0,385.0,745.0,expected,145.0,400.0,175.0,bottom_before_top_or_middle,145.0,445.0,850.0,expected,145.0,505.0,895.0,expected,145.0,505.0,955.0,expected,True,False,False
2024,2024-06-01_S1_S2_ef46e32f,S2,B,295.0,310.0,340.0,6→12→18,True,expected,340.0,310.0,340.0,12→6→18,False,12_before_6,,False,False,9.234,7.356,7.275,False,,25.0,130.0,295.0,expected,25.0,145.0,340.0,expected,25.0,160.0,310.0,expected,25.0,160.0,310.0,expected,25.0,145.0,340.0,expected,25.0,160.0,340.0,expected,False,False,False
2024,2024-06-01_S1_S2_ef46e32f,S2,M,130.0,160.0,145.0,6→18→12,False,18_before_12,145.0,160.0,160.0,6→12→18,True,expected,,False,False,12.7,11.668,8.054,False,,25.0,130.0,295.0,expected,25.0,145.0,340.0,expected,25.0,160.0,310.0,expected,25.0,160.0,310.0,expected,25.0,145.0,340.0,expected,25.0,160.0,340.0,expected,False,False,False
2024,2024-06-01_S1_S2_ef46e32f,S2,T,25.0,25.0,25.0,6→12→18,True,expected,25.0,25.0,25.0,6→12→18,True,expected,,False,False,12.325,16.022,18.625,True,"18-inch baseline exceeds both shallower baselines; treat as a site/depth-profile characteristic, not an anomaly by itself.",25.0,130.0,295.0,expected,25.0,145.0,340.0,expected,25.0,160.0,310.0,expected,25.0,160.0,310.0,expected,25.0,145.0,340.0,expected,25.0,160.0,340.0,expected,False,False,False
2024,2024-06-01_S3_S4_0880f850,S3,B,46.0,61.0,76.0,6→12→18,True,expected,46.0,61.0,76.0,6→12→18,True,expected,,False,False,16.9875,21.7475,12.8915,False,,181.0,106.0,46.0,bottom_before_top_or_middle,181.0,106.0,46.0,bottom_before_top_or_middle,181.0,106.0,61.0,bottom_before_top_or_middle,181.0,106.0,61.0,bottom_before_top_or_middle,196.0,121.0,76.0,bottom_before_top_or_middle,196.0,121.0,76.0,bottom_before_top_or_middle,True,True,False
2024,2024-06-01_S3_S4_0880f850,S3,M,106.0,106.0,121.0,6→12→18,True,expected,106.0,106.0,121.0,6→12→18,True,expected,,False,False,14.215,19.141,20.743,True,"18-inch baseline exceeds both shallower baselines; treat as a site/depth-profile characteristic, not an anomaly by itself.",181.0,106.0,46.0,bottom_before_top_or_middle,181.0,106.0,46.0,bottom_before_top_or_middle,181.0,106.0,61.0,bottom_before_top_or_middle,181.0,106.0,61.0,bottom_before_top_or_middle,196.0,121.0,76.0,bottom_before_top_or_middle,196.0,121.0,76.0,bottom_before_top_or_middle,True,True,False
2024,2024-06-01_S3_S4_0880f850,S3,T,181.0,181.0,196.0,6→12→18,True,expected,181.0,181.0,196.0,6→12→18,True,expected,,False,False,13.971,24.974,34.35,True,"18-inch baseline exceeds both shallower baselines; treat as a site/depth-profile characteristic, not an anomaly by itself.",181.0,106.0,46.0,bottom_before_top_or_middle,181.0,106.0,46.0,bottom_before_top_or_middle,181.0,106.0,61.0,bottom_before_top_or_middle,181.0,106.0,61.0,bottom_before_top_or_middle,196.0,121.0,76.0,bottom_before_top_or_middle,196.0,121.0,76.0,bottom_before_top_or_middle,True,True,False
2024,2024-06-01_S3_S4_0880f850,S4,M,226.0,241.0,256.0,6→12→18,True,expected,226.0,241.0,256.0,6→12→18,True,expected,,False,False,10.726,14.865,21.42,True,"18-inch baseline exceeds both shallower baselines; treat as a site/depth-profile characteristic, not an anomaly by itself.",151.0,226.0,,missing_loggers,151.0,226.0,,missing_loggers,151.0,241.0,,missing_loggers,151.0,241.0,,missing_loggers,151.0,256.0,,missing_loggers,151.0,256.0,,missing_loggers,False,False,False
2024,2024-06-01_S3_S4_0880f850,S4,T,151.0,151.0,151.0,6→12→18,True,expected,151.0,151.0,151.0,6→12→18,True,expected,,False,False,9.4335,14.9075,24.437,True,"18-inch baseline exceeds both shallower baselines; treat as a site/depth-profile characteristic, not an anomaly by itself.",151.0,226.0,,missing_loggers,151.0,226.0,,missing_loggers,151.0,241.0,,missing_loggers,151.0,241.0,,missing_loggers,151.0,256.0,,missing_loggers,151.0,256.0,,missing_loggers,False,False,False
2024,2024-06-15_S3_S4_b6aa9839,S3,B,46.0,61.0,76.0,6→12→18,True,expected,46.0,61.0,76.0,6→12→18,True,expected,,False,False,14.533,23.8325,16.767,False,,166.0,91.0,46.0,bottom_before_top_or_middle,166.0,91.0,46.0,bottom_before_top_or_middle,166.0,91.0,61.0,bottom_before_top_or_middle,181.0,91.0,61.0,bottom_before_top_or_middle,181.0,106.0,76.0,bottom_before_top_or_middle,196.0,106.0,76.0,bottom_before_top_or_middle,True,True,False
2024,2024-06-15_S3_S4_b6aa9839,S3,M,91.0,91.0,106.0,6→12→18,True,expected,91.0,91.0,106.0,6→12→18,True,expected,,False,False,12.517,19.582,28.745,True,"18-inch baseline exceeds both shallower baselines; treat as a site/depth-profile characteristic, not an anomaly by itself.",166.0,91.0,46.0,bottom_before_top_or_middle,166.0,91.0,46.0,bottom_before_top_or_middle,166.0,91.0,61.0,bottom_before_top_or_middle,181.0,91.0,61.0,bottom_before_top_or_middle,181.0,106.0,76.0,bottom_before_top_or_middle,196.0,106.0,76.0,bottom_before_top_or_middle,True,True,False
2024,2024-06-15_S3_S4_b6aa9839,S3,T,166.0,166.0,181.0,6→12→18,True,expected,166.0,181.0,196.0,6→12→18,True,expected,,False,False,13.714,24.076,33.8895,True,"18-inch baseline exceeds both shallower baselines; treat as a site/depth-profile characteristic, not an anomaly by itself.",166.0,91.0,46.0,bottom_before_top_or_middle,166.0,91.0,46.0,bottom_before_top_or_middle,166.0,91.0,61.0,bottom_before_top_or_middle,181.0,91.0,61.0,bottom_before_top_or_middle,181.0,106.0,76.0,bottom_before_top_or_middle,196.0,106.0,76.0,bottom_before_top_or_middle,True,True,False
2024,2024-06-15_S3_S4_b6aa9839,S4,M,241.0,241.0,256.0,6→12→18,True,expected,241.0,241.0,271.0,6→12→18,True,expected,,False,False,15.084,22.958,30.3485,True,"18-inch baseline exceeds both shallower baselines; treat as a site/depth-profile characteristic, not an anomaly by itself.",151.0,241.0,,missing_loggers,151.0,241.0,,missing_loggers,151.0,241.0,,missing_loggers,151.0,241.0,,missing_loggers,151.0,256.0,,missing_loggers,151.0,271.0,,missing_loggers,False,False,False
2024,2024-06-15_S3_S4_b6aa9839,S4,T,151.0,151.0,151.0,6→12→18,True,expected,151.0,151.0,151.0,6→12→18,True,expected,,False,False,9.5005,14.754,25.5755,True,"18-inch baseline exceeds both shallower baselines; treat as a site/depth-profile characteristic, not an anomaly by itself.",151.0,241.0,,missing_loggers,151.0,241.0,,missing_loggers,151.0,241.0,,missing_loggers,151.0,241.0,,missing_loggers,151.0,256.0,,missing_loggers,151.0,271.0,,missing_loggers,False,False,False
2024,2024-06-22_S1_S2_e95bd875,S1,B,270.0,450.0,570.0,6→12→18,True,expected,600.0,615.0,540.0,18→6→12,False,18_before_12,,False,False,26.314,25.847,32.502,True,"18-inch baseline exceeds both shallower baselines; treat as a site/depth-profile characteristic, not an anomaly by itself.",150.0,255.0,270.0,expected,150.0,255.0,600.0,expected,150.0,360.0,450.0,expected,150.0,360.0,615.0,expected,150.0,405.0,570.0,expected,150.0,405.0,540.0,expected,False,False,False
2024,2024-06-22_S1_S2_e95bd875,S1,M,255.0,360.0,405.0,6→12→18,True,expected,255.0,360.0,405.0,6→12→18,True,expected,,False,False,12.437,17.003,33.113,True,"18-inch baseline exceeds both shallower baselines; treat as a site/depth-profile characteristic, not an anomaly by itself.",150.0,255.0,270.0,expected,150.0,255.0,600.0,expected,150.0,360.0,450.0,expected,150.0,360.0,615.0,expected,150.0,405.0,570.0,expected,150.0,405.0,540.0,expected,False,False,False
2024,2024-06-22_S1_S2_e95bd875,S1,T,150.0,150.0,150.0,6→12→18,True,expected,150.0,150.0,150.0,6→12→18,True,expected,,False,False,18.149,17.067,24.018,True,"18-inch baseline exceeds both shallower baselines; treat as a site/depth-profile characteristic, not an anomaly by itself.",150.0,255.0,270.0,expected,150.0,255.0,600.0,expected,150.0,360.0,450.0,expected,150.0,360.0,615.0,expected,150.0,405.0,570.0,expected,150.0,405.0,540.0,expected,False,False,False
2024,2024-06-22_S1_S2_e95bd875,S2,B,345.0,300.0,315.0,12→18→6,False,12_before_6,345.0,300.0,315.0,12→18→6,False,12_before_6,,False,False,8.762,7.035,6.8,False,,15.0,120.0,345.0,expected,15.0,120.0,345.0,expected,15.0,135.0,300.0,expected,15.0,135.0,300.0,expected,15.0,135.0,315.0,expected,15.0,135.0,315.0,expected,False,False,False
2024,2024-06-22_S1_S2_e95bd875,S2,M,120.0,135.0,135.0,6→12→18,True,expected,120.0,135.0,135.0,6→12→18,True,expected,,False,False,12.775,12.529,24.232,True,"18-inch baseline exceeds both shallower baselines; treat as a site/depth-profile characteristic, not an anomaly by itself.",15.0,120.0,345.0,expected,15.0,120.0,345.0,expected,15.0,135.0,300.0,expected,15.0,135.0,300.0,expected,15.0,135.0,315.0,expected,15.0,135.0,315.0,expected,False,False,False
2024,2024-06-22_S1_S2_e95bd875,S2,T,15.0,15.0,15.0,6→12→18,True,expected,15.0,15.0,15.0,6→12→18,True,expected,,False,False,9.962,16.423,18.548,True,"18-inch baseline exceeds both shallower baselines; treat as a site/depth-profile characteristic, not an anomaly by itself.",15.0,120.0,345.0,expected,15.0,120.0,345.0,expected,15.0,135.0,300.0,expected,15.0,135.0,300.0,expected,15.0,135.0,315.0,expected,15.0,135.0,315.0,expected,False,False,False
2024,2024-06-28_S3_S4_14b9d993,S3,B,26.0,26.0,41.0,6→12→18,True,expected,26.0,26.0,41.0,6→12→18,True,expected,,False,False,19.255,24.24,14.9475,False,,206.0,71.0,26.0,bottom_before_top_or_middle,206.0,71.0,26.0,bottom_before_top_or_middle,206.0,71.0,26.0,bottom_before_top_or_middle,206.0,71.0,26.0,bottom_before_top_or_middle,236.0,71.0,41.0,bottom_before_top_or_middle,251.0,86.0,41.0,bottom_before_top_or_middle,True,True,False
2024,2024-06-28_S3_S4_14b9d993,S3,M,71.0,71.0,71.0,6→12→18,True,expected,71.0,71.0,86.0,6→12→18,True,expected,,False,False,16.5655,22.1485,28.4695,True,"18-inch baseline exceeds both shallower baselines; treat as a site/depth-profile characteristic, not an anomaly by itself.",206.0,71.0,26.0,bottom_before_top_or_middle,206.0,71.0,26.0,bottom_before_top_or_middle,206.0,71.0,26.0,bottom_before_top_or_middle,206.0,71.0,26.0,bottom_before_top_or_middle,236.0,71.0,41.0,bottom_before_top_or_middle,251.0,86.0,41.0,bottom_before_top_or_middle,True,True,False
2024,2024-06-28_S3_S4_14b9d993,S3,T,206.0,206.0,236.0,6→12→18,True,expected,206.0,206.0,251.0,6→12→18,True,expected,,False,False,15.368,26.7955,35.69,True,"18-inch baseline exceeds both shallower baselines; treat as a site/depth-profile characteristic, not an anomaly by itself.",206.0,71.0,26.0,bottom_before_top_or_middle,206.0,71.0,26.0,bottom_before_top_or_middle,206.0,71.0,26.0,bottom_before_top_or_middle,206.0,71.0,26.0,bottom_before_top_or_middle,236.0,71.0,41.0,bottom_before_top_or_middle,251.0,86.0,41.0,bottom_before_top_or_middle,True,True,False
2024,2024-06-28_S3_S4_14b9d993,S4,B,191.0,296.0,191.0,6→18→12,False,18_before_12,206.0,296.0,176.0,18→6→12,False,18_before_12,,False,False,12.401,36.1745,32.747,False,,146.0,296.0,191.0,bottom_before_top_or_middle,146.0,296.0,206.0,bottom_before_top_or_middle,146.0,341.0,296.0,bottom_before_top_or_middle,146.0,341.0,296.0,bottom_before_top_or_middle,146.0,371.0,191.0,bottom_before_top_or_middle,146.0,371.0,176.0,bottom_before_top_or_middle,True,True,False
2024,2024-06-28_S3_S4_14b9d993,S4,M,296.0,341.0,371.0,6→12→18,True,expected,296.0,341.0,371.0,6→12→18,True,expected,,False,False,16.2845,19.822,27.0235,True,"18-inch baseline exceeds both shallower baselines; treat as a site/depth-profile characteristic, not an anomaly by itself.",146.0,296.0,191.0,bottom_before_top_or_middle,146.0,296.0,206.0,bottom_before_top_or_middle,146.0,341.0,296.0,bottom_before_top_or_middle,146.0,341.0,296.0,bottom_before_top_or_middle,146.0,371.0,191.0,bottom_before_top_or_middle,146.0,371.0,176.0,bottom_before_top_or_middle,True,True,False
2024,2024-06-28_S3_S4_14b9d993,S4,T,146.0,146.0,146.0,6→12→18,True,expected,146.0,146.0,146.0,6→12→18,True,expected,,False,False,12.5105,17.1815,28.162,True,"18-inch baseline exceeds both shallower baselines; treat as a site/depth-profile characteristic, not an anomaly by itself.",146.0,296.0,191.0,bottom_before_top_or_middle,146.0,296.0,206.0,bottom_before_top_or_middle,146.0,341.0,296.0,bottom_before_top_or_middle,146.0,341.0,296.0,bottom_before_top_or_middle,146.0,371.0,191.0,bottom_before_top_or_middle,146.0,371.0,176.0,bottom_before_top_or_middle,True,True,False
2024,2024-07-11_S3_S4_d29231ea,S3,B,44.0,74.0,74.0,6→12→18,True,expected,44.0,74.0,74.0,6→12→18,True,expected,,False,False,12.4965,18.552,13.715,False,,209.0,29.0,44.0,bottom_before_top_or_middle,209.0,29.0,44.0,bottom_before_top_or_middle,224.0,29.0,74.0,bottom_before_top_or_middle,224.0,29.0,74.0,bottom_before_top_or_middle,254.0,14.0,74.0,bottom_before_top_or_middle,254.0,29.0,74.0,bottom_before_top_or_middle,True,True,False
2024,2024-07-11_S3_S4_d29231ea,S3,M,29.0,29.0,14.0,18→6→12,False,18_before_12,29.0,29.0,29.0,6→12→18,True,expected,,False,False,12.6185,18.3025,25.598,True,"18-inch baseline exceeds both shallower baselines; treat as a site/depth-profile characteristic, not an anomaly by itself.",209.0,29.0,44.0,bottom_before_top_or_middle,209.0,29.0,44.0,bottom_before_top_or_middle,224.0,29.0,74.0,bottom_before_top_or_middle,224.0,29.0,74.0,bottom_before_top_or_middle,254.0,14.0,74.0,bottom_before_top_or_middle,254.0,29.0,74.0,bottom_before_top_or_middle,True,True,False
2024,2024-07-11_S3_S4_d29231ea,S3,T,209.0,224.0,254.0,6→12→18,True,expected,209.0,224.0,254.0,6→12→18,True,expected,,False,False,15.0825,24.305,34.3755,True,"18-inch baseline exceeds both shallower baselines; treat as a site/depth-profile characteristic, not an anomaly by itself.",209.0,29.0,44.0,bottom_before_top_or_middle,209.0,29.0,44.0,bottom_before_top_or_middle,224.0,29.0,74.0,bottom_before_top_or_middle,224.0,29.0,74.0,bottom_before_top_or_middle,254.0,14.0,74.0,bottom_before_top_or_middle,254.0,29.0,74.0,bottom_before_top_or_middle,True,True,False
2024,2024-07-11_S3_S4_d29231ea,S4,B,,,,none,False,missing_depths,,,,none,False,missing_depths,,False,False,,,,False,,149.0,329.0,,missing_loggers,149.0,329.0,,missing_loggers,149.0,359.0,,missing_loggers,149.0,359.0,,missing_loggers,149.0,374.0,,missing_loggers,149.0,374.0,,missing_loggers,False,False,False
2024,2024-07-11_S3_S4_d29231ea,S4,M,329.0,359.0,374.0,6→12→18,True,expected,329.0,359.0,374.0,6→12→18,True,expected,,False,False,11.7915,14.721,22.286,True,"18-inch baseline exceeds both shallower baselines; treat as a site/depth-profile characteristic, not an anomaly by itself.",149.0,329.0,,missing_loggers,149.0,329.0,,missing_loggers,149.0,359.0,,missing_loggers,149.0,359.0,,missing_loggers,149.0,374.0,,missing_loggers,149.0,374.0,,missing_loggers,False,False,False
2024,2024-07-11_S3_S4_d29231ea,S4,T,149.0,149.0,149.0,6→12→18,True,expected,149.0,149.0,149.0,6→12→18,True,expected,,False,False,10.502,16.466,27.431,True,"18-inch baseline exceeds both shallower baselines; treat as a site/depth-profile characteristic, not an anomaly by itself.",149.0,329.0,,missing_loggers,149.0,329.0,,missing_loggers,149.0,359.0,,missing_loggers,149.0,359.0,,missing_loggers,149.0,374.0,,missing_loggers,149.0,374.0,,missing_loggers,False,False,False
2024,2024-07-20_S1_S2_6d735351,S1,B,396.0,531.0,636.0,6→12→18,True,expected,621.0,621.0,651.0,6→12→18,True,expected,,False,False,23.544,19.6465,21.326,False,,156.0,336.0,396.0,expected,156.0,381.0,621.0,expected,156.0,456.0,531.0,expected,156.0,471.0,621.0,expected,156.0,516.0,636.0,expected,156.0,516.0,651.0,expected,False,False,False
2024,2024-07-20_S1_S2_6d735351,S1,M,336.0,456.0,516.0,6→12→18,True,expected,381.0,471.0,516.0,6→12→18,True,expected,,False,False,12.1365,15.3405,18.7935,True,"18-inch baseline exceeds both shallower baselines; treat as a site/depth-profile characteristic, not an anomaly by itself.",156.0,336.0,396.0,expected,156.0,381.0,621.0,expected,156.0,456.0,531.0,expected,156.0,471.0,621.0,expected,156.0,516.0,636.0,expected,156.0,516.0,651.0,expected,False,False,False
2024,2024-07-20_S1_S2_6d735351,S1,T,156.0,156.0,156.0,6→12→18,True,expected,156.0,156.0,156.0,6→12→18,True,expected,,False,False,16.161,14.364,17.1925,True,"18-inch baseline exceeds both shallower baselines; treat as a site/depth-profile characteristic, not an anomaly by itself.",156.0,336.0,396.0,expected,156.0,381.0,621.0,expected,156.0,456.0,531.0,expected,156.0,471.0,621.0,expected,156.0,516.0,636.0,expected,156.0,516.0,651.0,expected,False,False,False
2024,2024-07-20_S1_S2_6d735351,S2,B,381.0,351.0,366.0,12→18→6,False,12_before_6,396.0,351.0,366.0,12→18→6,False,12_before_6,,False,False,8.507,6.868,5.885,False,,21.0,141.0,381.0,expected,21.0,141.0,396.0,expected,21.0,126.0,351.0,expected,21.0,126.0,351.0,expected,,126.0,366.0,missing_loggers,51.0,126.0,366.0,expected,False,False,False
2024,2024-07-20_S1_S2_6d735351,S2,M,141.0,126.0,126.0,12→18→6,False,12_before_6,141.0,126.0,126.0,12→18→6,False,12_before_6,,False,False,12.188,11.4595,7.3955,False,,21.0,141.0,381.0,expected,21.0,141.0,396.0,expected,21.0,126.0,351.0,expected,21.0,126.0,351.0,expected,,126.0,366.0,missing_loggers,51.0,126.0,366.0,expected,False,False,False
2024,2024-07-20_S1_S2_6d735351,S2,T,21.0,21.0,,6→12,False,missing_depths,21.0,21.0,51.0,6→12→18,True,expected,,False,False,8.795,16.0405,,False,,21.0,141.0,381.0,expected,21.0,141.0,396.0,expected,21.0,126.0,351.0,expected,21.0,126.0,351.0,expected,,126.0,366.0,missing_loggers,51.0,126.0,366.0,expected,False,False,False
2024,2024-07-26_S3_S4_fd133a4c,S3,B,58.0,103.0,133.0,6→12→18,True,expected,58.0,103.0,148.0,6→12→18,True,expected,,False,False,11.432,11.1765,10.4725,False,,178.0,28.0,58.0,bottom_before_top_or_middle,178.0,28.0,58.0,bottom_before_top_or_middle,163.0,28.0,103.0,bottom_before_top_or_middle,163.0,28.0,103.0,bottom_before_top_or_middle,223.0,43.0,133.0,bottom_before_top_or_middle,238.0,43.0,148.0,bottom_before_top_or_middle,True,True,False
2024,2024-07-26_S3_S4_fd133a4c,S3,M,28.0,28.0,43.0,6→12→18,True,expected,28.0,28.0,43.0,6→12→18,True,expected,,False,False,11.036,14.565,20.605,True,"18-inch baseline exceeds both shallower baselines; treat as a site/depth-profile characteristic, not an anomaly by itself.",178.0,28.0,58.0,bottom_before_top_or_middle,178.0,28.0,58.0,bottom_before_top_or_middle,163.0,28.0,103.0,bottom_before_top_or_middle,163.0,28.0,103.0,bottom_before_top_or_middle,223.0,43.0,133.0,bottom_before_top_or_middle,238.0,43.0,148.0,bottom_before_top_or_middle,True,True,False
2024,2024-07-26_S3_S4_fd133a4c,S3,T,178.0,163.0,223.0,12→6→18,False,12_before_6,178.0,163.0,238.0,12→6→18,False,12_before_6,,False,False,15.773,19.611,28.804,True,"18-inch baseline exceeds both shallower baselines; treat as a site/depth-profile characteristic, not an anomaly by itself.",178.0,28.0,58.0,bottom_before_top_or_middle,178.0,28.0,58.0,bottom_before_top_or_middle,163.0,28.0,103.0,bottom_before_top_or_middle,163.0,28.0,103.0,bottom_before_top_or_middle,223.0,43.0,133.0,bottom_before_top_or_middle,238.0,43.0,148.0,bottom_before_top_or_middle,True,True,False
2024,2024-07-26_S3_S4_fd133a4c,S4,B,718.0,808.0,,6→12,False,some_depths_arrived_before_start,-602.0,,,6,False,some_depths_arrived_before_start,6,True,False,18.1385,28.6445,23.5695,False,,163.0,403.0,718.0,expected,163.0,403.0,-602.0,bottom_before_top_or_middle,163.0,523.0,808.0,expected,163.0,523.0,,missing_loggers,163.0,613.0,,missing_loggers,163.0,613.0,,missing_loggers,False,True,False
2024,2024-07-26_S3_S4_fd133a4c,S4,M,403.0,523.0,613.0,6→12→18,True,expected,403.0,523.0,613.0,6→12→18,True,expected,,False,False,10.716,9.7395,12.748,True,"18-inch baseline exceeds both shallower baselines; treat as a site/depth-profile characteristic, not an anomaly by itself.",163.0,403.0,718.0,expected,163.0,403.0,-602.0,bottom_before_top_or_middle,163.0,523.0,808.0,expected,163.0,523.0,,missing_loggers,163.0,613.0,,missing_loggers,163.0,613.0,,missing_loggers,False,True,False
2024,2024-07-26_S3_S4_fd133a4c,S4,T,163.0,163.0,163.0,6→12→18,True,expected,163.0,163.0,163.0,6→12→18,True,expected,,False,False,10.0515,14.376,23.1675,True,"18-inch baseline exceeds both shallower baselines; treat as a site/depth-profile characteristic, not an anomaly by itself.",163.0,403.0,718.0,expected,163.0,403.0,-602.0,bottom_before_top_or_middle,163.0,523.0,808.0,expected,163.0,523.0,,missing_loggers,163.0,613.0,,missing_loggers,163.0,613.0,,missing_loggers,False,True,False
2024,2024-08-09_S3_S4_fd100e26,S3,B,60.0,90.0,105.0,6→12→18,True,expected,60.0,90.0,105.0,6→12→18,True,expected,,False,False,13.09,18.426,14.353,False,,165.0,45.0,60.0,bottom_before_top_or_middle,165.0,45.0,60.0,bottom_before_top_or_middle,165.0,30.0,90.0,bottom_before_top_or_middle,165.0,30.0,90.0,bottom_before_top_or_middle,180.0,45.0,105.0,bottom_before_top_or_middle,180.0,45.0,105.0,bottom_before_top_or_middle,True,True,False
2024,2024-08-09_S3_S4_fd100e26,S3,M,45.0,30.0,45.0,12→6→18,False,12_before_6,45.0,30.0,45.0,12→6→18,False,12_before_6,,False,False,14.742,19.863,27.077,True,"18-inch baseline exceeds both shallower baselines; treat as a site/depth-profile characteristic, not an anomaly by itself.",165.0,45.0,60.0,bottom_before_top_or_middle,165.0,45.0,60.0,bottom_before_top_or_middle,165.0,30.0,90.0,bottom_before_top_or_middle,165.0,30.0,90.0,bottom_before_top_or_middle,180.0,45.0,105.0,bottom_before_top_or_middle,180.0,45.0,105.0,bottom_before_top_or_middle,True,True,False
2024,2024-08-09_S3_S4_fd100e26,S3,T,165.0,165.0,180.0,6→12→18,True,expected,165.0,165.0,180.0,6→12→18,True,expected,,False,False,15.479,24.477,36.211,True,"18-inch baseline exceeds both shallower baselines; treat as a site/depth-profile characteristic, not an anomaly by itself.",165.0,45.0,60.0,bottom_before_top_or_middle,165.0,45.0,60.0,bottom_before_top_or_middle,165.0,30.0,90.0,bottom_before_top_or_middle,165.0,30.0,90.0,bottom_before_top_or_middle,180.0,45.0,105.0,bottom_before_top_or_middle,180.0,45.0,105.0,bottom_before_top_or_middle,True,True,False
2024,2024-08-09_S3_S4_fd100e26,S4,B,390.0,1335.0,,6→12,False,missing_depths,375.0,,,6,False,missing_depths,,False,False,20.467,33.743,,False,,165.0,390.0,390.0,expected,165.0,405.0,375.0,bottom_before_top_or_middle,165.0,420.0,1335.0,expected,165.0,420.0,,missing_loggers,165.0,450.0,,missing_loggers,165.0,450.0,,missing_loggers,False,True,False
2024,2024-08-09_S3_S4_fd100e26,S4,M,390.0,420.0,450.0,6→12→18,True,expected,405.0,420.0,450.0,6→12→18,True,expected,,False,False,13.231,15.977,23.58,True,"18-inch baseline exceeds both shallower baselines; treat as a site/depth-profile characteristic, not an anomaly by itself.",165.0,390.0,390.0,expected,165.0,405.0,375.0,bottom_before_top_or_middle,165.0,420.0,1335.0,expected,165.0,420.0,,missing_loggers,165.0,450.0,,missing_loggers,165.0,450.0,,missing_loggers,False,True,False
2024,2024-08-09_S3_S4_fd100e26,S4,T,165.0,165.0,165.0,6→12→18,True,expected,165.0,165.0,165.0,6→12→18,True,expected,,False,False,11.117,18.81,28.275,True,"18-inch baseline exceeds both shallower baselines; treat as a site/depth-profile characteristic, not an anomaly by itself.",165.0,390.0,390.0,expected,165.0,405.0,375.0,bottom_before_top_or_middle,165.0,420.0,1335.0,expected,165.0,420.0,,missing_loggers,165.0,450.0,,missing_loggers,165.0,450.0,,missing_loggers,False,True,False
2024,2024-08-10_S1_S2_de427086,S1,B,490.0,505.0,655.0,6→12→18,True,expected,535.0,580.0,655.0,6→12→18,True,expected,,False,False,26.699,23.367,33.0715,True,"18-inch baseline exceeds both shallower baselines; treat as a site/depth-profile characteristic, not an anomaly by itself.",145.0,325.0,490.0,expected,145.0,325.0,535.0,expected,145.0,400.0,505.0,expected,145.0,400.0,580.0,expected,145.0,490.0,655.0,expected,160.0,490.0,655.0,expected,False,False,False
2024,2024-08-10_S1_S2_de427086,S1,M,325.0,400.0,490.0,6→12→18,True,expected,325.0,400.0,490.0,6→12→18,True,expected,,False,False,13.5055,16.322,27.8845,True,"18-inch baseline exceeds both shallower baselines; treat as a site/depth-profile characteristic, not an anomaly by itself.",145.0,325.0,490.0,expected,145.0,325.0,535.0,expected,145.0,400.0,505.0,expected,145.0,400.0,580.0,expected,145.0,490.0,655.0,expected,160.0,490.0,655.0,expected,False,False,False
2024,2024-08-10_S1_S2_de427086,S1,T,145.0,145.0,145.0,6→12→18,True,expected,145.0,145.0,160.0,6→12→18,True,expected,,False,False,19.6025,17.0935,21.4995,True,"18-inch baseline exceeds both shallower baselines; treat as a site/depth-profile characteristic, not an anomaly by itself.",145.0,325.0,490.0,expected,145.0,325.0,535.0,expected,145.0,400.0,505.0,expected,145.0,400.0,580.0,expected,145.0,490.0,655.0,expected,160.0,490.0,655.0,expected,False,False,False
2024,2024-08-10_S1_S2_de427086,S2,B,295.0,280.0,280.0,12→18→6,False,12_before_6,295.0,280.0,280.0,12→18→6,False,12_before_6,,False,False,9.727,8.2795,9.369,False,,25.0,115.0,295.0,expected,25.0,115.0,295.0,expected,25.0,115.0,280.0,expected,25.0,115.0,280.0,expected,25.0,115.0,280.0,expected,25.0,115.0,280.0,expected,False,False,False
2024,2024-08-10_S1_S2_de427086,S2,M,115.0,115.0,115.0,6→12→18,True,expected,115.0,115.0,115.0,6→12→18,True,expected,,False,False,12.995,13.8175,23.798,True,"18-inch baseline exceeds both shallower baselines; treat as a site/depth-profile characteristic, not an anomaly by itself.",25.0,115.0,295.0,expected,25.0,115.0,295.0,expected,25.0,115.0,280.0,expected,25.0,115.0,280.0,expected,25.0,115.0,280.0,expected,25.0,115.0,280.0,expected,False,False,False
2024,2024-08-10_S1_S2_de427086,S2,T,25.0,25.0,25.0,6→12→18,True,expected,25.0,25.0,25.0,6→12→18,True,expected,,False,False,9.175,16.976,21.194,True,"18-inch baseline exceeds both shallower baselines; treat as a site/depth-profile characteristic, not an anomaly by itself.",25.0,115.0,295.0,expected,25.0,115.0,295.0,expected,25.0,115.0,280.0,expected,25.0,115.0,280.0,expected,25.0,115.0,280.0,expected,25.0,115.0,280.0,expected,False,False,False
2024,2024-08-23_S3_S4_0b64e5f5,S3,B,43.0,58.0,73.0,6→12→18,True,expected,43.0,58.0,73.0,6→12→18,True,expected,,False,False,16.927,22.158,14.301,False,,178.0,28.0,43.0,bottom_before_top_or_middle,178.0,28.0,43.0,bottom_before_top_or_middle,178.0,28.0,58.0,bottom_before_top_or_middle,178.0,28.0,58.0,bottom_before_top_or_middle,178.0,28.0,73.0,bottom_before_top_or_middle,193.0,28.0,73.0,bottom_before_top_or_middle,True,True,False
2024,2024-08-23_S3_S4_0b64e5f5,S3,M,28.0,28.0,28.0,6→12→18,True,expected,28.0,28.0,28.0,6→12→18,True,expected,,False,False,17.307,21.398,26.851,True,"18-inch baseline exceeds both shallower baselines; treat as a site/depth-profile characteristic, not an anomaly by itself.",178.0,28.0,43.0,bottom_before_top_or_middle,178.0,28.0,43.0,bottom_before_top_or_middle,178.0,28.0,58.0,bottom_before_top_or_middle,178.0,28.0,58.0,bottom_before_top_or_middle,178.0,28.0,73.0,bottom_before_top_or_middle,193.0,28.0,73.0,bottom_before_top_or_middle,True,True,False
2024,2024-08-23_S3_S4_0b64e5f5,S3,T,178.0,178.0,178.0,6→12→18,True,expected,178.0,178.0,193.0,6→12→18,True,expected,,False,False,16.8665,27.1175,37.977,True,"18-inch baseline exceeds both shallower baselines; treat as a site/depth-profile characteristic, not an anomaly by itself.",178.0,28.0,43.0,bottom_before_top_or_middle,178.0,28.0,43.0,bottom_before_top_or_middle,178.0,28.0,58.0,bottom_before_top_or_middle,178.0,28.0,58.0,bottom_before_top_or_middle,178.0,28.0,73.0,bottom_before_top_or_middle,193.0,28.0,73.0,bottom_before_top_or_middle,True,True,False
2024,2024-08-23_S3_S4_0b64e5f5,S4,B,688.0,808.0,,6→12,False,missing_depths,688.0,,,6,False,missing_depths,,False,False,23.1705,33.981,,False,,163.0,373.0,688.0,expected,163.0,373.0,688.0,expected,163.0,433.0,808.0,expected,163.0,433.0,,missing_loggers,163.0,478.0,,missing_loggers,163.0,478.0,,missing_loggers,False,False,False
2024,2024-08-23_S3_S4_0b64e5f5,S4,M,373.0,433.0,478.0,6→12→18,True,expected,373.0,433.0,478.0,6→12→18,True,expected,,False,False,15.5465,16.1825,22.043,True,"18-inch baseline exceeds both shallower baselines; treat as a site/depth-profile characteristic, not an anomaly by itself.",163.0,373.0,688.0,expected,163.0,373.0,688.0,expected,163.0,433.0,808.0,expected,163.0,433.0,,missing_loggers,163.0,478.0,,missing_loggers,163.0,478.0,,missing_loggers,False,False,False
2024,2024-08-23_S3_S4_0b64e5f5,S4,T,163.0,163.0,163.0,6→12→18,True,expected,163.0,163.0,163.0,6→12→18,True,expected,,False,False,12.98,22.4075,29.383,True,"18-inch baseline exceeds both shallower baselines; treat as a site/depth-profile characteristic, not an anomaly by itself.",163.0,373.0,688.0,expected,163.0,373.0,688.0,expected,163.0,433.0,808.0,expected,163.0,433.0,,missing_loggers,163.0,478.0,,missing_loggers,163.0,478.0,,missing_loggers,False,False,False
2024,2024-09-06_S3_S4_9e0ce675,S3,B,42.0,57.0,72.0,6→12→18,True,expected,42.0,57.0,72.0,6→12→18,True,expected,,False,False,17.386,21.86,13.577,False,,177.0,27.0,42.0,bottom_before_top_or_middle,192.0,27.0,42.0,bottom_before_top_or_middle,177.0,27.0,57.0,bottom_before_top_or_middle,177.0,27.0,57.0,bottom_before_top_or_middle,192.0,27.0,72.0,bottom_before_top_or_middle,192.0,27.0,72.0,bottom_before_top_or_middle,True,True,False
2024,2024-09-06_S3_S4_9e0ce675,S3,M,27.0,27.0,27.0,6→12→18,True,expected,27.0,27.0,27.0,6→12→18,True,expected,,False,False,15.2055,19.9105,24.9015,True,"18-inch baseline exceeds both shallower baselines; treat as a site/depth-profile characteristic, not an anomaly by itself.",177.0,27.0,42.0,bottom_before_top_or_middle,192.0,27.0,42.0,bottom_before_top_or_middle,177.0,27.0,57.0,bottom_before_top_or_middle,177.0,27.0,57.0,bottom_before_top_or_middle,192.0,27.0,72.0,bottom_before_top_or_middle,192.0,27.0,72.0,bottom_before_top_or_middle,True,True,False
2024,2024-09-06_S3_S4_9e0ce675,S3,T,177.0,177.0,192.0,6→12→18,True,expected,192.0,177.0,192.0,12→6→18,False,12_before_6,,False,False,15.601,27.19,38.818,True,"18-inch baseline exceeds both shallower baselines; treat as a site/depth-profile characteristic, not an anomaly by itself.",177.0,27.0,42.0,bottom_before_top_or_middle,192.0,27.0,42.0,bottom_before_top_or_middle,177.0,27.0,57.0,bottom_before_top_or_middle,177.0,27.0,57.0,bottom_before_top_or_middle,192.0,27.0,72.0,bottom_before_top_or_middle,192.0,27.0,72.0,bottom_before_top_or_middle,True,True,False
2024,2024-09-06_S3_S4_9e0ce675,S4,B,282.0,372.0,,6→12,False,missing_depths,267.0,372.0,447.0,6→12→18,True,expected,,False,False,23.4095,34.294,,False,,162.0,327.0,282.0,bottom_before_top_or_middle,162.0,327.0,267.0,bottom_before_top_or_middle,162.0,342.0,372.0,expected,162.0,342.0,372.0,expected,162.0,372.0,,missing_loggers,162.0,372.0,447.0,expected,True,True,False
2024,2024-09-06_S3_S4_9e0ce675,S4,M,327.0,342.0,372.0,6→12→18,True,expected,327.0,342.0,372.0,6→12→18,True,expected,,False,False,13.178,12.459,19.6955,True,"18-inch baseline exceeds both shallower baselines; treat as a site/depth-profile characteristic, not an anomaly by itself.",162.0,327.0,282.0,bottom_before_top_or_middle,162.0,327.0,267.0,bottom_before_top_or_middle,162.0,342.0,372.0,expected,162.0,342.0,372.0,expected,162.0,372.0,,missing_loggers,162.0,372.0,447.0,expected,True,True,False
2024,2024-09-06_S3_S4_9e0ce675,S4,T,162.0,162.0,162.0,6→12→18,True,expected,162.0,162.0,162.0,6→12→18,True,expected,,False,False,11.177,20.7775,29.91,True,"18-inch baseline exceeds both shallower baselines; treat as a site/depth-profile characteristic, not an anomaly by itself.",162.0,327.0,282.0,bottom_before_top_or_middle,162.0,327.0,267.0,bottom_before_top_or_middle,162.0,342.0,372.0,expected,162.0,342.0,372.0,expected,162.0,372.0,,missing_loggers,162.0,372.0,447.0,expected,True,True,False
2024,2024-09-07_S1_S2_b15b9a0a,S1,B,637.0,577.0,637.0,12→6→18,False,12_before_6,637.0,577.0,637.0,12→6→18,False,12_before_6,,False,False,27.3845,27.4985,31.187,True,"18-inch baseline exceeds both shallower baselines; treat as a site/depth-profile characteristic, not an anomaly by itself.",142.0,352.0,637.0,expected,142.0,352.0,637.0,expected,142.0,412.0,577.0,expected,142.0,412.0,577.0,expected,157.0,442.0,637.0,expected,157.0,442.0,637.0,expected,False,False,False
2024,2024-09-07_S1_S2_b15b9a0a,S1,M,352.0,412.0,442.0,6→12→18,True,expected,352.0,412.0,442.0,6→12→18,True,expected,,False,False,14.111,18.5105,32.35,True,"18-inch baseline exceeds both shallower baselines; treat as a site/depth-profile characteristic, not an anomaly by itself.",142.0,352.0,637.0,expected,142.0,352.0,637.0,expected,142.0,412.0,577.0,expected,142.0,412.0,577.0,expected,157.0,442.0,637.0,expected,157.0,442.0,637.0,expected,False,False,False
2024,2024-09-07_S1_S2_b15b9a0a,S1,T,142.0,142.0,157.0,6→12→18,True,expected,142.0,142.0,157.0,6→12→18,True,expected,,False,False,22.3085,19.341,24.76,True,"18-inch baseline exceeds both shallower baselines; treat as a site/depth-profile characteristic, not an anomaly by itself.",142.0,352.0,637.0,expected,142.0,352.0,637.0,expected,142.0,412.0,577.0,expected,142.0,412.0,577.0,expected,157.0,442.0,637.0,expected,157.0,442.0,637.0,expected,False,False,False
2024,2024-09-07_S1_S2_b15b9a0a,S2,B,322.0,307.0,307.0,12→18→6,False,12_before_6,322.0,307.0,307.0,12→18→6,False,12_before_6,,False,False,9.947,8.8285,16.088,True,"18-inch baseline exceeds both shallower baselines; treat as a site/depth-profile characteristic, not an anomaly by itself.",22.0,127.0,322.0,expected,22.0,127.0,322.0,expected,22.0,127.0,307.0,expected,22.0,127.0,307.0,expected,22.0,127.0,307.0,expected,22.0,127.0,307.0,expected,False,False,False
2024,2024-09-07_S1_S2_b15b9a0a,S2,M,127.0,127.0,127.0,6→12→18,True,expected,127.0,127.0,127.0,6→12→18,True,expected,,False,False,13.531,16.232,27.59,True,"18-inch baseline exceeds both shallower baselines; treat as a site/depth-profile characteristic, not an anomaly by itself.",22.0,127.0,322.0,expected,22.0,127.0,322.0,expected,22.0,127.0,307.0,expected,22.0,127.0,307.0,expected,22.0,127.0,307.0,expected,22.0,127.0,307.0,expected,False,False,False
2024,2024-09-07_S1_S2_b15b9a0a,S2,T,22.0,22.0,22.0,6→12→18,True,expected,22.0,22.0,22.0,6→12→18,True,expected,,False,False,9.914,17.384,25.558,True,"18-inch baseline exceeds both shallower baselines; treat as a site/depth-profile characteristic, not an anomaly by itself.",22.0,127.0,322.0,expected,22.0,127.0,322.0,expected,22.0,127.0,307.0,expected,22.0,127.0,307.0,expected,22.0,127.0,307.0,expected,22.0,127.0,307.0,expected,False,False,False
2024,2024-09-20_S3_S4_032d9e33,S3,B,93.0,108.0,138.0,6→12→18,True,expected,93.0,108.0,138.0,6→12→18,True,expected,,False,False,18.6935,22.1275,13.2685,False,,123.0,63.0,93.0,bottom_before_top_or_middle,168.0,63.0,93.0,bottom_before_top_or_middle,168.0,63.0,108.0,bottom_before_top_or_middle,168.0,63.0,108.0,bottom_before_top_or_middle,183.0,78.0,138.0,bottom_before_top_or_middle,183.0,78.0,138.0,bottom_before_top_or_middle,True,True,False
2024,2024-09-20_S3_S4_032d9e33,S3,M,63.0,63.0,78.0,6→12→18,True,expected,63.0,63.0,78.0,6→12→18,True,expected,,False,False,14.2805,18.3915,23.138,True,"18-inch baseline exceeds both shallower baselines; treat as a site/depth-profile characteristic, not an anomaly by itself.",123.0,63.0,93.0,bottom_before_top_or_middle,168.0,63.0,93.0,bottom_before_top_or_middle,168.0,63.0,108.0,bottom_before_top_or_middle,168.0,63.0,108.0,bottom_before_top_or_middle,183.0,78.0,138.0,bottom_before_top_or_middle,183.0,78.0,138.0,bottom_before_top_or_middle,True,True,False
2024,2024-09-20_S3_S4_032d9e33,S3,T,123.0,168.0,183.0,6→12→18,True,expected,168.0,168.0,183.0,6→12→18,True,expected,,False,False,14.647,25.442,37.0315,True,"18-inch baseline exceeds both shallower baselines; treat as a site/depth-profile characteristic, not an anomaly by itself.",123.0,63.0,93.0,bottom_before_top_or_middle,168.0,63.0,93.0,bottom_before_top_or_middle,168.0,63.0,108.0,bottom_before_top_or_middle,168.0,63.0,108.0,bottom_before_top_or_middle,183.0,78.0,138.0,bottom_before_top_or_middle,183.0,78.0,138.0,bottom_before_top_or_middle,True,True,False
2024,2024-09-20_S3_S4_032d9e33,S4,B,,,,none,False,missing_depths,,,,none,False,missing_depths,,False,False,18.245,30.9165,31.709,True,"18-inch baseline exceeds both shallower baselines; treat as a site/depth-profile characteristic, not an anomaly by itself.",168.0,,,missing_loggers,168.0,,,missing_loggers,168.0,,,missing_loggers,168.0,,,missing_loggers,213.0,,,missing_loggers,168.0,,,missing_loggers,False,False,False
2024,2024-09-20_S3_S4_032d9e33,S4,M,,,,none,False,missing_depths,,,,none,False,missing_depths,,False,False,11.3775,10.9345,16.207,True,"18-inch baseline exceeds both shallower baselines; treat as a site/depth-profile characteristic, not an anomaly by itself.",168.0,,,missing_loggers,168.0,,,missing_loggers,168.0,,,missing_loggers,168.0,,,missing_loggers,213.0,,,missing_loggers,168.0,,,missing_loggers,False,False,False
2024,2024-09-20_S3_S4_032d9e33,S4,T,168.0,168.0,213.0,6→12→18,True,expected,168.0,168.0,168.0,6→12→18,True,expected,,False,False,10.3475,17.972,28.3725,True,"18-inch baseline exceeds both shallower baselines; treat as a site/depth-profile characteristic, not an anomaly by itself.",168.0,,,missing_loggers,168.0,,,missing_loggers,168.0,,,missing_loggers,168.0,,,missing_loggers,213.0,,,missing_loggers,168.0,,,missing_loggers,False,False,False
2024,2024-10-04_S3_S4_bf53dc9a,S3,B,35.0,50.0,65.0,6→12→18,True,expected,50.0,50.0,65.0,6→12→18,True,expected,,False,False,19.6625,22.1425,12.9185,False,,155.0,5.0,35.0,bottom_before_top_or_middle,155.0,5.0,50.0,bottom_before_top_or_middle,155.0,5.0,50.0,bottom_before_top_or_middle,155.0,5.0,50.0,bottom_before_top_or_middle,170.0,20.0,65.0,bottom_before_top_or_middle,170.0,20.0,65.0,bottom_before_top_or_middle,True,True,False
2024,2024-10-04_S3_S4_bf53dc9a,S3,M,5.0,5.0,20.0,6→12→18,True,expected,5.0,5.0,20.0,6→12→18,True,expected,,False,False,14.588,18.388,22.058,True,"18-inch baseline exceeds both shallower baselines; treat as a site/depth-profile characteristic, not an anomaly by itself.",155.0,5.0,35.0,bottom_before_top_or_middle,155.0,5.0,50.0,bottom_before_top_or_middle,155.0,5.0,50.0,bottom_before_top_or_middle,155.0,5.0,50.0,bottom_before_top_or_middle,170.0,20.0,65.0,bottom_before_top_or_middle,170.0,20.0,65.0,bottom_before_top_or_middle,True,True,False
2024,2024-10-04_S3_S4_bf53dc9a,S3,T,155.0,155.0,170.0,6→12→18,True,expected,155.0,155.0,170.0,6→12→18,True,expected,,False,False,15.02,25.743,35.984,True,"18-inch baseline exceeds both shallower baselines; treat as a site/depth-profile characteristic, not an anomaly by itself.",155.0,5.0,35.0,bottom_before_top_or_middle,155.0,5.0,50.0,bottom_before_top_or_middle,155.0,5.0,50.0,bottom_before_top_or_middle,155.0,5.0,50.0,bottom_before_top_or_middle,170.0,20.0,65.0,bottom_before_top_or_middle,170.0,20.0,65.0,bottom_before_top_or_middle,True,True,False
2024,2024-10-04_S3_S4_bf53dc9a,S4,B,200.0,260.0,365.0,6→12→18,True,expected,245.0,305.0,365.0,6→12→18,True,expected,,False,False,15.8015,27.1085,25.805,False,,155.0,290.0,200.0,bottom_before_top_or_middle,155.0,290.0,245.0,bottom_before_top_or_middle,155.0,320.0,260.0,bottom_before_top_or_middle,155.0,320.0,305.0,bottom_before_top_or_middle,155.0,350.0,365.0,expected,155.0,350.0,365.0,expected,True,True,False
2024,2024-10-04_S3_S4_bf53dc9a,S4,M,290.0,320.0,350.0,6→12→18,True,expected,290.0,320.0,350.0,6→12→18,True,expected,,False,False,10.281,9.542,10.834,True,"18-inch baseline exceeds both shallower baselines; treat as a site/depth-profile characteristic, not an anomaly by itself.",155.0,290.0,200.0,bottom_before_top_or_middle,155.0,290.0,245.0,bottom_before_top_or_middle,155.0,320.0,260.0,bottom_before_top_or_middle,155.0,320.0,305.0,bottom_before_top_or_middle,155.0,350.0,365.0,expected,155.0,350.0,365.0,expected,True,True,False
2024,2024-10-04_S3_S4_bf53dc9a,S4,T,155.0,155.0,155.0,6→12→18,True,expected,155.0,155.0,155.0,6→12→18,True,expected,,False,False,10.245,17.326,27.0505,True,"18-inch baseline exceeds both shallower baselines; treat as a site/depth-profile characteristic, not an anomaly by itself.",155.0,290.0,200.0,bottom_before_top_or_middle,155.0,290.0,245.0,bottom_before_top_or_middle,155.0,320.0,260.0,bottom_before_top_or_middle,155.0,320.0,305.0,bottom_before_top_or_middle,155.0,350.0,365.0,expected,155.0,350.0,365.0,expected,True,True,False
2024,2024-10-18_S3_S4_e3314155,S3,B,26.0,41.0,56.0,6→12→18,True,expected,26.0,41.0,56.0,6→12→18,True,expected,,False,False,22.233,23.932,13.625,False,,161.0,11.0,26.0,bottom_before_top_or_middle,161.0,11.0,26.0,bottom_before_top_or_middle,161.0,11.0,41.0,bottom_before_top_or_middle,161.0,11.0,41.0,bottom_before_top_or_middle,161.0,26.0,56.0,bottom_before_top_or_middle,161.0,26.0,56.0,bottom_before_top_or_middle,True,True,False
2024,2024-10-18_S3_S4_e3314155,S3,M,11.0,11.0,26.0,6→12→18,True,expected,11.0,11.0,26.0,6→12→18,True,expected,,False,False,18.2755,20.539,22.5605,True,"18-inch baseline exceeds both shallower baselines; treat as a site/depth-profile characteristic, not an anomaly by itself.",161.0,11.0,26.0,bottom_before_top_or_middle,161.0,11.0,26.0,bottom_before_top_or_middle,161.0,11.0,41.0,bottom_before_top_or_middle,161.0,11.0,41.0,bottom_before_top_or_middle,161.0,26.0,56.0,bottom_before_top_or_middle,161.0,26.0,56.0,bottom_before_top_or_middle,True,True,False
2024,2024-10-18_S3_S4_e3314155,S3,T,161.0,161.0,161.0,6→12→18,True,expected,161.0,161.0,161.0,6→12→18,True,expected,,False,False,18.6025,27.653,36.677,True,"18-inch baseline exceeds both shallower baselines; treat as a site/depth-profile characteristic, not an anomaly by itself.",161.0,11.0,26.0,bottom_before_top_or_middle,161.0,11.0,26.0,bottom_before_top_or_middle,161.0,11.0,41.0,bottom_before_top_or_middle,161.0,11.0,41.0,bottom_before_top_or_middle,161.0,26.0,56.0,bottom_before_top_or_middle,161.0,26.0,56.0,bottom_before_top_or_middle,True,True,False
2024,2024-10-18_S3_S4_e3314155,S4,M,296.0,326.0,371.0,6→12→18,True,expected,296.0,326.0,371.0,6→12→18,True,expected,,False,False,12.333,12.253,16.209,True,"18-inch baseline exceeds both shallower baselines; treat as a site/depth-profile characteristic, not an anomaly by itself.",161.0,296.0,,missing_loggers,161.0,296.0,,missing_loggers,161.0,326.0,,missing_loggers,161.0,326.0,,missing_loggers,146.0,371.0,,missing_loggers,161.0,371.0,,missing_loggers,False,False,False
2024,2024-10-18_S3_S4_e3314155,S4,T,161.0,161.0,146.0,18→6→12,False,18_before_12,161.0,161.0,161.0,6→12→18,True,expected,,False,False,12.023,20.7965,28.043,True,"18-inch baseline exceeds both shallower baselines; treat as a site/depth-profile characteristic, not an anomaly by itself.",161.0,296.0,,missing_loggers,161.0,296.0,,missing_loggers,161.0,326.0,,missing_loggers,161.0,326.0,,missing_loggers,146.0,371.0,,missing_loggers,161.0,371.0,,missing_loggers,False,False,False
