year,strip_group,location,strip,event_id,sensor_col,depth_index,depth_inches,logger_position,irrigation_start,irrigation_end,plot_start,plot_end,baseline_vwc,arrival_threshold_vwc,arrival_time,arrival_vwc,arrival_minutes_after_irrigation_start,arrival_before_irrigation_start,gallons_strip,event_duration_hours,alt_arrival_threshold_vwc,alt_arrival_time,alt_arrival_vwc,alt_arrival_step_vwc,alt_arrival_minutes_after_irrigation_start,alt_arrival_before_irrigation_start
2025,S1_S2,west,S1,2025-04-20_S1_S2_f3457ada,VWC_1_raw_S1_B,1,6,B,2025-04-20 08:15:00,2025-04-21 06:28:00,2025-04-19 20:15:00,2025-04-21 14:15:00,19.657,0.25,2025-04-20 14:15:00,20.251,360.0,False,132300.0,22.217,0.5,2025-04-20 15:30:00,21.878,0.705,435.0,False
2025,S1_S2,west,S1,2025-04-20_S1_S2_f3457ada,VWC_2_raw_S1_B,2,12,B,2025-04-20 08:15:00,2025-04-21 06:28:00,2025-04-19 20:15:00,2025-04-21 14:15:00,21.045,0.25,2025-04-20 15:00:00,21.408,405.0,False,132300.0,22.217,0.5,2025-04-20 16:15:00,23.524,0.779,480.0,False
2025,S1_S2,west,S1,2025-04-20_S1_S2_f3457ada,VWC_3_raw_S1_B,3,18,B,2025-04-20 08:15:00,2025-04-21 06:28:00,2025-04-19 20:15:00,2025-04-21 14:15:00,19.717,0.25,2025-04-20 15:30:00,21.45,435.0,False,132300.0,22.217,0.5,2025-04-20 15:30:00,21.45,2.29,435.0,False
2025,S1_S2,west,S1,2025-04-20_S1_S2_f3457ada,VWC_1_raw_S1_M,1,6,M,2025-04-20 08:15:00,2025-04-21 06:28:00,2025-04-19 20:15:00,2025-04-21 14:15:00,11.76,0.25,2025-04-20 11:30:00,12.144,195.0,False,132300.0,22.217,0.5,2025-04-20 12:00:00,16.161,3.69,225.0,False
2025,S1_S2,west,S1,2025-04-20_S1_S2_f3457ada,VWC_2_raw_S1_M,2,12,M,2025-04-20 08:15:00,2025-04-21 06:28:00,2025-04-19 20:15:00,2025-04-21 14:15:00,16.69,0.25,2025-04-20 11:45:00,17.362,210.0,False,132300.0,22.217,0.5,2025-04-20 11:45:00,17.362,0.566,210.0,False
2025,S1_S2,west,S1,2025-04-20_S1_S2_f3457ada,VWC_3_raw_S1_M,3,18,M,2025-04-20 08:15:00,2025-04-21 06:28:00,2025-04-19 20:15:00,2025-04-21 14:15:00,27.041,0.25,2025-04-20 13:15:00,27.322,300.0,False,132300.0,22.217,0.5,2025-04-20 13:30:00,32.773,5.451,315.0,False
2025,S1_S2,west,S1,2025-04-20_S1_S2_f3457ada,VWC_1_raw_S1_T,1,6,T,2025-04-20 08:15:00,2025-04-21 06:28:00,2025-04-19 20:15:00,2025-04-21 14:15:00,17.073,0.25,2025-04-20 08:45:00,17.568,30.0,False,132300.0,22.217,0.5,2025-04-20 09:00:00,34.49,16.922,45.0,False
2025,S1_S2,west,S1,2025-04-20_S1_S2_f3457ada,VWC_2_raw_S1_T,2,12,T,2025-04-20 08:15:00,2025-04-21 06:28:00,2025-04-19 20:15:00,2025-04-21 14:15:00,14.809,0.25,2025-04-20 09:00:00,30.588,45.0,False,132300.0,22.217,0.5,2025-04-20 09:00:00,30.588,15.776,45.0,False
2025,S1_S2,west,S1,2025-04-20_S1_S2_f3457ada,VWC_3_raw_S1_T,3,18,T,2025-04-20 08:15:00,2025-04-21 06:28:00,2025-04-19 20:15:00,2025-04-21 14:15:00,17.345,0.25,2025-04-20 09:00:00,18.713,45.0,False,132300.0,22.217,0.5,2025-04-20 09:00:00,18.713,1.353,45.0,False
2025,S1_S2,west,S2,2025-04-20_S1_S2_f3457ada,VWC_1_raw_S2_B,1,6,B,2025-04-20 08:15:00,2025-04-21 06:28:00,2025-04-19 20:15:00,2025-04-21 14:15:00,8.172,0.25,2025-04-20 12:45:00,8.867,270.0,False,132300.0,22.217,0.5,2025-04-20 13:00:00,13.744,4.877,285.0,False
2025,S1_S2,west,S2,2025-04-20_S1_S2_f3457ada,VWC_2_raw_S2_B,2,12,B,2025-04-20 08:15:00,2025-04-21 06:28:00,2025-04-19 20:15:00,2025-04-21 14:15:00,6.987,0.25,2025-04-20 12:30:00,9.972,255.0,False,132300.0,22.217,0.5,2025-04-20 12:30:00,9.972,2.924,255.0,False
2025,S1_S2,west,S2,2025-04-20_S1_S2_f3457ada,VWC_3_raw_S2_B,3,18,B,2025-04-20 08:15:00,2025-04-21 06:28:00,2025-04-19 20:15:00,2025-04-21 14:15:00,6.334,0.25,2025-04-20 12:30:00,22.673,255.0,False,132300.0,22.217,0.5,2025-04-20 12:30:00,22.673,16.217,255.0,False
2025,S1_S2,west,S2,2025-04-20_S1_S2_f3457ada,VWC_1_raw_S2_M,1,6,M,2025-04-20 08:15:00,2025-04-21 06:28:00,2025-04-19 20:15:00,2025-04-21 14:15:00,11.373,0.25,2025-04-20 09:30:00,18.773,75.0,False,132300.0,22.217,0.5,2025-04-20 09:30:00,18.773,7.465,75.0,False
2025,S1_S2,west,S2,2025-04-20_S1_S2_f3457ada,VWC_2_raw_S2_M,2,12,M,2025-04-20 08:15:00,2025-04-21 06:28:00,2025-04-19 20:15:00,2025-04-21 14:15:00,12.879,0.25,2025-04-20 09:30:00,26.419,75.0,False,132300.0,22.217,0.5,2025-04-20 09:30:00,26.419,13.522,75.0,False
2025,S1_S2,west,S2,2025-04-20_S1_S2_f3457ada,VWC_3_raw_S2_M,3,18,M,2025-04-20 08:15:00,2025-04-21 06:28:00,2025-04-19 20:15:00,2025-04-21 14:15:00,12.145,0.25,2025-04-20 09:30:00,29.593,75.0,False,132300.0,22.217,0.5,2025-04-20 09:30:00,29.593,17.439,75.0,False
2025,S1_S2,west,S2,2025-04-20_S1_S2_f3457ada,VWC_1_raw_S2_T,1,6,T,2025-04-20 08:15:00,2025-04-21 06:28:00,2025-04-19 20:15:00,2025-04-21 14:15:00,7.922,0.25,2025-04-20 08:30:00,10.399,15.0,False,132300.0,22.217,0.5,2025-04-20 08:30:00,10.399,2.477,15.0,False
2025,S1_S2,west,S2,2025-04-20_S1_S2_f3457ada,VWC_2_raw_S2_T,2,12,T,2025-04-20 08:15:00,2025-04-21 06:28:00,2025-04-19 20:15:00,2025-04-21 14:15:00,15.796,0.25,2025-04-20 08:30:00,18.82,15.0,False,132300.0,22.217,0.5,2025-04-20 08:30:00,18.82,3.065,15.0,False
2025,S1_S2,west,S2,2025-04-20_S1_S2_f3457ada,VWC_3_raw_S2_T,3,18,T,2025-04-20 08:15:00,2025-04-21 06:28:00,2025-04-19 20:15:00,2025-04-21 14:15:00,24.079,0.25,2025-04-20 08:30:00,25.131,15.0,False,132300.0,22.217,0.5,2025-04-20 08:30:00,25.131,1.035,15.0,False
2025,S1_S2,west,S1,2025-05-16_S1_S2_799859ac,VWC_1_raw_S1_B,1,6,B,2025-05-16 15:36:41,2025-05-17 07:37:42,2025-05-16 03:36:41,2025-05-17 21:36:41,14.916,0.25,2025-05-16 23:15:00,15.401,458.31666666666666,False,92450.0,16.017,0.5,2025-05-17 00:15:00,17.574,1.289,518.3166666666667,False
2025,S1_S2,west,S1,2025-05-16_S1_S2_799859ac,VWC_2_raw_S1_B,2,12,B,2025-05-16 15:36:41,2025-05-17 07:37:42,2025-05-16 03:36:41,2025-05-17 21:36:41,13.045,0.25,2025-05-17 01:00:00,13.326,563.3166666666667,False,92450.0,16.017,0.5,2025-05-17 02:00:00,15.123,1.138,623.3166666666667,False
2025,S1_S2,west,S1,2025-05-16_S1_S2_799859ac,VWC_3_raw_S1_B,3,18,B,2025-05-16 15:36:41,2025-05-17 07:37:42,2025-05-16 03:36:41,2025-05-17 21:36:41,18.684,0.25,2025-05-17 03:15:00,18.963,698.3166666666667,False,92450.0,16.017,0.5,2025-05-17 03:30:00,19.532,0.569,713.3166666666667,False
2025,S1_S2,west,S1,2025-05-16_S1_S2_799859ac,VWC_1_raw_S1_M,1,6,M,2025-05-16 15:36:41,2025-05-17 07:37:42,2025-05-16 03:36:41,2025-05-17 21:36:41,12.94,0.25,2025-05-16 19:15:00,13.575,218.31666666666666,False,92450.0,16.017,0.5,2025-05-16 20:15:00,16.445,2.13,278.31666666666666,False
2025,S1_S2,west,S1,2025-05-16_S1_S2_799859ac,VWC_2_raw_S1_M,2,12,M,2025-05-16 15:36:41,2025-05-17 07:37:42,2025-05-16 03:36:41,2025-05-17 21:36:41,16.614,0.25,2025-05-16 20:15:00,17.099,278.31666666666666,False,92450.0,16.017,0.5,2025-05-16 20:30:00,18.343,1.244,293.31666666666666,False
2025,S1_S2,west,S1,2025-05-16_S1_S2_799859ac,VWC_3_raw_S1_M,3,18,M,2025-05-16 15:36:41,2025-05-17 07:37:42,2025-05-16 03:36:41,2025-05-17 21:36:41,32.602,0.25,2025-05-16 21:15:00,33.308,338.31666666666666,False,92450.0,16.017,0.5,2025-05-16 21:15:00,33.308,0.51,338.31666666666666,False
2025,S1_S2,west,S1,2025-05-16_S1_S2_799859ac,VWC_1_raw_S1_T,1,6,T,2025-05-16 15:36:41,2025-05-17 07:37:42,2025-05-16 03:36:41,2025-05-17 21:36:41,19.352,0.25,2025-05-16 16:15:00,31.219,38.31666666666667,False,92450.0,16.017,0.5,2025-05-16 16:15:00,31.219,11.874,38.31666666666667,False
2025,S1_S2,west,S1,2025-05-16_S1_S2_799859ac,VWC_2_raw_S1_T,2,12,T,2025-05-16 15:36:41,2025-05-17 07:37:42,2025-05-16 03:36:41,2025-05-17 21:36:41,16.996,0.25,2025-05-16 16:15:00,24.573,38.31666666666667,False,92450.0,16.017,0.5,2025-05-16 16:15:00,24.573,7.638,38.31666666666667,False
2025,S1_S2,west,S1,2025-05-16_S1_S2_799859ac,VWC_3_raw_S1_T,3,18,T,2025-05-16 15:36:41,2025-05-17 07:37:42,2025-05-16 03:36:41,2025-05-17 21:36:41,21.824,0.25,2025-05-16 17:15:00,24.827,98.31666666666666,False,92450.0,16.017,0.5,2025-05-16 17:15:00,24.827,2.982,98.31666666666666,False
2025,S1_S2,west,S2,2025-05-16_S1_S2_799859ac,VWC_1_raw_S2_B,1,6,B,2025-05-16 15:36:41,2025-05-17 07:37:42,2025-05-16 03:36:41,2025-05-17 21:36:41,9.52,0.25,2025-05-16 19:00:00,9.799,203.31666666666666,False,92450.0,16.017,0.5,2025-05-16 19:30:00,10.742,0.943,233.31666666666666,False
2025,S1_S2,west,S2,2025-05-16_S1_S2_799859ac,VWC_2_raw_S2_B,2,12,B,2025-05-16 15:36:41,2025-05-17 07:37:42,2025-05-16 03:36:41,2025-05-17 21:36:41,8.094,0.25,2025-05-16 19:30:00,9.995,233.31666666666666,False,92450.0,16.017,0.5,2025-05-16 19:30:00,9.995,1.718,233.31666666666666,False
2025,S1_S2,west,S2,2025-05-16_S1_S2_799859ac,VWC_3_raw_S2_B,3,18,B,2025-05-16 15:36:41,2025-05-17 07:37:42,2025-05-16 03:36:41,2025-05-17 21:36:41,17.279,0.25,2025-05-16 19:30:00,18.338,233.31666666666666,False,92450.0,16.017,0.5,2025-05-16 19:30:00,18.338,1.337,233.31666666666666,False
2025,S1_S2,west,S2,2025-05-16_S1_S2_799859ac,VWC_1_raw_S2_M,1,6,M,2025-05-16 15:36:41,2025-05-17 07:37:42,2025-05-16 03:36:41,2025-05-17 21:36:41,12.112,0.25,2025-05-16 17:00:00,19.912,83.31666666666666,False,92450.0,16.017,0.5,2025-05-16 17:00:00,19.912,7.677,83.31666666666666,False
2025,S1_S2,west,S2,2025-05-16_S1_S2_799859ac,VWC_2_raw_S2_M,2,12,M,2025-05-16 15:36:41,2025-05-17 07:37:42,2025-05-16 03:36:41,2025-05-17 21:36:41,13.719,0.25,2025-05-16 17:00:00,27.782,83.31666666666666,False,92450.0,16.017,0.5,2025-05-16 17:00:00,27.782,14.148,83.31666666666666,False
2025,S1_S2,west,S2,2025-05-16_S1_S2_799859ac,VWC_3_raw_S2_M,3,18,M,2025-05-16 15:36:41,2025-05-17 07:37:42,2025-05-16 03:36:41,2025-05-17 21:36:41,28.714,0.25,2025-05-16 17:00:00,37.491,83.31666666666666,False,92450.0,16.017,0.5,2025-05-16 17:00:00,37.491,8.824,83.31666666666666,False
2025,S1_S2,west,S2,2025-05-16_S1_S2_799859ac,VWC_1_raw_S2_T,1,6,T,2025-05-16 15:36:41,2025-05-17 07:37:42,2025-05-16 03:36:41,2025-05-17 21:36:41,7.596,0.25,2025-05-16 16:00:00,24.872,23.316666666666666,False,92450.0,16.017,0.5,2025-05-16 16:00:00,24.872,17.259,23.316666666666666,False
2025,S1_S2,west,S2,2025-05-16_S1_S2_799859ac,VWC_2_raw_S2_T,2,12,T,2025-05-16 15:36:41,2025-05-17 07:37:42,2025-05-16 03:36:41,2025-05-17 21:36:41,15.344,0.25,2025-05-16 16:00:00,29.127,23.316666666666666,False,92450.0,16.017,0.5,2025-05-16 16:00:00,29.127,13.797,23.316666666666666,False
2025,S1_S2,west,S2,2025-05-16_S1_S2_799859ac,VWC_3_raw_S2_T,3,18,T,2025-05-16 15:36:41,2025-05-17 07:37:42,2025-05-16 03:36:41,2025-05-17 21:36:41,27.078,0.25,2025-05-16 16:00:00,31.129,23.316666666666666,False,92450.0,16.017,0.5,2025-05-16 16:00:00,31.129,4.155,23.316666666666666,False
2025,S1_S2,west,S1,2025-05-28_S1_S2_ca363c43,VWC_1_raw_S1_B,1,6,B,2025-05-28 18:58:00,2025-05-29 07:30:00,2025-05-28 06:58:00,2025-05-30 00:58:00,22.848,0.25,2025-05-29 01:45:00,24.017,407.0,False,64250.0,12.533,0.5,2025-05-29 01:30:00,22.761,0.574,392.0,False
2025,S1_S2,west,S1,2025-05-28_S1_S2_ca363c43,VWC_2_raw_S1_B,2,12,B,2025-05-28 18:58:00,2025-05-29 07:30:00,2025-05-28 06:58:00,2025-05-30 00:58:00,23.914,0.25,2025-05-29 02:00:00,24.451,422.0,False,64250.0,12.533,0.5,2025-05-29 03:00:00,26.033,0.947,482.0,False
2025,S1_S2,west,S1,2025-05-28_S1_S2_ca363c43,VWC_3_raw_S1_B,3,18,B,2025-05-28 18:58:00,2025-05-29 07:30:00,2025-05-28 06:58:00,2025-05-30 00:58:00,26.058,0.25,2025-05-29 03:45:00,26.374,527.0,False,64250.0,12.533,0.5,2025-05-29 04:30:00,27.653,0.707,572.0,False
2025,S1_S2,west,S1,2025-05-28_S1_S2_ca363c43,VWC_1_raw_S1_M,1,6,M,2025-05-28 18:58:00,2025-05-29 07:30:00,2025-05-28 06:58:00,2025-05-30 00:58:00,22.447,0.25,2025-05-28 22:45:00,23.196,227.0,False,64250.0,12.533,0.5,2025-05-28 22:45:00,23.196,0.621,227.0,False
2025,S1_S2,west,S1,2025-05-28_S1_S2_ca363c43,VWC_2_raw_S1_M,2,12,M,2025-05-28 18:58:00,2025-05-29 07:30:00,2025-05-28 06:58:00,2025-05-30 00:58:00,27.88,0.25,2025-05-28 23:30:00,28.23,272.0,False,64250.0,12.533,0.5,2025-05-28 23:45:00,29.342,1.112,287.0,False
2025,S1_S2,west,S1,2025-05-28_S1_S2_ca363c43,VWC_3_raw_S1_M,3,18,M,2025-05-28 18:58:00,2025-05-29 07:30:00,2025-05-28 06:58:00,2025-05-30 00:58:00,36.018,0.25,2025-05-28 23:45:00,36.275,287.0,False,64250.0,12.533,0.5,2025-05-29 00:15:00,37.493,0.975,317.0,False
2025,S1_S2,west,S1,2025-05-28_S1_S2_ca363c43,VWC_1_raw_S1_T,1,6,T,2025-05-28 18:58:00,2025-05-29 07:30:00,2025-05-28 06:58:00,2025-05-30 00:58:00,29.789,0.25,2025-05-28 19:30:00,31.493,32.0,False,64250.0,12.533,0.5,2025-05-28 19:30:00,31.493,1.783,32.0,False
2025,S1_S2,west,S1,2025-05-28_S1_S2_ca363c43,VWC_2_raw_S1_T,2,12,T,2025-05-28 18:58:00,2025-05-29 07:30:00,2025-05-28 06:58:00,2025-05-30 00:58:00,27.075,0.25,2025-05-28 20:30:00,27.513,92.0,False,64250.0,12.533,0.5,2025-05-28 21:15:00,29.045,0.828,137.0,False
2025,S1_S2,west,S1,2025-05-28_S1_S2_ca363c43,VWC_3_raw_S1_T,3,18,T,2025-05-28 18:58:00,2025-05-29 07:30:00,2025-05-28 06:58:00,2025-05-30 00:58:00,31.696,0.25,2025-05-28 20:45:00,32.86,107.0,False,64250.0,12.533,0.5,2025-05-28 20:45:00,32.86,1.218,107.0,False
2025,S1_S2,west,S2,2025-05-28_S1_S2_ca363c43,VWC_1_raw_S2_B,1,6,B,2025-05-28 18:58:00,2025-05-29 07:30:00,2025-05-28 06:58:00,2025-05-30 00:58:00,11.416,0.25,2025-05-28 22:45:00,18.451,227.0,False,64250.0,12.533,0.5,2025-05-28 22:45:00,18.451,7.153,227.0,False
2025,S1_S2,west,S2,2025-05-28_S1_S2_ca363c43,VWC_2_raw_S2_B,2,12,B,2025-05-28 18:58:00,2025-05-29 07:30:00,2025-05-28 06:58:00,2025-05-30 00:58:00,16.708,0.25,2025-05-28 22:45:00,22.388,227.0,False,64250.0,12.533,0.5,2025-05-28 22:45:00,22.388,5.435,227.0,False
2025,S1_S2,west,S2,2025-05-28_S1_S2_ca363c43,VWC_3_raw_S2_B,3,18,B,2025-05-28 18:58:00,2025-05-29 07:30:00,2025-05-28 06:58:00,2025-05-30 00:58:00,27.756,0.25,2025-05-28 22:00:00,28.011,182.0,False,64250.0,12.533,0.5,2025-05-28 22:45:00,33.784,5.693,227.0,False
2025,S1_S2,west,S2,2025-05-28_S1_S2_ca363c43,VWC_1_raw_S2_M,1,6,M,2025-05-28 18:58:00,2025-05-29 07:30:00,2025-05-28 06:58:00,2025-05-30 00:58:00,19.482,0.25,2025-05-28 20:15:00,32.482,77.0,False,64250.0,12.533,0.5,2025-05-28 20:15:00,32.482,13.073,77.0,False
2025,S1_S2,west,S2,2025-05-28_S1_S2_ca363c43,VWC_2_raw_S2_M,2,12,M,2025-05-28 18:58:00,2025-05-29 07:30:00,2025-05-28 06:58:00,2025-05-30 00:58:00,23.764,0.25,2025-05-28 20:15:00,37.649,77.0,False,64250.0,12.533,0.5,2025-05-28 20:15:00,37.649,13.763,77.0,False
2025,S1_S2,west,S2,2025-05-28_S1_S2_ca363c43,VWC_3_raw_S2_M,3,18,M,2025-05-28 18:58:00,2025-05-29 07:30:00,2025-05-28 06:58:00,2025-05-30 00:58:00,34.052,0.25,2025-05-28 20:15:00,42.811,77.0,False,64250.0,12.533,0.5,2025-05-28 20:15:00,42.811,8.75,77.0,False
2025,S1_S2,west,S2,2025-05-28_S1_S2_ca363c43,VWC_1_raw_S2_T,1,6,T,2025-05-28 18:58:00,2025-05-29 07:30:00,2025-05-28 06:58:00,2025-05-30 00:58:00,9.308,0.25,2025-05-28 19:15:00,16.122,17.0,False,64250.0,12.533,0.5,2025-05-28 19:15:00,16.122,6.861,17.0,False
2025,S1_S2,west,S2,2025-05-28_S1_S2_ca363c43,VWC_2_raw_S2_T,2,12,T,2025-05-28 18:58:00,2025-05-29 07:30:00,2025-05-28 06:58:00,2025-05-30 00:58:00,18.458,0.25,2025-05-28 19:15:00,23.196,17.0,False,64250.0,12.533,0.5,2025-05-28 19:15:00,23.196,4.743,17.0,False
2025,S1_S2,west,S2,2025-05-28_S1_S2_ca363c43,VWC_3_raw_S2_T,3,18,T,2025-05-28 18:58:00,2025-05-29 07:30:00,2025-05-28 06:58:00,2025-05-30 00:58:00,33.506,0.25,2025-05-28 19:15:00,34.374,17.0,False,64250.0,12.533,0.5,2025-05-28 19:15:00,34.374,0.871,17.0,False
2025,S1_S2,west,S1,2025-06-27_S1_S2_ff537961,VWC_1_raw_S1_B,1,6,B,2025-06-27 15:33:00,2025-06-28 07:49:00,2025-06-27 03:33:00,2025-06-28 21:33:00,14.365,0.25,2025-06-27 23:45:00,14.956,492.0,False,95500.0,16.267,0.5,2025-06-28 00:30:00,15.973,0.658,537.0,False
2025,S1_S2,west,S1,2025-06-27_S1_S2_ff537961,VWC_2_raw_S1_B,2,12,B,2025-06-27 15:33:00,2025-06-28 07:49:00,2025-06-27 03:33:00,2025-06-28 21:33:00,12.206,0.25,2025-06-27 23:45:00,12.572,492.0,False,95500.0,16.267,0.5,2025-06-28 00:45:00,14.309,1.021,552.0,False
2025,S1_S2,west,S1,2025-06-27_S1_S2_ff537961,VWC_3_raw_S1_B,3,18,B,2025-06-27 15:33:00,2025-06-28 07:49:00,2025-06-27 03:33:00,2025-06-28 21:33:00,13.114,0.25,2025-06-28 01:00:00,13.571,567.0,False,95500.0,16.267,0.5,2025-06-28 01:15:00,14.55,0.979,582.0,False
2025,S1_S2,west,S1,2025-06-27_S1_S2_ff537961,VWC_1_raw_S1_M,1,6,M,2025-06-27 15:33:00,2025-06-28 07:49:00,2025-06-27 03:33:00,2025-06-28 21:33:00,12.838,0.25,2025-06-27 19:15:00,13.695,222.0,False,95500.0,16.267,0.5,2025-06-27 20:00:00,15.266,1.251,267.0,False
2025,S1_S2,west,S1,2025-06-27_S1_S2_ff537961,VWC_2_raw_S1_M,2,12,M,2025-06-27 15:33:00,2025-06-28 07:49:00,2025-06-27 03:33:00,2025-06-28 21:33:00,15.82,0.25,2025-06-27 19:45:00,16.129,252.0,False,95500.0,16.267,0.5,2025-06-27 20:45:00,18.831,2.138,312.0,False
2025,S1_S2,west,S1,2025-06-27_S1_S2_ff537961,VWC_3_raw_S1_M,3,18,M,2025-06-27 15:33:00,2025-06-28 07:49:00,2025-06-27 03:33:00,2025-06-28 21:33:00,34.882,0.25,2025-06-27 20:30:00,35.198,297.0,False,95500.0,16.267,0.5,2025-06-27 21:15:00,37.045,1.816,342.0,False
2025,S1_S2,west,S1,2025-06-27_S1_S2_ff537961,VWC_1_raw_S1_T,1,6,T,2025-06-27 15:33:00,2025-06-28 07:49:00,2025-06-27 03:33:00,2025-06-28 21:33:00,19.473,0.25,2025-06-27 16:15:00,32.563,42.0,False,95500.0,16.267,0.5,2025-06-27 16:15:00,32.563,12.972,42.0,False
2025,S1_S2,west,S1,2025-06-27_S1_S2_ff537961,VWC_2_raw_S1_T,2,12,T,2025-06-27 15:33:00,2025-06-28 07:49:00,2025-06-27 03:33:00,2025-06-28 21:33:00,16.818,0.25,2025-06-27 16:15:00,26.808,42.0,False,95500.0,16.267,0.5,2025-06-27 16:15:00,26.808,9.93,42.0,False
2025,S1_S2,west,S1,2025-06-27_S1_S2_ff537961,VWC_3_raw_S1_T,3,18,T,2025-06-27 15:33:00,2025-06-28 07:49:00,2025-06-27 03:33:00,2025-06-28 21:33:00,19.84,0.25,2025-06-27 16:15:00,20.171,42.0,False,95500.0,16.267,0.5,2025-06-27 16:30:00,21.83,1.659,57.0,False
2025,S1_S2,west,S2,2025-06-27_S1_S2_ff537961,VWC_1_raw_S2_B,1,6,B,2025-06-27 15:33:00,2025-06-28 07:49:00,2025-06-27 03:33:00,2025-06-28 21:33:00,10.28,0.25,2025-06-27 18:30:00,10.661,177.0,False,95500.0,16.267,0.5,2025-06-27 19:15:00,12.394,1.735,222.0,False
2025,S1_S2,west,S2,2025-06-27_S1_S2_ff537961,VWC_2_raw_S2_B,2,12,B,2025-06-27 15:33:00,2025-06-28 07:49:00,2025-06-27 03:33:00,2025-06-28 21:33:00,9.07,0.25,2025-06-27 19:00:00,9.347,207.0,False,95500.0,16.267,0.5,2025-06-27 19:15:00,12.534,3.187,222.0,False
2025,S1_S2,west,S2,2025-06-27_S1_S2_ff537961,VWC_3_raw_S2_B,3,18,B,2025-06-27 15:33:00,2025-06-28 07:49:00,2025-06-27 03:33:00,2025-06-28 21:33:00,22.503,0.25,2025-06-27 19:15:00,23.988,222.0,False,95500.0,16.267,0.5,2025-06-27 19:15:00,23.988,1.613,222.0,False
2025,S1_S2,west,S2,2025-06-27_S1_S2_ff537961,VWC_1_raw_S2_M,1,6,M,2025-06-27 15:33:00,2025-06-28 07:49:00,2025-06-27 03:33:00,2025-06-28 21:33:00,12.648,0.25,2025-06-27 17:00:00,30.647,87.0,False,95500.0,16.267,0.5,2025-06-27 17:00:00,30.647,17.792,87.0,False
2025,S1_S2,west,S2,2025-06-27_S1_S2_ff537961,VWC_2_raw_S2_M,2,12,M,2025-06-27 15:33:00,2025-06-28 07:49:00,2025-06-27 03:33:00,2025-06-28 21:33:00,14.392,0.25,2025-06-27 17:00:00,35.787,87.0,False,95500.0,16.267,0.5,2025-06-27 17:00:00,35.787,21.338,87.0,False
2025,S1_S2,west,S2,2025-06-27_S1_S2_ff537961,VWC_3_raw_S2_M,3,18,M,2025-06-27 15:33:00,2025-06-28 07:49:00,2025-06-27 03:33:00,2025-06-28 21:33:00,34.262,0.25,2025-06-27 17:00:00,42.943,87.0,False,95500.0,16.267,0.5,2025-06-27 17:00:00,42.943,8.647,87.0,False
2025,S1_S2,west,S2,2025-06-27_S1_S2_ff537961,VWC_1_raw_S2_T,1,6,T,2025-06-27 15:33:00,2025-06-28 07:49:00,2025-06-27 03:33:00,2025-06-28 21:33:00,7.506,0.25,2025-06-27 16:00:00,32.313,27.0,False,95500.0,16.267,0.5,2025-06-27 16:00:00,32.313,24.684,27.0,False
2025,S1_S2,west,S2,2025-06-27_S1_S2_ff537961,VWC_2_raw_S2_T,2,12,T,2025-06-27 15:33:00,2025-06-28 07:49:00,2025-06-27 03:33:00,2025-06-28 21:33:00,16.028,0.25,2025-06-27 16:00:00,34.043,27.0,False,95500.0,16.267,0.5,2025-06-27 16:00:00,34.043,17.962,27.0,False
2025,S1_S2,west,S2,2025-06-27_S1_S2_ff537961,VWC_3_raw_S2_T,3,18,T,2025-06-27 15:33:00,2025-06-28 07:49:00,2025-06-27 03:33:00,2025-06-28 21:33:00,29.266,0.25,2025-06-27 16:00:00,35.971,27.0,False,95500.0,16.267,0.5,2025-06-27 16:00:00,35.971,6.737,27.0,False
2025,S1_S2,west,S1,2025-07-26_S1_S2_98e2053f,VWC_1_raw_S1_B,1,6,B,2025-07-26 08:45:00,2025-07-26 17:50:00,2025-07-25 20:45:00,2025-07-27 14:45:00,14.311,0.25,2025-07-26 15:00:00,15.162,375.0,False,53225.0,9.083,0.5,2025-07-26 16:00:00,17.226,1.305,435.0,False
2025,S1_S2,west,S1,2025-07-26_S1_S2_98e2053f,VWC_2_raw_S1_B,2,12,B,2025-07-26 08:45:00,2025-07-26 17:50:00,2025-07-25 20:45:00,2025-07-27 14:45:00,12.281,0.25,2025-07-26 15:15:00,12.573,390.0,False,53225.0,9.083,0.5,2025-07-26 16:00:00,13.826,0.75,435.0,False
2025,S1_S2,west,S1,2025-07-26_S1_S2_98e2053f,VWC_3_raw_S1_B,3,18,B,2025-07-26 08:45:00,2025-07-26 17:50:00,2025-07-25 20:45:00,2025-07-27 14:45:00,13.727,0.25,2025-07-26 15:30:00,14.379,405.0,False,53225.0,9.083,0.5,2025-07-26 15:30:00,14.379,0.833,405.0,False
2025,S1_S2,west,S1,2025-07-26_S1_S2_98e2053f,VWC_1_raw_S1_M,1,6,M,2025-07-26 08:45:00,2025-07-26 17:50:00,2025-07-25 20:45:00,2025-07-27 14:45:00,13.146,0.25,2025-07-26 11:30:00,13.427,165.0,False,53225.0,9.083,0.5,2025-07-26 12:45:00,18.103,3.231,240.0,False
2025,S1_S2,west,S1,2025-07-26_S1_S2_98e2053f,VWC_2_raw_S1_M,2,12,M,2025-07-26 08:45:00,2025-07-26 17:50:00,2025-07-25 20:45:00,2025-07-27 14:45:00,16.499,0.25,2025-07-26 12:30:00,17.571,225.0,False,53225.0,9.083,0.5,2025-07-26 12:30:00,17.571,0.892,225.0,False
2025,S1_S2,west,S1,2025-07-26_S1_S2_98e2053f,VWC_3_raw_S1_M,3,18,M,2025-07-26 08:45:00,2025-07-26 17:50:00,2025-07-25 20:45:00,2025-07-27 14:45:00,37.69,0.25,2025-07-26 12:45:00,38.155,240.0,False,53225.0,9.083,0.5,2025-07-26 13:00:00,39.341,1.186,255.0,False
2025,S1_S2,west,S1,2025-07-26_S1_S2_98e2053f,VWC_1_raw_S1_T,1,6,T,2025-07-26 08:45:00,2025-07-26 17:50:00,2025-07-25 20:45:00,2025-07-27 14:45:00,19.328,0.25,2025-07-26 09:15:00,20.369,30.0,False,53225.0,9.083,0.5,2025-07-26 09:15:00,20.369,1.07,30.0,False
2025,S1_S2,west,S1,2025-07-26_S1_S2_98e2053f,VWC_2_raw_S1_T,2,12,T,2025-07-26 08:45:00,2025-07-26 17:50:00,2025-07-25 20:45:00,2025-07-27 14:45:00,17.066,0.25,2025-07-26 09:15:00,17.653,30.0,False,53225.0,9.083,0.5,2025-07-26 09:15:00,17.653,0.643,30.0,False
2025,S1_S2,west,S1,2025-07-26_S1_S2_98e2053f,VWC_3_raw_S1_T,3,18,T,2025-07-26 08:45:00,2025-07-26 17:50:00,2025-07-25 20:45:00,2025-07-27 14:45:00,20.781,0.25,2025-07-26 09:30:00,39.776,45.0,False,53225.0,9.083,0.5,2025-07-26 09:30:00,39.776,18.236,45.0,False
2025,S1_S2,west,S2,2025-07-26_S1_S2_98e2053f,VWC_1_raw_S2_B,1,6,B,2025-07-26 08:45:00,2025-07-26 17:50:00,2025-07-25 20:45:00,2025-07-27 14:45:00,9.982,0.25,2025-07-26 12:15:00,10.353,210.0,False,53225.0,9.083,0.5,2025-07-26 12:30:00,20.802,10.449,225.0,False
2025,S1_S2,west,S2,2025-07-26_S1_S2_98e2053f,VWC_2_raw_S2_B,2,12,B,2025-07-26 08:45:00,2025-07-26 17:50:00,2025-07-25 20:45:00,2025-07-27 14:45:00,11.161,0.25,2025-07-26 12:15:00,12.019,210.0,False,53225.0,9.083,0.5,2025-07-26 12:15:00,12.019,1.009,210.0,False
2025,S1_S2,west,S2,2025-07-26_S1_S2_98e2053f,VWC_3_raw_S2_B,3,18,B,2025-07-26 08:45:00,2025-07-26 17:50:00,2025-07-25 20:45:00,2025-07-27 14:45:00,24.949,0.25,2025-07-26 12:30:00,34.23,225.0,False,53225.0,9.083,0.5,2025-07-26 12:30:00,34.23,9.179,225.0,False
2025,S1_S2,west,S2,2025-07-26_S1_S2_98e2053f,VWC_1_raw_S2_M,1,6,M,2025-07-26 08:45:00,2025-07-26 17:50:00,2025-07-25 20:45:00,2025-07-27 14:45:00,12.701,0.25,2025-07-26 10:00:00,13.982,75.0,False,53225.0,9.083,0.5,2025-07-26 10:00:00,13.982,1.269,75.0,False
2025,S1_S2,west,S2,2025-07-26_S1_S2_98e2053f,VWC_2_raw_S2_M,2,12,M,2025-07-26 08:45:00,2025-07-26 17:50:00,2025-07-25 20:45:00,2025-07-27 14:45:00,16.224,0.25,2025-07-26 10:00:00,18.914,75.0,False,53225.0,9.083,0.5,2025-07-26 10:00:00,18.914,2.745,75.0,False
2025,S1_S2,west,S2,2025-07-26_S1_S2_98e2053f,VWC_3_raw_S2_M,3,18,M,2025-07-26 08:45:00,2025-07-26 17:50:00,2025-07-25 20:45:00,2025-07-27 14:45:00,34.534,0.25,2025-07-26 10:00:00,36.119,75.0,False,53225.0,9.083,0.5,2025-07-26 10:00:00,36.119,1.597,75.0,False
2025,S1_S2,west,S2,2025-07-26_S1_S2_98e2053f,VWC_1_raw_S2_T,1,6,T,2025-07-26 08:45:00,2025-07-26 17:50:00,2025-07-25 20:45:00,2025-07-27 14:45:00,7.141,0.25,2025-07-26 09:15:00,41.187,30.0,False,53225.0,9.083,0.5,2025-07-26 09:15:00,41.187,34.048,30.0,False
2025,S1_S2,west,S2,2025-07-26_S1_S2_98e2053f,VWC_2_raw_S2_T,2,12,T,2025-07-26 08:45:00,2025-07-26 17:50:00,2025-07-25 20:45:00,2025-07-27 14:45:00,16.109,0.25,2025-07-26 09:15:00,41.427,30.0,False,53225.0,9.083,0.5,2025-07-26 09:15:00,41.427,25.311,30.0,False
2025,S1_S2,west,S2,2025-07-26_S1_S2_98e2053f,VWC_3_raw_S2_T,3,18,T,2025-07-26 08:45:00,2025-07-26 17:50:00,2025-07-25 20:45:00,2025-07-27 14:45:00,37.735,0.25,,,,,53225.0,9.083,0.5,2025-07-26 09:15:00,45.483,7.79,30.0,False
2025,S1_S2,west,S1,2025-08-22_S1_S2_9f8675d7,VWC_1_raw_S1_B,1,6,B,2025-08-22 09:07:00,2025-08-22 19:04:00,2025-08-21 21:07:00,2025-08-23 15:07:00,14.263,0.25,2025-08-22 19:45:00,14.811,638.0,False,30625.0,9.95,0.5,2025-08-22 20:45:00,15.864,0.509,698.0,False
2025,S1_S2,west,S1,2025-08-22_S1_S2_9f8675d7,VWC_2_raw_S1_B,2,12,B,2025-08-22 09:07:00,2025-08-22 19:04:00,2025-08-21 21:07:00,2025-08-23 15:07:00,11.749,0.25,2025-08-22 21:00:00,12.032,713.0,False,30625.0,9.95,0.5,2025-08-22 21:15:00,13.113,1.081,728.0,False
2025,S1_S2,west,S1,2025-08-22_S1_S2_9f8675d7,VWC_3_raw_S1_B,3,18,B,2025-08-22 09:07:00,2025-08-22 19:04:00,2025-08-21 21:07:00,2025-08-23 15:07:00,11.498,0.25,2025-08-22 23:00:00,12.183,833.0,False,30625.0,9.95,0.5,2025-08-22 23:00:00,12.183,0.614,833.0,False
2025,S1_S2,west,S1,2025-08-22_S1_S2_9f8675d7,VWC_1_raw_S1_M,1,6,M,2025-08-22 09:07:00,2025-08-22 19:04:00,2025-08-21 21:07:00,2025-08-23 15:07:00,13.87,0.25,2025-08-22 15:45:00,14.359,398.0,False,30625.0,9.95,0.5,2025-08-22 16:30:00,15.827,1.216,443.0,False
2025,S1_S2,west,S1,2025-08-22_S1_S2_9f8675d7,VWC_2_raw_S1_M,2,12,M,2025-08-22 09:07:00,2025-08-22 19:04:00,2025-08-21 21:07:00,2025-08-23 15:07:00,16.013,0.25,2025-08-22 16:30:00,16.41,443.0,False,30625.0,9.95,0.5,2025-08-22 16:45:00,18.29,1.88,458.0,False
2025,S1_S2,west,S1,2025-08-22_S1_S2_9f8675d7,VWC_3_raw_S1_M,3,18,M,2025-08-22 09:07:00,2025-08-22 19:04:00,2025-08-21 21:07:00,2025-08-23 15:07:00,36.142,0.25,2025-08-22 17:00:00,37.099,473.0,False,30625.0,9.95,0.5,2025-08-22 17:00:00,37.099,1.502,473.0,False
2025,S1_S2,west,S1,2025-08-22_S1_S2_9f8675d7,VWC_1_raw_S1_T,1,6,T,2025-08-22 09:07:00,2025-08-22 19:04:00,2025-08-21 21:07:00,2025-08-23 15:07:00,19.754,0.25,2025-08-22 10:15:00,26.808,68.0,False,30625.0,9.95,0.5,2025-08-22 10:15:00,26.808,7.04,68.0,False
2025,S1_S2,west,S1,2025-08-22_S1_S2_9f8675d7,VWC_2_raw_S1_T,2,12,T,2025-08-22 09:07:00,2025-08-22 19:04:00,2025-08-21 21:07:00,2025-08-23 15:07:00,16.838,0.25,2025-08-22 13:00:00,22.257,233.0,False,30625.0,9.95,0.5,2025-08-22 13:00:00,22.257,5.503,233.0,False
2025,S1_S2,west,S1,2025-08-22_S1_S2_9f8675d7,VWC_3_raw_S1_T,3,18,T,2025-08-22 09:07:00,2025-08-22 19:04:00,2025-08-21 21:07:00,2025-08-23 15:07:00,19.395,0.25,2025-08-22 13:00:00,20.167,233.0,False,30625.0,9.95,0.5,2025-08-22 13:00:00,20.167,0.943,233.0,False
2025,S1_S2,west,S2,2025-08-22_S1_S2_9f8675d7,VWC_1_raw_S2_B,1,6,B,2025-08-22 09:07:00,2025-08-22 19:04:00,2025-08-21 21:07:00,2025-08-23 15:07:00,10.765,0.25,2025-08-22 14:30:00,11.143,323.0,False,30625.0,9.95,0.5,2025-08-22 15:15:00,15.17,3.908,368.0,False
2025,S1_S2,west,S2,2025-08-22_S1_S2_9f8675d7,VWC_2_raw_S2_B,2,12,B,2025-08-22 09:07:00,2025-08-22 19:04:00,2025-08-21 21:07:00,2025-08-23 15:07:00,10.728,0.25,2025-08-22 15:15:00,15.016,368.0,False,30625.0,9.95,0.5,2025-08-22 15:15:00,15.016,4.591,368.0,False
2025,S1_S2,west,S2,2025-08-22_S1_S2_9f8675d7,VWC_3_raw_S2_B,3,18,B,2025-08-22 09:07:00,2025-08-22 19:04:00,2025-08-21 21:07:00,2025-08-23 15:07:00,21.058,0.25,2025-08-22 15:15:00,24.729,368.0,False,30625.0,9.95,0.5,2025-08-22 15:15:00,24.729,4.498,368.0,False
2025,S1_S2,west,S2,2025-08-22_S1_S2_9f8675d7,VWC_1_raw_S2_M,1,6,M,2025-08-22 09:07:00,2025-08-22 19:04:00,2025-08-21 21:07:00,2025-08-23 15:07:00,13.697,0.25,2025-08-22 13:30:00,14.131,263.0,False,30625.0,9.95,0.5,2025-08-22 13:45:00,32.051,17.92,278.0,False
2025,S1_S2,west,S2,2025-08-22_S1_S2_9f8675d7,VWC_2_raw_S2_M,2,12,M,2025-08-22 09:07:00,2025-08-22 19:04:00,2025-08-21 21:07:00,2025-08-23 15:07:00,15.041,0.25,2025-08-22 13:30:00,17.835,263.0,False,30625.0,9.95,0.5,2025-08-22 13:30:00,17.835,2.962,263.0,False
2025,S1_S2,west,S2,2025-08-22_S1_S2_9f8675d7,VWC_3_raw_S2_M,3,18,M,2025-08-22 09:07:00,2025-08-22 19:04:00,2025-08-21 21:07:00,2025-08-23 15:07:00,34.152,0.25,2025-08-22 13:30:00,35.199,263.0,False,30625.0,9.95,0.5,2025-08-22 13:30:00,35.199,1.181,263.0,False
2025,S1_S2,west,S2,2025-08-22_S1_S2_9f8675d7,VWC_1_raw_S2_T,1,6,T,2025-08-22 09:07:00,2025-08-22 19:04:00,2025-08-21 21:07:00,2025-08-23 15:07:00,7.692,0.25,2025-08-22 09:45:00,42.405,38.0,False,30625.0,9.95,0.5,2025-08-22 09:45:00,42.405,34.694,38.0,False
2025,S1_S2,west,S2,2025-08-22_S1_S2_9f8675d7,VWC_2_raw_S2_T,2,12,T,2025-08-22 09:07:00,2025-08-22 19:04:00,2025-08-21 21:07:00,2025-08-23 15:07:00,16.183,0.25,2025-08-22 09:30:00,17.239,23.0,False,30625.0,9.95,0.5,2025-08-22 09:30:00,17.239,1.121,23.0,False
2025,S1_S2,west,S2,2025-08-22_S1_S2_9f8675d7,VWC_3_raw_S2_T,3,18,T,2025-08-22 09:07:00,2025-08-22 19:04:00,2025-08-21 21:07:00,2025-08-23 15:07:00,34.95,0.25,2025-08-22 09:30:00,35.556,23.0,False,30625.0,9.95,0.5,2025-08-22 09:30:00,35.556,0.677,23.0,False
2025,S1_S2,west,S1,2025-09-20_S1_S2_81d8ab0f,VWC_1_raw_S1_B,1,6,B,2025-09-20 10:42:00,2025-09-20 17:31:00,2025-09-19 22:42:00,2025-09-21 16:42:00,14.954,0.25,2025-09-20 16:15:00,15.395,333.0,False,86100.0,6.817,0.5,2025-09-20 17:00:00,17.21,1.581,378.0,False
2025,S1_S2,west,S1,2025-09-20_S1_S2_81d8ab0f,VWC_2_raw_S1_B,2,12,B,2025-09-20 10:42:00,2025-09-20 17:31:00,2025-09-19 22:42:00,2025-09-21 16:42:00,12.602,0.25,2025-09-20 17:45:00,13.503,423.0,False,86100.0,6.817,0.5,2025-09-20 17:45:00,13.503,0.888,423.0,False
2025,S1_S2,west,S1,2025-09-20_S1_S2_81d8ab0f,VWC_3_raw_S1_B,3,18,B,2025-09-20 10:42:00,2025-09-20 17:31:00,2025-09-19 22:42:00,2025-09-21 16:42:00,13.658,0.25,2025-09-20 18:15:00,14.394,453.0,False,86100.0,6.817,0.5,2025-09-20 18:15:00,14.394,0.789,453.0,False
2025,S1_S2,west,S1,2025-09-20_S1_S2_81d8ab0f,VWC_1_raw_S1_M,1,6,M,2025-09-20 10:42:00,2025-09-20 17:31:00,2025-09-19 22:42:00,2025-09-21 16:42:00,15.312,0.25,2025-09-20 13:45:00,15.681,183.0,False,86100.0,6.817,0.5,2025-09-20 14:15:00,17.788,1.633,213.0,False
2025,S1_S2,west,S1,2025-09-20_S1_S2_81d8ab0f,VWC_2_raw_S1_M,2,12,M,2025-09-20 10:42:00,2025-09-20 17:31:00,2025-09-19 22:42:00,2025-09-21 16:42:00,16.988,0.25,2025-09-20 14:00:00,20.65,198.0,False,86100.0,6.817,0.5,2025-09-20 14:00:00,20.65,3.487,198.0,False
2025,S1_S2,west,S1,2025-09-20_S1_S2_81d8ab0f,VWC_3_raw_S1_M,3,18,M,2025-09-20 10:42:00,2025-09-20 17:31:00,2025-09-19 22:42:00,2025-09-21 16:42:00,35.39,0.25,2025-09-20 14:15:00,36.69,213.0,False,86100.0,6.817,0.5,2025-09-20 14:15:00,36.69,1.313,213.0,False
2025,S1_S2,west,S1,2025-09-20_S1_S2_81d8ab0f,VWC_1_raw_S1_T,1,6,T,2025-09-20 10:42:00,2025-09-20 17:31:00,2025-09-19 22:42:00,2025-09-21 16:42:00,25.374,0.25,2025-09-20 11:15:00,28.421,33.0,False,86100.0,6.817,0.5,2025-09-20 11:15:00,28.421,3.108,33.0,False
2025,S1_S2,west,S1,2025-09-20_S1_S2_81d8ab0f,VWC_2_raw_S1_T,2,12,T,2025-09-20 10:42:00,2025-09-20 17:31:00,2025-09-19 22:42:00,2025-09-21 16:42:00,20.238,0.25,2025-09-20 11:15:00,21.808,33.0,False,86100.0,6.817,0.5,2025-09-20 11:15:00,21.808,1.612,33.0,False
2025,S1_S2,west,S1,2025-09-20_S1_S2_81d8ab0f,VWC_3_raw_S1_T,3,18,T,2025-09-20 10:42:00,2025-09-20 17:31:00,2025-09-19 22:42:00,2025-09-21 16:42:00,24.143,0.25,2025-09-20 12:30:00,24.416,108.0,False,86100.0,6.817,0.5,2025-09-20 12:45:00,25.185,0.769,123.0,False
2025,S1_S2,west,S2,2025-09-20_S1_S2_81d8ab0f,VWC_1_raw_S2_B,1,6,B,2025-09-20 10:42:00,2025-09-20 17:31:00,2025-09-19 22:42:00,2025-09-21 16:42:00,11.152,0.25,2025-09-20 12:45:00,13.097,123.0,False,86100.0,6.817,0.5,2025-09-20 12:45:00,13.097,1.84,123.0,False
2025,S1_S2,west,S2,2025-09-20_S1_S2_81d8ab0f,VWC_2_raw_S2_B,2,12,B,2025-09-20 10:42:00,2025-09-20 17:31:00,2025-09-19 22:42:00,2025-09-21 16:42:00,12.854,0.25,2025-09-20 12:45:00,14.43,123.0,False,86100.0,6.817,0.5,2025-09-20 12:45:00,14.43,1.665,123.0,False
2025,S1_S2,west,S2,2025-09-20_S1_S2_81d8ab0f,VWC_3_raw_S2_B,3,18,B,2025-09-20 10:42:00,2025-09-20 17:31:00,2025-09-19 22:42:00,2025-09-21 16:42:00,24.38,0.25,2025-09-20 12:45:00,25.443,123.0,False,86100.0,6.817,0.5,2025-09-20 12:45:00,25.443,1.166,123.0,False
2025,S1_S2,west,S2,2025-09-20_S1_S2_81d8ab0f,VWC_1_raw_S2_M,1,6,M,2025-09-20 10:42:00,2025-09-20 17:31:00,2025-09-19 22:42:00,2025-09-21 16:42:00,16.291,0.25,2025-09-20 11:45:00,21.665,63.0,False,86100.0,6.817,0.5,2025-09-20 11:45:00,21.665,5.382,63.0,False
2025,S1_S2,west,S2,2025-09-20_S1_S2_81d8ab0f,VWC_2_raw_S2_M,2,12,M,2025-09-20 10:42:00,2025-09-20 17:31:00,2025-09-19 22:42:00,2025-09-21 16:42:00,18.568,0.25,2025-09-20 11:45:00,26.861,63.0,False,86100.0,6.817,0.5,2025-09-20 11:45:00,26.861,8.352,63.0,False
2025,S1_S2,west,S2,2025-09-20_S1_S2_81d8ab0f,VWC_3_raw_S2_M,3,18,M,2025-09-20 10:42:00,2025-09-20 17:31:00,2025-09-19 22:42:00,2025-09-21 16:42:00,33.97,0.25,2025-09-20 11:45:00,38.573,63.0,False,86100.0,6.817,0.5,2025-09-20 11:45:00,38.573,4.599,63.0,False
2025,S1_S2,west,S2,2025-09-20_S1_S2_81d8ab0f,VWC_1_raw_S2_T,1,6,T,2025-09-20 10:42:00,2025-09-20 17:31:00,2025-09-19 22:42:00,2025-09-21 16:42:00,9.2,0.25,2025-09-20 11:00:00,18.943,18.0,False,86100.0,6.817,0.5,2025-09-20 11:00:00,18.943,9.752,18.0,False
2025,S1_S2,west,S2,2025-09-20_S1_S2_81d8ab0f,VWC_2_raw_S2_T,2,12,T,2025-09-20 10:42:00,2025-09-20 17:31:00,2025-09-19 22:42:00,2025-09-21 16:42:00,17.145,0.25,2025-09-20 11:00:00,25.437,18.0,False,86100.0,6.817,0.5,2025-09-20 11:00:00,25.437,8.322,18.0,False
2025,S1_S2,west,S2,2025-09-20_S1_S2_81d8ab0f,VWC_3_raw_S2_T,3,18,T,2025-09-20 10:42:00,2025-09-20 17:31:00,2025-09-19 22:42:00,2025-09-21 16:42:00,33.969,0.25,2025-09-20 11:00:00,35.969,18.0,False,86100.0,6.817,0.5,2025-09-20 11:00:00,35.969,2.076,18.0,False
2025,S3_S4,east,S3,2025-04-20_S3_S4_ead0e049,VWC_1_raw_S3_B,1,6,B,2025-04-20 08:15:00,2025-04-21 06:28:00,2025-04-19 20:15:00,2025-04-21 14:15:00,14.549,0.25,2025-04-20 10:30:00,20.07,135.0,False,132300.0,22.217,0.5,2025-04-20 10:30:00,20.07,5.567,135.0,False
2025,S3_S4,east,S3,2025-04-20_S3_S4_ead0e049,VWC_2_raw_S3_B,2,12,B,2025-04-20 08:15:00,2025-04-21 06:28:00,2025-04-19 20:15:00,2025-04-21 14:15:00,18.513,0.25,2025-04-20 10:30:00,19.324,135.0,False,132300.0,22.217,0.5,2025-04-20 10:30:00,19.324,0.845,135.0,False
2025,S3_S4,east,S3,2025-04-20_S3_S4_ead0e049,VWC_3_raw_S3_B,3,18,B,2025-04-20 08:15:00,2025-04-21 06:28:00,2025-04-19 20:15:00,2025-04-21 14:15:00,11.249,0.25,2025-04-20 10:45:00,18.95,150.0,False,132300.0,22.217,0.5,2025-04-20 10:45:00,18.95,7.69,150.0,False
2025,S3_S4,east,S3,2025-04-20_S3_S4_ead0e049,VWC_1_raw_S3_M,1,6,M,2025-04-20 08:15:00,2025-04-21 06:28:00,2025-04-19 20:15:00,2025-04-21 14:15:00,12.171,0.25,2025-04-20 09:30:00,15.87,75.0,False,132300.0,22.217,0.5,2025-04-20 09:30:00,15.87,3.709,75.0,False
2025,S3_S4,east,S3,2025-04-20_S3_S4_ead0e049,VWC_2_raw_S3_M,2,12,M,2025-04-20 08:15:00,2025-04-21 06:28:00,2025-04-19 20:15:00,2025-04-21 14:15:00,18.629,0.25,2025-04-20 09:30:00,24.369,75.0,False,132300.0,22.217,0.5,2025-04-20 09:30:00,24.369,5.722,75.0,False
2025,S3_S4,east,S3,2025-04-20_S3_S4_ead0e049,VWC_3_raw_S3_M,3,18,M,2025-04-20 08:15:00,2025-04-21 06:28:00,2025-04-19 20:15:00,2025-04-21 14:15:00,19.388,0.25,2025-04-20 09:45:00,26.507,90.0,False,132300.0,22.217,0.5,2025-04-20 09:45:00,26.507,7.094,90.0,False
2025,S3_S4,east,S3,2025-04-20_S3_S4_ead0e049,VWC_1_raw_S3_T,1,6,T,2025-04-20 08:15:00,2025-04-21 06:28:00,2025-04-19 20:15:00,2025-04-21 14:15:00,16.78,0.25,2025-04-20 10:00:00,19.855,105.0,False,132300.0,22.217,0.5,2025-04-20 10:00:00,19.855,3.146,105.0,False
2025,S3_S4,east,S3,2025-04-20_S3_S4_ead0e049,VWC_2_raw_S3_T,2,12,T,2025-04-20 08:15:00,2025-04-21 06:28:00,2025-04-19 20:15:00,2025-04-21 14:15:00,19.266,0.25,2025-04-20 10:30:00,22.892,135.0,False,132300.0,22.217,0.5,2025-04-20 10:30:00,22.892,3.539,135.0,False
2025,S3_S4,east,S3,2025-04-20_S3_S4_ead0e049,VWC_3_raw_S3_T,3,18,T,2025-04-20 08:15:00,2025-04-21 06:28:00,2025-04-19 20:15:00,2025-04-21 14:15:00,33.486,0.25,2025-04-20 10:45:00,33.777,150.0,False,132300.0,22.217,0.5,2025-04-20 11:00:00,35.142,1.365,165.0,False
2025,S3_S4,east,S4,2025-04-20_S3_S4_ead0e049,VWC_1_raw_S4_B,1,6,B,2025-04-20 08:15:00,2025-04-21 06:28:00,2025-04-19 20:15:00,2025-04-21 14:15:00,16.965,0.25,2025-04-20 14:45:00,17.471,390.0,False,132300.0,22.217,0.5,2025-04-20 15:30:00,19.013,1.228,435.0,False
2025,S3_S4,east,S4,2025-04-20_S3_S4_ead0e049,VWC_2_raw_S4_B,2,12,B,2025-04-20 08:15:00,2025-04-21 06:28:00,2025-04-19 20:15:00,2025-04-21 14:15:00,25.451,0.25,2025-04-20 16:15:00,26.695,480.0,False,132300.0,22.217,0.5,2025-04-20 16:15:00,26.695,1.09,480.0,False
2025,S3_S4,east,S4,2025-04-20_S3_S4_ead0e049,VWC_3_raw_S4_B,3,18,B,2025-04-20 08:15:00,2025-04-21 06:28:00,2025-04-19 20:15:00,2025-04-21 14:15:00,20.056,0.25,2025-04-20 17:45:00,23.635,570.0,False,132300.0,22.217,0.5,2025-04-20 17:45:00,23.635,3.501,570.0,False
2025,S3_S4,east,S4,2025-04-20_S3_S4_ead0e049,VWC_1_raw_S4_M,1,6,M,2025-04-20 08:15:00,2025-04-21 06:28:00,2025-04-19 20:15:00,2025-04-21 14:15:00,10.791,0.25,2025-04-20 12:45:00,16.388,270.0,False,132300.0,22.217,0.5,2025-04-20 12:45:00,16.388,5.354,270.0,False
2025,S3_S4,east,S4,2025-04-20_S3_S4_ead0e049,VWC_2_raw_S4_M,2,12,M,2025-04-20 08:15:00,2025-04-21 06:28:00,2025-04-19 20:15:00,2025-04-21 14:15:00,12.913,0.25,2025-04-20 12:15:00,15.157,240.0,False,132300.0,22.217,0.5,2025-04-20 12:15:00,15.157,2.219,240.0,False
2025,S3_S4,east,S4,2025-04-20_S3_S4_ead0e049,VWC_3_raw_S4_M,3,18,M,2025-04-20 08:15:00,2025-04-21 06:28:00,2025-04-19 20:15:00,2025-04-21 14:15:00,17.641,0.25,2025-04-20 13:00:00,19.634,285.0,False,132300.0,22.217,0.5,2025-04-20 13:00:00,19.634,2.195,285.0,False
2025,S3_S4,east,S4,2025-04-20_S3_S4_ead0e049,VWC_1_raw_S4_T,1,6,T,2025-04-20 08:15:00,2025-04-21 06:28:00,2025-04-19 20:15:00,2025-04-21 14:15:00,9.361,0.25,2025-04-20 09:00:00,17.928,45.0,False,132300.0,22.217,0.5,2025-04-20 09:00:00,17.928,8.562,45.0,False
2025,S3_S4,east,S4,2025-04-20_S3_S4_ead0e049,VWC_2_raw_S4_T,2,12,T,2025-04-20 08:15:00,2025-04-21 06:28:00,2025-04-19 20:15:00,2025-04-21 14:15:00,16.795,0.25,2025-04-20 09:00:00,22.103,45.0,False,132300.0,22.217,0.5,2025-04-20 09:00:00,22.103,5.361,45.0,False
2025,S3_S4,east,S4,2025-04-20_S3_S4_ead0e049,VWC_3_raw_S4_T,3,18,T,2025-04-20 08:15:00,2025-04-21 06:28:00,2025-04-19 20:15:00,2025-04-21 14:15:00,24.328,0.25,2025-04-20 09:00:00,32.207,45.0,False,132300.0,22.217,0.5,2025-04-20 09:00:00,32.207,7.873,45.0,False
2025,S3_S4,east,S3,2025-05-02_S3_S4_3cb33cbf,VWC_1_raw_S3_B,1,6,B,2025-05-02 19:10:02,2025-05-03 08:21:02,2025-05-02 07:10:02,2025-05-04 01:10:02,22.332,0.25,2025-05-02 21:00:00,23.237,109.96666666666667,False,76750.0,13.183,0.5,2025-05-02 21:00:00,23.237,0.952,109.96666666666667,False
2025,S3_S4,east,S3,2025-05-02_S3_S4_3cb33cbf,VWC_2_raw_S3_B,2,12,B,2025-05-02 19:10:02,2025-05-03 08:21:02,2025-05-02 07:10:02,2025-05-04 01:10:02,24.492,0.25,2025-05-02 21:15:00,27.364,124.96666666666667,False,76750.0,13.183,0.5,2025-05-02 21:15:00,27.364,2.761,124.96666666666667,False
2025,S3_S4,east,S3,2025-05-02_S3_S4_3cb33cbf,VWC_3_raw_S3_B,3,18,B,2025-05-02 19:10:02,2025-05-03 08:21:02,2025-05-02 07:10:02,2025-05-04 01:10:02,14.258,0.25,2025-05-02 21:15:00,14.617,124.96666666666667,False,76750.0,13.183,0.5,2025-05-02 21:30:00,21.763,7.146,139.96666666666667,False
2025,S3_S4,east,S3,2025-05-02_S3_S4_3cb33cbf,VWC_1_raw_S3_M,1,6,M,2025-05-02 19:10:02,2025-05-03 08:21:02,2025-05-02 07:10:02,2025-05-04 01:10:02,19.577,0.25,2025-05-02 20:15:00,28.473,64.96666666666667,False,76750.0,13.183,0.5,2025-05-02 20:15:00,28.473,8.913,64.96666666666667,False
2025,S3_S4,east,S3,2025-05-02_S3_S4_3cb33cbf,VWC_2_raw_S3_M,2,12,M,2025-05-02 19:10:02,2025-05-03 08:21:02,2025-05-02 07:10:02,2025-05-04 01:10:02,22.41,0.25,2025-05-02 20:15:00,27.093,64.96666666666667,False,76750.0,13.183,0.5,2025-05-02 20:15:00,27.093,4.703,64.96666666666667,False
2025,S3_S4,east,S3,2025-05-02_S3_S4_3cb33cbf,VWC_3_raw_S3_M,3,18,M,2025-05-02 19:10:02,2025-05-03 08:21:02,2025-05-02 07:10:02,2025-05-04 01:10:02,23.766,0.25,2025-05-02 20:30:00,30.916,79.96666666666667,False,76750.0,13.183,0.5,2025-05-02 20:30:00,30.916,7.014,79.96666666666667,False
2025,S3_S4,east,S3,2025-05-02_S3_S4_3cb33cbf,VWC_1_raw_S3_T,1,6,T,2025-05-02 19:10:02,2025-05-03 08:21:02,2025-05-02 07:10:02,2025-05-04 01:10:02,26.274,0.25,2025-05-02 21:45:00,26.852,154.96666666666667,False,76750.0,13.183,0.5,2025-05-02 21:45:00,26.852,0.609,154.96666666666667,False
2025,S3_S4,east,S3,2025-05-02_S3_S4_3cb33cbf,VWC_2_raw_S3_T,2,12,T,2025-05-02 19:10:02,2025-05-03 08:21:02,2025-05-02 07:10:02,2025-05-04 01:10:02,26.288,0.25,2025-05-02 22:15:00,26.83,184.96666666666667,False,76750.0,13.183,0.5,2025-05-02 23:15:00,30.121,2.739,244.96666666666667,False
2025,S3_S4,east,S3,2025-05-02_S3_S4_3cb33cbf,VWC_3_raw_S3_T,3,18,T,2025-05-02 19:10:02,2025-05-03 08:21:02,2025-05-02 07:10:02,2025-05-04 01:10:02,38.644,0.25,2025-05-02 23:30:00,38.897,259.96666666666664,False,76750.0,13.183,0.5,2025-05-03 00:15:00,39.723,0.517,304.96666666666664,False
2025,S3_S4,east,S4,2025-05-02_S3_S4_3cb33cbf,VWC_1_raw_S4_B,1,6,B,2025-05-02 19:10:02,2025-05-03 08:21:02,2025-05-02 07:10:02,2025-05-04 01:10:02,21.722,0.25,2025-05-03 02:30:00,22.56,439.96666666666664,False,76750.0,13.183,0.5,2025-05-03 02:30:00,22.56,0.782,439.96666666666664,False
2025,S3_S4,east,S4,2025-05-02_S3_S4_3cb33cbf,VWC_2_raw_S4_B,2,12,B,2025-05-02 19:10:02,2025-05-03 08:21:02,2025-05-02 07:10:02,2025-05-04 01:10:02,30.562,0.25,2025-05-03 04:00:00,30.987,529.9666666666667,False,76750.0,13.183,0.5,2025-05-03 05:00:00,32.295,0.728,589.9666666666667,False
2025,S3_S4,east,S4,2025-05-02_S3_S4_3cb33cbf,VWC_3_raw_S4_B,3,18,B,2025-05-02 19:10:02,2025-05-03 08:21:02,2025-05-02 07:10:02,2025-05-04 01:10:02,34.212,0.25,2025-05-03 03:15:00,35.118,484.96666666666664,False,76750.0,13.183,0.5,2025-05-03 04:15:00,36.274,0.585,544.9666666666667,False
2025,S3_S4,east,S4,2025-05-02_S3_S4_3cb33cbf,VWC_1_raw_S4_M,1,6,M,2025-05-02 19:10:02,2025-05-03 08:21:02,2025-05-02 07:10:02,2025-05-04 01:10:02,18.249,0.25,2025-05-02 22:15:00,24.642,184.96666666666667,False,76750.0,13.183,0.5,2025-05-02 22:15:00,24.642,6.464,184.96666666666667,False
2025,S3_S4,east,S4,2025-05-02_S3_S4_3cb33cbf,VWC_2_raw_S4_M,2,12,M,2025-05-02 19:10:02,2025-05-03 08:21:02,2025-05-02 07:10:02,2025-05-04 01:10:02,18.323,0.25,2025-05-02 22:30:00,21.031,199.96666666666667,False,76750.0,13.183,0.5,2025-05-02 22:30:00,21.031,2.682,199.96666666666667,False
2025,S3_S4,east,S4,2025-05-02_S3_S4_3cb33cbf,VWC_3_raw_S4_M,3,18,M,2025-05-02 19:10:02,2025-05-03 08:21:02,2025-05-02 07:10:02,2025-05-04 01:10:02,23.387,0.25,2025-05-02 23:00:00,23.849,229.96666666666667,False,76750.0,13.183,0.5,2025-05-02 23:15:00,27.287,3.438,244.96666666666667,False
2025,S3_S4,east,S4,2025-05-02_S3_S4_3cb33cbf,VWC_1_raw_S4_T,1,6,T,2025-05-02 19:10:02,2025-05-03 08:21:02,2025-05-02 07:10:02,2025-05-04 01:10:02,15.216,0.25,2025-05-02 19:45:00,31.737,34.96666666666667,False,76750.0,13.183,0.5,2025-05-02 19:45:00,31.737,16.598,34.96666666666667,False
2025,S3_S4,east,S4,2025-05-02_S3_S4_3cb33cbf,VWC_2_raw_S4_T,2,12,T,2025-05-02 19:10:02,2025-05-03 08:21:02,2025-05-02 07:10:02,2025-05-04 01:10:02,24.434,0.25,2025-05-02 19:45:00,32.807,34.96666666666667,False,76750.0,13.183,0.5,2025-05-02 19:45:00,32.807,8.406,34.96666666666667,False
2025,S3_S4,east,S4,2025-05-02_S3_S4_3cb33cbf,VWC_3_raw_S4_T,3,18,T,2025-05-02 19:10:02,2025-05-03 08:21:02,2025-05-02 07:10:02,2025-05-04 01:10:02,29.995,0.25,2025-05-02 19:45:00,37.387,34.96666666666667,False,76750.0,13.183,0.5,2025-05-02 19:45:00,37.387,7.397,34.96666666666667,False
2025,S3_S4,east,S3,2025-05-28_S3_S4_120d46ab,VWC_1_raw_S3_B,1,6,B,2025-05-28 18:58:00,2025-05-29 07:30:00,2025-05-28 06:58:00,2025-05-30 00:58:00,12.843,0.25,2025-05-28 21:15:00,13.591,137.0,False,64250.0,12.533,0.5,2025-05-28 21:15:00,13.591,0.841,137.0,False
2025,S3_S4,east,S3,2025-05-28_S3_S4_120d46ab,VWC_2_raw_S3_B,2,12,B,2025-05-28 18:58:00,2025-05-29 07:30:00,2025-05-28 06:58:00,2025-05-30 00:58:00,18.53,0.25,2025-05-28 20:45:00,19.111,107.0,False,64250.0,12.533,0.5,2025-05-28 21:30:00,20.681,1.346,152.0,False
2025,S3_S4,east,S3,2025-05-28_S3_S4_120d46ab,VWC_3_raw_S3_B,3,18,B,2025-05-28 18:58:00,2025-05-29 07:30:00,2025-05-28 06:58:00,2025-05-30 00:58:00,26.223,0.25,2025-05-28 21:30:00,26.93,152.0,False,64250.0,12.533,0.5,2025-05-28 21:30:00,26.93,0.583,152.0,False
2025,S3_S4,east,S3,2025-05-28_S3_S4_120d46ab,VWC_1_raw_S3_M,1,6,M,2025-05-28 18:58:00,2025-05-29 07:30:00,2025-05-28 06:58:00,2025-05-30 00:58:00,12.025,0.25,2025-05-28 20:15:00,12.737,77.0,False,64250.0,12.533,0.5,2025-05-28 20:15:00,12.737,0.664,77.0,False
2025,S3_S4,east,S3,2025-05-28_S3_S4_120d46ab,VWC_2_raw_S3_M,2,12,M,2025-05-28 18:58:00,2025-05-29 07:30:00,2025-05-28 06:58:00,2025-05-30 00:58:00,18.076,0.25,2025-05-28 20:15:00,18.864,77.0,False,64250.0,12.533,0.5,2025-05-28 20:15:00,18.864,0.68,77.0,False
2025,S3_S4,east,S3,2025-05-28_S3_S4_120d46ab,VWC_3_raw_S3_M,3,18,M,2025-05-28 18:58:00,2025-05-29 07:30:00,2025-05-28 06:58:00,2025-05-30 00:58:00,31.182,0.25,2025-05-28 20:30:00,32.948,92.0,False,64250.0,12.533,0.5,2025-05-28 20:30:00,32.948,1.615,92.0,False
2025,S3_S4,east,S3,2025-05-28_S3_S4_120d46ab,VWC_1_raw_S3_T,1,6,T,2025-05-28 18:58:00,2025-05-29 07:30:00,2025-05-28 06:58:00,2025-05-30 00:58:00,19.798,0.25,2025-05-28 23:30:00,21.324,272.0,False,64250.0,12.533,0.5,2025-05-28 23:30:00,21.324,1.531,272.0,False
2025,S3_S4,east,S3,2025-05-28_S3_S4_120d46ab,VWC_2_raw_S3_T,2,12,T,2025-05-28 18:58:00,2025-05-29 07:30:00,2025-05-28 06:58:00,2025-05-30 00:58:00,20.769,0.25,2025-05-29 00:45:00,21.352,347.0,False,64250.0,12.533,0.5,2025-05-29 01:30:00,22.056,0.567,392.0,False
2025,S3_S4,east,S3,2025-05-28_S3_S4_120d46ab,VWC_3_raw_S3_T,3,18,T,2025-05-28 18:58:00,2025-05-29 07:30:00,2025-05-28 06:58:00,2025-05-30 00:58:00,36.902,0.25,2025-05-29 02:30:00,37.265,452.0,False,64250.0,12.533,0.5,2025-05-29 03:30:00,38.68,0.629,512.0,False
2025,S3_S4,east,S4,2025-05-28_S3_S4_120d46ab,VWC_1_raw_S4_B,1,6,B,2025-05-28 18:58:00,2025-05-29 07:30:00,2025-05-28 06:58:00,2025-05-30 00:58:00,39.188,0.25,2025-05-29 00:45:00,39.685,347.0,False,64250.0,12.533,0.5,2025-05-29 02:15:00,41.675,0.807,437.0,False
2025,S3_S4,east,S4,2025-05-28_S3_S4_120d46ab,VWC_2_raw_S4_B,2,12,B,2025-05-28 18:58:00,2025-05-29 07:30:00,2025-05-28 06:58:00,2025-05-30 00:58:00,40.486,0.25,,,,,64250.0,12.533,0.5,,,,,
2025,S3_S4,east,S4,2025-05-28_S3_S4_120d46ab,VWC_3_raw_S4_B,3,18,B,2025-05-28 18:58:00,2025-05-29 07:30:00,2025-05-28 06:58:00,2025-05-30 00:58:00,41.336,0.25,,,,,64250.0,12.533,0.5,,,,,
2025,S3_S4,east,S4,2025-05-28_S3_S4_120d46ab,VWC_1_raw_S4_M,1,6,M,2025-05-28 18:58:00,2025-05-29 07:30:00,2025-05-28 06:58:00,2025-05-30 00:58:00,11.698,0.25,2025-05-28 23:00:00,12.618,242.0,False,64250.0,12.533,0.5,2025-05-29 00:00:00,13.916,0.703,302.0,False
2025,S3_S4,east,S4,2025-05-28_S3_S4_120d46ab,VWC_2_raw_S4_M,2,12,M,2025-05-28 18:58:00,2025-05-29 07:30:00,2025-05-28 06:58:00,2025-05-30 00:58:00,24.999,0.25,2025-05-28 22:15:00,25.303,197.0,False,64250.0,12.533,0.5,2025-05-28 23:00:00,26.507,0.74,242.0,False
2025,S3_S4,east,S4,2025-05-28_S3_S4_120d46ab,VWC_3_raw_S4_M,3,18,M,2025-05-28 18:58:00,2025-05-29 07:30:00,2025-05-28 06:58:00,2025-05-30 00:58:00,36.76,0.25,2025-05-29 00:45:00,37.031,347.0,False,64250.0,12.533,0.5,,,,,
2025,S3_S4,east,S4,2025-05-28_S3_S4_120d46ab,VWC_1_raw_S4_T,1,6,T,2025-05-28 18:58:00,2025-05-29 07:30:00,2025-05-28 06:58:00,2025-05-30 00:58:00,10.053,0.25,2025-05-28 19:30:00,11.452,32.0,False,64250.0,12.533,0.5,2025-05-28 19:30:00,11.452,1.389,32.0,False
2025,S3_S4,east,S4,2025-05-28_S3_S4_120d46ab,VWC_2_raw_S4_T,2,12,T,2025-05-28 18:58:00,2025-05-29 07:30:00,2025-05-28 06:58:00,2025-05-30 00:58:00,15.552,0.25,2025-05-28 19:30:00,15.817,32.0,False,64250.0,12.533,0.5,2025-05-28 19:45:00,34.737,18.92,47.0,False
2025,S3_S4,east,S4,2025-05-28_S3_S4_120d46ab,VWC_3_raw_S4_T,3,18,T,2025-05-28 18:58:00,2025-05-29 07:30:00,2025-05-28 06:58:00,2025-05-30 00:58:00,28.632,0.25,2025-05-28 19:30:00,29.973,32.0,False,64250.0,12.533,0.5,2025-05-28 19:30:00,29.973,1.29,32.0,False
2025,S3_S4,east,S3,2025-06-13_S3_S4_29345c78,VWC_1_raw_S3_B,1,6,B,2025-06-13 10:49:00,2025-06-13 19:16:00,2025-06-12 22:49:00,2025-06-14 16:49:00,22.563,0.25,2025-06-13 13:15:00,27.123,146.0,False,56900.0,8.45,0.5,2025-06-13 13:15:00,27.123,4.674,146.0,False
2025,S3_S4,east,S3,2025-06-13_S3_S4_29345c78,VWC_2_raw_S3_B,2,12,B,2025-06-13 10:49:00,2025-06-13 19:16:00,2025-06-12 22:49:00,2025-06-14 16:49:00,25.274,0.25,2025-06-13 13:15:00,30.283,146.0,False,56900.0,8.45,0.5,2025-06-13 13:15:00,30.283,5.196,146.0,False
2025,S3_S4,east,S3,2025-06-13_S3_S4_29345c78,VWC_3_raw_S3_B,3,18,B,2025-06-13 10:49:00,2025-06-13 19:16:00,2025-06-12 22:49:00,2025-06-14 16:49:00,17.734,0.25,2025-06-13 13:15:00,22.599,146.0,False,56900.0,8.45,0.5,2025-06-13 13:15:00,22.599,4.952,146.0,False
2025,S3_S4,east,S3,2025-06-13_S3_S4_29345c78,VWC_1_raw_S3_M,1,6,M,2025-06-13 10:49:00,2025-06-13 19:16:00,2025-06-12 22:49:00,2025-06-14 16:49:00,17.896,0.25,2025-06-13 11:45:00,20.019,56.0,False,56900.0,8.45,0.5,2025-06-13 11:45:00,20.019,2.188,56.0,False
2025,S3_S4,east,S3,2025-06-13_S3_S4_29345c78,VWC_2_raw_S3_M,2,12,M,2025-06-13 10:49:00,2025-06-13 19:16:00,2025-06-12 22:49:00,2025-06-14 16:49:00,24.032,0.25,2025-06-13 12:00:00,35.742,71.0,False,56900.0,8.45,0.5,2025-06-13 12:00:00,35.742,11.719,71.0,False
2025,S3_S4,east,S3,2025-06-13_S3_S4_29345c78,VWC_3_raw_S3_M,3,18,M,2025-06-13 10:49:00,2025-06-13 19:16:00,2025-06-12 22:49:00,2025-06-14 16:49:00,31.921,0.25,2025-06-13 12:00:00,33.563,71.0,False,56900.0,8.45,0.5,2025-06-13 12:00:00,33.563,1.64,71.0,False
2025,S3_S4,east,S3,2025-06-13_S3_S4_29345c78,VWC_1_raw_S3_T,1,6,T,2025-06-13 10:49:00,2025-06-13 19:16:00,2025-06-12 22:49:00,2025-06-14 16:49:00,23.368,0.25,2025-06-13 12:45:00,27.263,116.0,False,56900.0,8.45,0.5,2025-06-13 12:45:00,27.263,3.979,116.0,False
2025,S3_S4,east,S3,2025-06-13_S3_S4_29345c78,VWC_2_raw_S3_T,2,12,T,2025-06-13 10:49:00,2025-06-13 19:16:00,2025-06-12 22:49:00,2025-06-14 16:49:00,25.214,0.25,2025-06-13 13:45:00,27.671,176.0,False,56900.0,8.45,0.5,2025-06-13 13:45:00,27.671,2.612,176.0,False
2025,S3_S4,east,S3,2025-06-13_S3_S4_29345c78,VWC_3_raw_S3_T,3,18,T,2025-06-13 10:49:00,2025-06-13 19:16:00,2025-06-12 22:49:00,2025-06-14 16:49:00,39.222,0.25,2025-06-13 14:45:00,39.629,236.0,False,56900.0,8.45,0.5,,,,,
2025,S3_S4,east,S4,2025-06-13_S3_S4_29345c78,VWC_1_raw_S4_B,1,6,B,2025-06-13 10:49:00,2025-06-13 19:16:00,2025-06-12 22:49:00,2025-06-14 16:49:00,30.16,0.25,2025-06-13 15:45:00,31.36,296.0,False,56900.0,8.45,0.5,2025-06-13 16:45:00,32.779,0.766,356.0,False
2025,S3_S4,east,S4,2025-06-13_S3_S4_29345c78,VWC_2_raw_S4_B,2,12,B,2025-06-13 10:49:00,2025-06-13 19:16:00,2025-06-12 22:49:00,2025-06-14 16:49:00,34.441,0.25,2025-06-13 17:15:00,34.882,386.0,False,56900.0,8.45,0.5,2025-06-13 18:45:00,36.661,0.546,476.0,False
2025,S3_S4,east,S4,2025-06-13_S3_S4_29345c78,VWC_3_raw_S4_B,3,18,B,2025-06-13 10:49:00,2025-06-13 19:16:00,2025-06-12 22:49:00,2025-06-14 16:49:00,36.67,0.25,2025-06-13 15:00:00,37.136,251.0,False,56900.0,8.45,0.5,2025-06-13 20:15:00,40.855,0.761,566.0,False
2025,S3_S4,east,S4,2025-06-13_S3_S4_29345c78,VWC_1_raw_S4_M,1,6,M,2025-06-13 10:49:00,2025-06-13 19:16:00,2025-06-12 22:49:00,2025-06-14 16:49:00,13.361,0.25,2025-06-13 14:00:00,13.63,191.0,False,56900.0,8.45,0.5,2025-06-13 14:15:00,15.978,2.348,206.0,False
2025,S3_S4,east,S4,2025-06-13_S3_S4_29345c78,VWC_2_raw_S4_M,2,12,M,2025-06-13 10:49:00,2025-06-13 19:16:00,2025-06-12 22:49:00,2025-06-14 16:49:00,16.938,0.25,2025-06-13 14:00:00,21.246,191.0,False,56900.0,8.45,0.5,2025-06-13 14:00:00,21.246,4.625,191.0,False
2025,S3_S4,east,S4,2025-06-13_S3_S4_29345c78,VWC_3_raw_S4_M,3,18,M,2025-06-13 10:49:00,2025-06-13 19:16:00,2025-06-12 22:49:00,2025-06-14 16:49:00,27.562,0.25,2025-06-13 14:30:00,27.965,221.0,False,56900.0,8.45,0.5,2025-06-13 14:30:00,27.965,0.74,221.0,False
2025,S3_S4,east,S4,2025-06-13_S3_S4_29345c78,VWC_1_raw_S4_T,1,6,T,2025-06-13 10:49:00,2025-06-13 19:16:00,2025-06-12 22:49:00,2025-06-14 16:49:00,11.903,0.25,2025-06-13 11:15:00,17.835,26.0,False,56900.0,8.45,0.5,2025-06-13 11:15:00,17.835,5.995,26.0,False
2025,S3_S4,east,S4,2025-06-13_S3_S4_29345c78,VWC_2_raw_S4_T,2,12,T,2025-06-13 10:49:00,2025-06-13 19:16:00,2025-06-12 22:49:00,2025-06-14 16:49:00,20.71,0.25,2025-06-13 11:15:00,25.311,26.0,False,56900.0,8.45,0.5,2025-06-13 11:15:00,25.311,4.738,26.0,False
2025,S3_S4,east,S4,2025-06-13_S3_S4_29345c78,VWC_3_raw_S4_T,3,18,T,2025-06-13 10:49:00,2025-06-13 19:16:00,2025-06-12 22:49:00,2025-06-14 16:49:00,31.736,0.25,2025-06-13 11:15:00,34.915,26.0,False,56900.0,8.45,0.5,2025-06-13 11:15:00,34.915,3.2,26.0,False
2025,S3_S4,east,S3,2025-06-28_S3_S4_d9252a87,VWC_1_raw_S3_B,1,6,B,2025-06-28 08:50:00,2025-06-28 16:15:00,2025-06-27 20:50:00,2025-06-29 14:50:00,11.178,0.25,2025-06-28 11:45:00,13.649,175.0,False,43550.0,7.417,0.5,2025-06-28 11:45:00,13.649,2.479,175.0,False
2025,S3_S4,east,S3,2025-06-28_S3_S4_d9252a87,VWC_2_raw_S3_B,2,12,B,2025-06-28 08:50:00,2025-06-28 16:15:00,2025-06-27 20:50:00,2025-06-29 14:50:00,24.66,0.25,2025-06-28 11:00:00,25.701,130.0,False,43550.0,7.417,0.5,2025-06-28 11:45:00,29.122,3.243,175.0,False
2025,S3_S4,east,S3,2025-06-28_S3_S4_d9252a87,VWC_3_raw_S3_B,3,18,B,2025-06-28 08:50:00,2025-06-28 16:15:00,2025-06-27 20:50:00,2025-06-29 14:50:00,36.531,0.25,,,,,43550.0,7.417,0.5,2025-06-28 06:00:00,31.459,0.707,-170.0,True
2025,S3_S4,east,S3,2025-06-28_S3_S4_d9252a87,VWC_1_raw_S3_M,1,6,M,2025-06-28 08:50:00,2025-06-28 16:15:00,2025-06-27 20:50:00,2025-06-29 14:50:00,16.017,0.25,2025-06-28 10:15:00,33.743,85.0,False,43550.0,7.417,0.5,2025-06-28 10:15:00,33.743,17.73,85.0,False
2025,S3_S4,east,S3,2025-06-28_S3_S4_d9252a87,VWC_2_raw_S3_M,2,12,M,2025-06-28 08:50:00,2025-06-28 16:15:00,2025-06-27 20:50:00,2025-06-29 14:50:00,26.338,0.25,2025-06-28 09:30:00,27.046,40.0,False,43550.0,7.417,0.5,2025-06-28 10:15:00,35.691,8.442,85.0,False
2025,S3_S4,east,S3,2025-06-28_S3_S4_d9252a87,VWC_3_raw_S3_M,3,18,M,2025-06-28 08:50:00,2025-06-28 16:15:00,2025-06-27 20:50:00,2025-06-29 14:50:00,36.174,0.25,2025-06-28 09:30:00,36.722,40.0,False,43550.0,7.417,0.5,2025-06-28 10:15:00,38.353,1.441,85.0,False
2025,S3_S4,east,S3,2025-06-28_S3_S4_d9252a87,VWC_1_raw_S3_T,1,6,T,2025-06-28 08:50:00,2025-06-28 16:15:00,2025-06-27 20:50:00,2025-06-29 14:50:00,21.034,0.25,2025-06-28 11:15:00,24.504,145.0,False,43550.0,7.417,0.5,2025-06-28 11:15:00,24.504,3.271,145.0,False
2025,S3_S4,east,S3,2025-06-28_S3_S4_d9252a87,VWC_2_raw_S3_T,2,12,T,2025-06-28 08:50:00,2025-06-28 16:15:00,2025-06-27 20:50:00,2025-06-29 14:50:00,23.694,0.25,2025-06-28 12:15:00,24.829,205.0,False,43550.0,7.417,0.5,2025-06-28 12:15:00,24.829,1.129,205.0,False
2025,S3_S4,east,S3,2025-06-28_S3_S4_d9252a87,VWC_3_raw_S3_T,3,18,T,2025-06-28 08:50:00,2025-06-28 16:15:00,2025-06-27 20:50:00,2025-06-29 14:50:00,38.896,0.25,2025-06-28 14:00:00,39.186,310.0,False,43550.0,7.417,0.5,,,,,
2025,S3_S4,east,S4,2025-06-28_S3_S4_d9252a87,VWC_1_raw_S4_B,1,6,B,2025-06-28 08:50:00,2025-06-28 16:15:00,2025-06-27 20:50:00,2025-06-29 14:50:00,35.828,0.25,2025-06-28 11:45:00,36.081,175.0,False,43550.0,7.417,0.5,2025-06-28 13:00:00,38.36,0.805,250.0,False
2025,S3_S4,east,S4,2025-06-28_S3_S4_d9252a87,VWC_2_raw_S4_B,2,12,B,2025-06-28 08:50:00,2025-06-28 16:15:00,2025-06-27 20:50:00,2025-06-29 14:50:00,36.128,0.25,2025-06-28 11:45:00,36.627,175.0,False,43550.0,7.417,0.5,2025-06-28 12:45:00,38.821,0.774,235.0,False
2025,S3_S4,east,S4,2025-06-28_S3_S4_d9252a87,VWC_3_raw_S4_B,3,18,B,2025-06-28 08:50:00,2025-06-28 16:15:00,2025-06-27 20:50:00,2025-06-29 14:50:00,39.962,0.25,,,,,43550.0,7.417,0.5,,,,,
2025,S3_S4,east,S4,2025-06-28_S3_S4_d9252a87,VWC_1_raw_S4_M,1,6,M,2025-06-28 08:50:00,2025-06-28 16:15:00,2025-06-27 20:50:00,2025-06-29 14:50:00,25.53,0.25,2025-06-28 12:00:00,25.927,190.0,False,43550.0,7.417,0.5,2025-06-28 12:15:00,27.13,1.203,205.0,False
2025,S3_S4,east,S4,2025-06-28_S3_S4_d9252a87,VWC_2_raw_S4_M,2,12,M,2025-06-28 08:50:00,2025-06-28 16:15:00,2025-06-27 20:50:00,2025-06-29 14:50:00,27.644,0.25,2025-06-28 11:15:00,27.941,145.0,False,43550.0,7.417,0.5,2025-06-28 11:45:00,28.865,0.548,175.0,False
2025,S3_S4,east,S4,2025-06-28_S3_S4_d9252a87,VWC_3_raw_S4_M,3,18,M,2025-06-28 08:50:00,2025-06-28 16:15:00,2025-06-27 20:50:00,2025-06-29 14:50:00,32.729,0.25,2025-06-28 11:45:00,33.013,175.0,False,43550.0,7.417,0.5,2025-06-28 12:15:00,33.839,0.51,205.0,False
2025,S3_S4,east,S4,2025-06-28_S3_S4_d9252a87,VWC_1_raw_S4_T,1,6,T,2025-06-28 08:50:00,2025-06-28 16:15:00,2025-06-27 20:50:00,2025-06-29 14:50:00,10.872,0.25,2025-06-28 09:30:00,37.708,40.0,False,43550.0,7.417,0.5,2025-06-28 09:30:00,37.708,26.817,40.0,False
2025,S3_S4,east,S4,2025-06-28_S3_S4_d9252a87,VWC_2_raw_S4_T,2,12,T,2025-06-28 08:50:00,2025-06-28 16:15:00,2025-06-27 20:50:00,2025-06-29 14:50:00,19.752,0.25,2025-06-28 09:30:00,36.203,40.0,False,43550.0,7.417,0.5,2025-06-28 09:30:00,36.203,16.496,40.0,False
2025,S3_S4,east,S4,2025-06-28_S3_S4_d9252a87,VWC_3_raw_S4_T,3,18,T,2025-06-28 08:50:00,2025-06-28 16:15:00,2025-06-27 20:50:00,2025-06-29 14:50:00,32.45,0.25,2025-06-28 09:15:00,32.882,25.0,False,43550.0,7.417,0.5,2025-06-28 09:30:00,40.461,7.579,40.0,False
2025,S3_S4,east,S3,2025-07-11_S3_S4_e179d57e,VWC_1_raw_S3_B,1,6,B,2025-07-11 08:30:00,2025-07-11 18:12:00,2025-07-10 20:30:00,2025-07-12 14:30:00,24.935,0.25,2025-07-11 11:15:00,25.367,165.0,False,46400.0,9.7,0.5,2025-07-11 11:15:00,25.367,0.6,165.0,False
2025,S3_S4,east,S3,2025-07-11_S3_S4_e179d57e,VWC_2_raw_S3_B,2,12,B,2025-07-11 08:30:00,2025-07-11 18:12:00,2025-07-10 20:30:00,2025-07-12 14:30:00,28.431,0.25,2025-07-11 11:30:00,31.023,180.0,False,46400.0,9.7,0.5,2025-07-11 11:30:00,31.023,2.74,180.0,False
2025,S3_S4,east,S3,2025-07-11_S3_S4_e179d57e,VWC_3_raw_S3_B,3,18,B,2025-07-11 08:30:00,2025-07-11 18:12:00,2025-07-10 20:30:00,2025-07-12 14:30:00,22.516,0.25,2025-07-11 11:30:00,24.178,180.0,False,46400.0,9.7,0.5,2025-07-11 11:30:00,24.178,1.893,180.0,False
2025,S3_S4,east,S3,2025-07-11_S3_S4_e179d57e,VWC_1_raw_S3_M,1,6,M,2025-07-11 08:30:00,2025-07-11 18:12:00,2025-07-10 20:30:00,2025-07-12 14:30:00,21.205,0.25,2025-07-11 09:45:00,27.081,75.0,False,46400.0,9.7,0.5,2025-07-11 09:45:00,27.081,5.948,75.0,False
2025,S3_S4,east,S3,2025-07-11_S3_S4_e179d57e,VWC_2_raw_S3_M,2,12,M,2025-07-11 08:30:00,2025-07-11 18:12:00,2025-07-10 20:30:00,2025-07-12 14:30:00,28.585,0.25,2025-07-11 09:45:00,31.978,75.0,False,46400.0,9.7,0.5,2025-07-11 09:45:00,31.978,3.44,75.0,False
2025,S3_S4,east,S3,2025-07-11_S3_S4_e179d57e,VWC_3_raw_S3_M,3,18,M,2025-07-11 08:30:00,2025-07-11 18:12:00,2025-07-10 20:30:00,2025-07-12 14:30:00,36.835,0.25,2025-07-11 10:00:00,40.065,90.0,False,46400.0,9.7,0.5,2025-07-11 10:00:00,40.065,3.17,90.0,False
2025,S3_S4,east,S3,2025-07-11_S3_S4_e179d57e,VWC_1_raw_S3_T,1,6,T,2025-07-11 08:30:00,2025-07-11 18:12:00,2025-07-10 20:30:00,2025-07-12 14:30:00,23.479,0.25,2025-07-11 11:00:00,28.234,150.0,False,46400.0,9.7,0.5,2025-07-11 11:00:00,28.234,4.713,150.0,False
2025,S3_S4,east,S3,2025-07-11_S3_S4_e179d57e,VWC_2_raw_S3_T,2,12,T,2025-07-11 08:30:00,2025-07-11 18:12:00,2025-07-10 20:30:00,2025-07-12 14:30:00,25.542,0.25,2025-07-11 12:30:00,27.36,240.0,False,46400.0,9.7,0.5,2025-07-11 12:30:00,27.36,1.943,240.0,False
2025,S3_S4,east,S3,2025-07-11_S3_S4_e179d57e,VWC_3_raw_S3_T,3,18,T,2025-07-11 08:30:00,2025-07-11 18:12:00,2025-07-10 20:30:00,2025-07-12 14:30:00,40.395,0.25,2025-07-11 13:15:00,40.749,285.0,False,46400.0,9.7,0.5,2025-07-11 15:00:00,43.245,0.907,390.0,False
2025,S3_S4,east,S4,2025-07-11_S3_S4_e179d57e,VWC_1_raw_S4_B,1,6,B,2025-07-11 08:30:00,2025-07-11 18:12:00,2025-07-10 20:30:00,2025-07-12 14:30:00,34.006,0.25,2025-07-11 12:45:00,34.326,255.0,False,46400.0,9.7,0.5,2025-07-11 13:30:00,35.827,0.662,300.0,False
2025,S3_S4,east,S4,2025-07-11_S3_S4_e179d57e,VWC_2_raw_S4_B,2,12,B,2025-07-11 08:30:00,2025-07-11 18:12:00,2025-07-10 20:30:00,2025-07-12 14:30:00,34.852,0.25,2025-07-11 12:45:00,35.149,255.0,False,46400.0,9.7,0.5,2025-07-11 13:45:00,36.675,0.68,315.0,False
2025,S3_S4,east,S4,2025-07-11_S3_S4_e179d57e,VWC_3_raw_S4_B,3,18,B,2025-07-11 08:30:00,2025-07-11 18:12:00,2025-07-10 20:30:00,2025-07-12 14:30:00,37.967,0.25,2025-07-11 12:15:00,38.269,225.0,False,46400.0,9.7,0.5,2025-07-11 14:00:00,40.27,0.823,330.0,False
2025,S3_S4,east,S4,2025-07-11_S3_S4_e179d57e,VWC_1_raw_S4_M,1,6,M,2025-07-11 08:30:00,2025-07-11 18:12:00,2025-07-10 20:30:00,2025-07-12 14:30:00,18.967,0.25,2025-07-11 12:00:00,23.539,210.0,False,46400.0,9.7,0.5,2025-07-11 11:45:00,19.149,0.699,195.0,False
2025,S3_S4,east,S4,2025-07-11_S3_S4_e179d57e,VWC_2_raw_S4_M,2,12,M,2025-07-11 08:30:00,2025-07-11 18:12:00,2025-07-10 20:30:00,2025-07-12 14:30:00,26.155,0.25,2025-07-11 11:30:00,28.288,180.0,False,46400.0,9.7,0.5,2025-07-11 11:30:00,28.288,2.007,180.0,False
2025,S3_S4,east,S4,2025-07-11_S3_S4_e179d57e,VWC_3_raw_S4_M,3,18,M,2025-07-11 08:30:00,2025-07-11 18:12:00,2025-07-10 20:30:00,2025-07-12 14:30:00,32.419,0.25,2025-07-11 11:45:00,33.027,195.0,False,46400.0,9.7,0.5,2025-07-11 12:00:00,33.677,0.65,210.0,False
2025,S3_S4,east,S4,2025-07-11_S3_S4_e179d57e,VWC_1_raw_S4_T,1,6,T,2025-07-11 08:30:00,2025-07-11 18:12:00,2025-07-10 20:30:00,2025-07-12 14:30:00,13.031,0.25,2025-07-11 09:00:00,19.18,30.0,False,46400.0,9.7,0.5,2025-07-11 09:00:00,19.18,6.149,30.0,False
2025,S3_S4,east,S4,2025-07-11_S3_S4_e179d57e,VWC_2_raw_S4_T,2,12,T,2025-07-11 08:30:00,2025-07-11 18:12:00,2025-07-10 20:30:00,2025-07-12 14:30:00,24.109,0.25,2025-07-11 09:00:00,28.451,30.0,False,46400.0,9.7,0.5,2025-07-11 09:00:00,28.451,4.36,30.0,False
2025,S3_S4,east,S4,2025-07-11_S3_S4_e179d57e,VWC_3_raw_S4_T,3,18,T,2025-07-11 08:30:00,2025-07-11 18:12:00,2025-07-10 20:30:00,2025-07-12 14:30:00,33.561,0.25,2025-07-11 09:00:00,36.35,30.0,False,46400.0,9.7,0.5,2025-07-11 09:00:00,36.35,2.805,30.0,False
2025,S3_S4,east,S3,2025-07-26_S3_S4_b4053dcf,VWC_1_raw_S3_B,1,6,B,2025-07-26 08:45:00,2025-07-26 17:50:00,2025-07-25 20:45:00,2025-07-27 14:45:00,10.447,0.25,2025-07-26 12:15:00,16.486,210.0,False,53225.0,9.083,0.5,2025-07-26 12:15:00,16.486,5.878,210.0,False
2025,S3_S4,east,S3,2025-07-26_S3_S4_b4053dcf,VWC_2_raw_S3_B,2,12,B,2025-07-26 08:45:00,2025-07-26 17:50:00,2025-07-25 20:45:00,2025-07-27 14:45:00,13.363,0.25,2025-07-26 12:45:00,15.444,240.0,False,53225.0,9.083,0.5,2025-07-26 12:45:00,15.444,2.159,240.0,False
2025,S3_S4,east,S3,2025-07-26_S3_S4_b4053dcf,VWC_3_raw_S3_B,3,18,B,2025-07-26 08:45:00,2025-07-26 17:50:00,2025-07-25 20:45:00,2025-07-27 14:45:00,16.438,0.25,2025-07-26 13:00:00,17.112,255.0,False,53225.0,9.083,0.5,2025-07-26 13:00:00,17.112,0.948,255.0,False
2025,S3_S4,east,S3,2025-07-26_S3_S4_b4053dcf,VWC_1_raw_S3_M,1,6,M,2025-07-26 08:45:00,2025-07-26 17:50:00,2025-07-25 20:45:00,2025-07-27 14:45:00,12.863,0.25,2025-07-26 10:15:00,29.999,90.0,False,53225.0,9.083,0.5,2025-07-26 10:15:00,29.999,17.142,90.0,False
2025,S3_S4,east,S3,2025-07-26_S3_S4_b4053dcf,VWC_2_raw_S3_M,2,12,M,2025-07-26 08:45:00,2025-07-26 17:50:00,2025-07-25 20:45:00,2025-07-27 14:45:00,21.319,0.25,2025-07-26 10:15:00,32.597,90.0,False,53225.0,9.083,0.5,2025-07-26 10:15:00,32.597,11.406,90.0,False
2025,S3_S4,east,S3,2025-07-26_S3_S4_b4053dcf,VWC_3_raw_S3_M,3,18,M,2025-07-26 08:45:00,2025-07-26 17:50:00,2025-07-25 20:45:00,2025-07-27 14:45:00,32.773,0.25,2025-07-26 10:15:00,34.207,90.0,False,53225.0,9.083,0.5,2025-07-26 10:15:00,34.207,1.498,90.0,False
2025,S3_S4,east,S3,2025-07-26_S3_S4_b4053dcf,VWC_1_raw_S3_T,1,6,T,2025-07-26 08:45:00,2025-07-26 17:50:00,2025-07-25 20:45:00,2025-07-27 14:45:00,20.813,0.25,2025-07-26 11:45:00,21.305,180.0,False,53225.0,9.083,0.5,2025-07-26 11:45:00,21.305,0.511,180.0,False
2025,S3_S4,east,S3,2025-07-26_S3_S4_b4053dcf,VWC_2_raw_S3_T,2,12,T,2025-07-26 08:45:00,2025-07-26 17:50:00,2025-07-25 20:45:00,2025-07-27 14:45:00,22.868,0.25,2025-07-26 14:15:00,24.372,330.0,False,53225.0,9.083,0.5,2025-07-26 14:15:00,24.372,1.599,330.0,False
2025,S3_S4,east,S3,2025-07-26_S3_S4_b4053dcf,VWC_3_raw_S3_T,3,18,T,2025-07-26 08:45:00,2025-07-26 17:50:00,2025-07-25 20:45:00,2025-07-27 14:45:00,38.979,0.25,2025-07-26 16:00:00,39.473,435.0,False,53225.0,9.083,0.5,,,,,
2025,S3_S4,east,S4,2025-07-26_S3_S4_b4053dcf,VWC_1_raw_S4_B,1,6,B,2025-07-26 08:45:00,2025-07-26 17:50:00,2025-07-25 20:45:00,2025-07-27 14:45:00,24.153,0.25,2025-07-26 16:30:00,24.464,465.0,False,53225.0,9.083,0.5,2025-07-26 16:45:00,25.857,1.393,480.0,False
2025,S3_S4,east,S4,2025-07-26_S3_S4_b4053dcf,VWC_2_raw_S4_B,2,12,B,2025-07-26 08:45:00,2025-07-26 17:50:00,2025-07-25 20:45:00,2025-07-27 14:45:00,33.746,0.25,2025-07-26 16:45:00,34.022,480.0,False,53225.0,9.083,0.5,2025-07-26 18:30:00,36.62,0.829,585.0,False
2025,S3_S4,east,S4,2025-07-26_S3_S4_b4053dcf,VWC_3_raw_S4_B,3,18,B,2025-07-26 08:45:00,2025-07-26 17:50:00,2025-07-25 20:45:00,2025-07-27 14:45:00,35.728,0.25,2025-07-26 18:00:00,38.177,555.0,False,53225.0,9.083,0.5,2025-07-26 18:45:00,38.989,0.514,600.0,False
2025,S3_S4,east,S4,2025-07-26_S3_S4_b4053dcf,VWC_1_raw_S4_M,1,6,M,2025-07-26 08:45:00,2025-07-26 17:50:00,2025-07-25 20:45:00,2025-07-27 14:45:00,12.475,0.25,2025-07-26 12:45:00,13.105,240.0,False,53225.0,9.083,0.5,2025-07-26 13:00:00,15.835,2.73,255.0,False
2025,S3_S4,east,S4,2025-07-26_S3_S4_b4053dcf,VWC_2_raw_S4_M,2,12,M,2025-07-26 08:45:00,2025-07-26 17:50:00,2025-07-25 20:45:00,2025-07-27 14:45:00,12.39,0.25,2025-07-26 13:00:00,15.402,255.0,False,53225.0,9.083,0.5,2025-07-26 13:00:00,15.402,3.1,255.0,False
2025,S3_S4,east,S4,2025-07-26_S3_S4_b4053dcf,VWC_3_raw_S4_M,3,18,M,2025-07-26 08:45:00,2025-07-26 17:50:00,2025-07-25 20:45:00,2025-07-27 14:45:00,23.157,0.25,2025-07-26 13:45:00,25.365,300.0,False,53225.0,9.083,0.5,2025-07-26 13:45:00,25.365,2.712,300.0,False
2025,S3_S4,east,S4,2025-07-26_S3_S4_b4053dcf,VWC_1_raw_S4_T,1,6,T,2025-07-26 08:45:00,2025-07-26 17:50:00,2025-07-25 20:45:00,2025-07-27 14:45:00,10.303,0.25,2025-07-26 09:30:00,34.156,45.0,False,53225.0,9.083,0.5,2025-07-26 09:30:00,34.156,23.844,45.0,False
2025,S3_S4,east,S4,2025-07-26_S3_S4_b4053dcf,VWC_2_raw_S4_T,2,12,T,2025-07-26 08:45:00,2025-07-26 17:50:00,2025-07-25 20:45:00,2025-07-27 14:45:00,18.477,0.25,2025-07-26 09:30:00,34.775,45.0,False,53225.0,9.083,0.5,2025-07-26 09:30:00,34.775,16.346,45.0,False
2025,S3_S4,east,S4,2025-07-26_S3_S4_b4053dcf,VWC_3_raw_S4_T,3,18,T,2025-07-26 08:45:00,2025-07-26 17:50:00,2025-07-25 20:45:00,2025-07-27 14:45:00,31.368,0.25,2025-07-26 09:30:00,39.891,45.0,False,53225.0,9.083,0.5,2025-07-26 09:30:00,39.891,8.508,45.0,False
2025,S3_S4,east,S3,2025-08-08_S3_S4_7c793582,VWC_1_raw_S3_B,1,6,B,2025-08-08 13:14:00,2025-08-08 19:28:00,2025-08-08 01:14:00,2025-08-09 19:14:00,20.313,0.25,2025-08-08 16:30:00,22.748,196.0,False,38750.0,6.233,0.5,2025-08-08 16:30:00,22.748,3.309,196.0,False
2025,S3_S4,east,S3,2025-08-08_S3_S4_7c793582,VWC_2_raw_S3_B,2,12,B,2025-08-08 13:14:00,2025-08-08 19:28:00,2025-08-08 01:14:00,2025-08-09 19:14:00,25.633,0.25,2025-08-08 17:00:00,27.43,226.0,False,38750.0,6.233,0.5,2025-08-08 16:45:00,25.567,0.985,211.0,False
2025,S3_S4,east,S3,2025-08-08_S3_S4_7c793582,VWC_3_raw_S3_B,3,18,B,2025-08-08 13:14:00,2025-08-08 19:28:00,2025-08-08 01:14:00,2025-08-09 19:14:00,20.524,0.25,2025-08-08 17:00:00,21.437,226.0,False,38750.0,6.233,0.5,2025-08-08 17:00:00,21.437,1.014,226.0,False
2025,S3_S4,east,S3,2025-08-08_S3_S4_7c793582,VWC_1_raw_S3_M,1,6,M,2025-08-08 13:14:00,2025-08-08 19:28:00,2025-08-08 01:14:00,2025-08-09 19:14:00,15.612,0.25,2025-08-08 14:45:00,28.133,91.0,False,38750.0,6.233,0.5,2025-08-08 14:45:00,28.133,12.839,91.0,False
2025,S3_S4,east,S3,2025-08-08_S3_S4_7c793582,VWC_2_raw_S3_M,2,12,M,2025-08-08 13:14:00,2025-08-08 19:28:00,2025-08-08 01:14:00,2025-08-09 19:14:00,25.186,0.25,2025-08-08 14:45:00,30.103,91.0,False,38750.0,6.233,0.5,2025-08-08 14:45:00,30.103,5.283,91.0,False
2025,S3_S4,east,S3,2025-08-08_S3_S4_7c793582,VWC_3_raw_S3_M,3,18,M,2025-08-08 13:14:00,2025-08-08 19:28:00,2025-08-08 01:14:00,2025-08-09 19:14:00,35.634,0.25,2025-08-08 14:45:00,36.205,91.0,False,38750.0,6.233,0.5,2025-08-08 14:45:00,36.205,0.627,91.0,False
2025,S3_S4,east,S3,2025-08-08_S3_S4_7c793582,VWC_1_raw_S3_T,1,6,T,2025-08-08 13:14:00,2025-08-08 19:28:00,2025-08-08 01:14:00,2025-08-09 19:14:00,21.53,0.25,2025-08-08 15:45:00,21.937,151.0,False,38750.0,6.233,0.5,2025-08-08 16:30:00,23.072,0.889,196.0,False
2025,S3_S4,east,S3,2025-08-08_S3_S4_7c793582,VWC_2_raw_S3_T,2,12,T,2025-08-08 13:14:00,2025-08-08 19:28:00,2025-08-08 01:14:00,2025-08-09 19:14:00,23.552,0.25,,,,,38750.0,6.233,0.5,,,,,
2025,S3_S4,east,S3,2025-08-08_S3_S4_7c793582,VWC_3_raw_S3_T,3,18,T,2025-08-08 13:14:00,2025-08-08 19:28:00,2025-08-08 01:14:00,2025-08-09 19:14:00,38.857,0.25,,,,,38750.0,6.233,0.5,,,,,
2025,S3_S4,east,S4,2025-08-08_S3_S4_7c793582,VWC_1_raw_S4_B,1,6,B,2025-08-08 13:14:00,2025-08-08 19:28:00,2025-08-08 01:14:00,2025-08-09 19:14:00,31.647,0.25,2025-08-08 20:00:00,32.301,406.0,False,38750.0,6.233,0.5,2025-08-08 21:00:00,33.692,0.731,466.0,False
2025,S3_S4,east,S4,2025-08-08_S3_S4_7c793582,VWC_2_raw_S4_B,2,12,B,2025-08-08 13:14:00,2025-08-08 19:28:00,2025-08-08 01:14:00,2025-08-09 19:14:00,34.234,0.25,2025-08-08 21:00:00,34.935,466.0,False,38750.0,6.233,0.5,,,,,
2025,S3_S4,east,S4,2025-08-08_S3_S4_7c793582,VWC_3_raw_S4_B,3,18,B,2025-08-08 13:14:00,2025-08-08 19:28:00,2025-08-08 01:14:00,2025-08-09 19:14:00,37.748,0.25,,,,,38750.0,6.233,0.5,,,,,
2025,S3_S4,east,S4,2025-08-08_S3_S4_7c793582,VWC_1_raw_S4_M,1,6,M,2025-08-08 13:14:00,2025-08-08 19:28:00,2025-08-08 01:14:00,2025-08-09 19:14:00,13.625,0.25,2025-08-08 16:30:00,17.574,196.0,False,38750.0,6.233,0.5,2025-08-08 16:30:00,17.574,4.163,196.0,False
2025,S3_S4,east,S4,2025-08-08_S3_S4_7c793582,VWC_2_raw_S4_M,2,12,M,2025-08-08 13:14:00,2025-08-08 19:28:00,2025-08-08 01:14:00,2025-08-09 19:14:00,19.7,0.25,2025-08-08 16:45:00,26.875,211.0,False,38750.0,6.233,0.5,2025-08-08 16:45:00,26.875,7.838,211.0,False
2025,S3_S4,east,S4,2025-08-08_S3_S4_7c793582,VWC_3_raw_S4_M,3,18,M,2025-08-08 13:14:00,2025-08-08 19:28:00,2025-08-08 01:14:00,2025-08-09 19:14:00,30.544,0.25,2025-08-08 17:00:00,31.988,226.0,False,38750.0,6.233,0.5,2025-08-08 17:00:00,31.988,1.853,226.0,False
2025,S3_S4,east,S4,2025-08-08_S3_S4_7c793582,VWC_1_raw_S4_T,1,6,T,2025-08-08 13:14:00,2025-08-08 19:28:00,2025-08-08 01:14:00,2025-08-09 19:14:00,11.032,0.25,2025-08-08 14:00:00,34.986,46.0,False,38750.0,6.233,0.5,2025-08-08 14:00:00,34.986,23.972,46.0,False
2025,S3_S4,east,S4,2025-08-08_S3_S4_7c793582,VWC_2_raw_S4_T,2,12,T,2025-08-08 13:14:00,2025-08-08 19:28:00,2025-08-08 01:14:00,2025-08-09 19:14:00,20.411,0.25,2025-08-08 14:00:00,35.73,46.0,False,38750.0,6.233,0.5,2025-08-08 14:00:00,35.73,15.535,46.0,False
2025,S3_S4,east,S4,2025-08-08_S3_S4_7c793582,VWC_3_raw_S4_T,3,18,T,2025-08-08 13:14:00,2025-08-08 19:28:00,2025-08-08 01:14:00,2025-08-09 19:14:00,32.442,0.25,2025-08-08 13:45:00,32.849,31.0,False,38750.0,6.233,0.5,2025-08-08 14:00:00,40.233,7.384,46.0,False
2025,S3_S4,east,S3,2025-08-22_S3_S4_1b405e4b,VWC_1_raw_S3_B,1,6,B,2025-08-22 09:07:00,2025-08-22 19:04:00,2025-08-21 21:07:00,2025-08-23 15:07:00,12.074,0.25,2025-08-22 16:30:00,12.532,443.0,False,30625.0,9.95,0.5,2025-08-22 16:30:00,12.532,0.522,443.0,False
2025,S3_S4,east,S3,2025-08-22_S3_S4_1b405e4b,VWC_2_raw_S3_B,2,12,B,2025-08-22 09:07:00,2025-08-22 19:04:00,2025-08-21 21:07:00,2025-08-23 15:07:00,14.714,0.25,2025-08-22 17:30:00,15.925,503.0,False,30625.0,9.95,0.5,2025-08-22 17:30:00,15.925,1.575,503.0,False
2025,S3_S4,east,S3,2025-08-22_S3_S4_1b405e4b,VWC_3_raw_S3_B,3,18,B,2025-08-22 09:07:00,2025-08-22 19:04:00,2025-08-21 21:07:00,2025-08-23 15:07:00,15.048,0.25,2025-08-22 18:15:00,16.245,548.0,False,30625.0,9.95,0.5,2025-08-22 18:15:00,16.245,1.542,548.0,False
2025,S3_S4,east,S3,2025-08-22_S3_S4_1b405e4b,VWC_1_raw_S3_M,1,6,M,2025-08-22 09:07:00,2025-08-22 19:04:00,2025-08-21 21:07:00,2025-08-23 15:07:00,13.432,0.25,2025-08-22 14:30:00,28.497,323.0,False,30625.0,9.95,0.5,2025-08-22 14:30:00,28.497,15.442,323.0,False
2025,S3_S4,east,S3,2025-08-22_S3_S4_1b405e4b,VWC_2_raw_S3_M,2,12,M,2025-08-22 09:07:00,2025-08-22 19:04:00,2025-08-21 21:07:00,2025-08-23 15:07:00,21.259,0.25,2025-08-22 14:30:00,28.918,323.0,False,30625.0,9.95,0.5,2025-08-22 14:30:00,28.918,8.415,323.0,False
2025,S3_S4,east,S3,2025-08-22_S3_S4_1b405e4b,VWC_3_raw_S3_M,3,18,M,2025-08-22 09:07:00,2025-08-22 19:04:00,2025-08-21 21:07:00,2025-08-23 15:07:00,31.552,0.25,2025-08-22 14:30:00,31.836,323.0,False,30625.0,9.95,0.5,2025-08-22 14:30:00,31.836,0.532,323.0,False
2025,S3_S4,east,S3,2025-08-22_S3_S4_1b405e4b,VWC_1_raw_S3_T,1,6,T,2025-08-22 09:07:00,2025-08-22 19:04:00,2025-08-21 21:07:00,2025-08-23 15:07:00,20.148,0.25,2025-08-22 16:15:00,20.747,428.0,False,30625.0,9.95,0.5,2025-08-22 17:00:00,22.595,1.465,473.0,False
2025,S3_S4,east,S3,2025-08-22_S3_S4_1b405e4b,VWC_2_raw_S3_T,2,12,T,2025-08-22 09:07:00,2025-08-22 19:04:00,2025-08-21 21:07:00,2025-08-23 15:07:00,24.116,0.25,,,,,30625.0,9.95,0.5,,,,,
2025,S3_S4,east,S3,2025-08-22_S3_S4_1b405e4b,VWC_3_raw_S3_T,3,18,T,2025-08-22 09:07:00,2025-08-22 19:04:00,2025-08-21 21:07:00,2025-08-23 15:07:00,42.427,0.25,,,,,30625.0,9.95,0.5,,,,,
2025,S3_S4,east,S4,2025-08-22_S3_S4_1b405e4b,VWC_1_raw_S4_B,1,6,B,2025-08-22 09:07:00,2025-08-22 19:04:00,2025-08-21 21:07:00,2025-08-23 15:07:00,21.712,0.25,,,,,30625.0,9.95,0.5,,,,,
2025,S3_S4,east,S4,2025-08-22_S3_S4_1b405e4b,VWC_2_raw_S4_B,2,12,B,2025-08-22 09:07:00,2025-08-22 19:04:00,2025-08-21 21:07:00,2025-08-23 15:07:00,32.867,0.25,,,,,30625.0,9.95,0.5,,,,,
2025,S3_S4,east,S4,2025-08-22_S3_S4_1b405e4b,VWC_3_raw_S4_B,3,18,B,2025-08-22 09:07:00,2025-08-22 19:04:00,2025-08-21 21:07:00,2025-08-23 15:07:00,33.404,0.25,,,,,30625.0,9.95,0.5,,,,,
2025,S3_S4,east,S4,2025-08-22_S3_S4_1b405e4b,VWC_1_raw_S4_M,1,6,M,2025-08-22 09:07:00,2025-08-22 19:04:00,2025-08-21 21:07:00,2025-08-23 15:07:00,12.264,0.25,2025-08-22 17:30:00,15.758,503.0,False,30625.0,9.95,0.5,2025-08-22 17:30:00,15.758,3.456,503.0,False
2025,S3_S4,east,S4,2025-08-22_S3_S4_1b405e4b,VWC_2_raw_S4_M,2,12,M,2025-08-22 09:07:00,2025-08-22 19:04:00,2025-08-21 21:07:00,2025-08-23 15:07:00,11.992,0.25,2025-08-22 18:00:00,18.13,533.0,False,30625.0,9.95,0.5,2025-08-22 18:00:00,18.13,6.262,533.0,False
2025,S3_S4,east,S4,2025-08-22_S3_S4_1b405e4b,VWC_3_raw_S4_M,3,18,M,2025-08-22 09:07:00,2025-08-22 19:04:00,2025-08-21 21:07:00,2025-08-23 15:07:00,17.363,0.25,2025-08-22 18:45:00,20.651,578.0,False,30625.0,9.95,0.5,2025-08-22 18:30:00,16.595,0.648,563.0,False
2025,S3_S4,east,S4,2025-08-22_S3_S4_1b405e4b,VWC_1_raw_S4_T,1,6,T,2025-08-22 09:07:00,2025-08-22 19:04:00,2025-08-21 21:07:00,2025-08-23 15:07:00,10.319,0.25,2025-08-22 13:15:00,10.621,248.0,False,30625.0,9.95,0.5,2025-08-22 13:30:00,29.45,18.829,263.0,False
2025,S3_S4,east,S4,2025-08-22_S3_S4_1b405e4b,VWC_2_raw_S4_T,2,12,T,2025-08-22 09:07:00,2025-08-22 19:04:00,2025-08-21 21:07:00,2025-08-23 15:07:00,17.667,0.25,2025-08-22 13:30:00,30.936,263.0,False,30625.0,9.95,0.5,2025-08-22 13:30:00,30.936,13.754,263.0,False
2025,S3_S4,east,S4,2025-08-22_S3_S4_1b405e4b,VWC_3_raw_S4_T,3,18,T,2025-08-22 09:07:00,2025-08-22 19:04:00,2025-08-21 21:07:00,2025-08-23 15:07:00,30.372,0.25,2025-08-22 13:15:00,31.085,248.0,False,30625.0,9.95,0.5,2025-08-22 13:15:00,31.085,0.901,248.0,False
2025,S3_S4,east,S3,2025-09-20_S3_S4_f86ee2c5,VWC_1_raw_S3_B,1,6,B,2025-09-20 10:42:00,2025-09-20 17:31:00,2025-09-19 22:42:00,2025-09-21 16:42:00,16.338,0.25,2025-09-20 13:45:00,17.511,183.0,False,86100.0,6.817,0.5,2025-09-20 13:45:00,17.511,1.205,183.0,False
2025,S3_S4,east,S3,2025-09-20_S3_S4_f86ee2c5,VWC_2_raw_S3_B,2,12,B,2025-09-20 10:42:00,2025-09-20 17:31:00,2025-09-19 22:42:00,2025-09-21 16:42:00,22.922,0.25,2025-09-20 14:00:00,23.414,198.0,False,86100.0,6.817,0.5,2025-09-20 14:00:00,23.414,0.559,198.0,False
2025,S3_S4,east,S3,2025-09-20_S3_S4_f86ee2c5,VWC_3_raw_S3_B,3,18,B,2025-09-20 10:42:00,2025-09-20 17:31:00,2025-09-19 22:42:00,2025-09-21 16:42:00,21.532,0.25,2025-09-20 14:15:00,22.398,213.0,False,86100.0,6.817,0.5,2025-09-20 14:15:00,22.398,0.87,213.0,False
2025,S3_S4,east,S3,2025-09-20_S3_S4_f86ee2c5,VWC_1_raw_S3_M,1,6,M,2025-09-20 10:42:00,2025-09-20 17:31:00,2025-09-19 22:42:00,2025-09-21 16:42:00,18.106,0.25,2025-09-20 12:15:00,23.533,93.0,False,86100.0,6.817,0.5,2025-09-20 12:15:00,23.533,5.57,93.0,False
2025,S3_S4,east,S3,2025-09-20_S3_S4_f86ee2c5,VWC_2_raw_S3_M,2,12,M,2025-09-20 10:42:00,2025-09-20 17:31:00,2025-09-19 22:42:00,2025-09-21 16:42:00,23.682,0.25,2025-09-20 12:15:00,26.493,93.0,False,86100.0,6.817,0.5,2025-09-20 12:15:00,26.493,2.944,93.0,False
2025,S3_S4,east,S3,2025-09-20_S3_S4_f86ee2c5,VWC_3_raw_S3_M,3,18,M,2025-09-20 10:42:00,2025-09-20 17:31:00,2025-09-19 22:42:00,2025-09-21 16:42:00,32.816,0.25,2025-09-20 12:30:00,38.433,108.0,False,86100.0,6.817,0.5,2025-09-20 12:30:00,38.433,5.596,108.0,False
2025,S3_S4,east,S3,2025-09-20_S3_S4_f86ee2c5,VWC_1_raw_S3_T,1,6,T,2025-09-20 10:42:00,2025-09-20 17:31:00,2025-09-19 22:42:00,2025-09-21 16:42:00,18.82,0.25,2025-09-20 14:00:00,19.115,198.0,False,86100.0,6.817,0.5,2025-09-20 14:45:00,20.231,0.915,243.0,False
2025,S3_S4,east,S3,2025-09-20_S3_S4_f86ee2c5,VWC_2_raw_S3_T,2,12,T,2025-09-20 10:42:00,2025-09-20 17:31:00,2025-09-19 22:42:00,2025-09-21 16:42:00,26.988,0.25,2025-09-20 22:15:00,28.341,693.0,False,86100.0,6.817,0.5,,,,,
2025,S3_S4,east,S3,2025-09-20_S3_S4_f86ee2c5,VWC_3_raw_S3_T,3,18,T,2025-09-20 10:42:00,2025-09-20 17:31:00,2025-09-19 22:42:00,2025-09-21 16:42:00,44.694,0.25,,,,,86100.0,6.817,0.5,,,,,
2025,S3_S4,east,S4,2025-09-20_S3_S4_f86ee2c5,VWC_1_raw_S4_B,1,6,B,2025-09-20 10:42:00,2025-09-20 17:31:00,2025-09-19 22:42:00,2025-09-21 16:42:00,32.578,0.25,2025-09-20 14:15:00,32.86,213.0,False,86100.0,6.817,0.5,2025-09-20 15:15:00,34.326,0.551,273.0,False
2025,S3_S4,east,S4,2025-09-20_S3_S4_f86ee2c5,VWC_2_raw_S4_B,2,12,B,2025-09-20 10:42:00,2025-09-20 17:31:00,2025-09-19 22:42:00,2025-09-21 16:42:00,33.739,0.25,2025-09-20 14:45:00,34.159,243.0,False,86100.0,6.817,0.5,2025-09-20 15:00:00,34.689,0.53,258.0,False
2025,S3_S4,east,S4,2025-09-20_S3_S4_f86ee2c5,VWC_3_raw_S4_B,3,18,B,2025-09-20 10:42:00,2025-09-20 17:31:00,2025-09-19 22:42:00,2025-09-21 16:42:00,37.006,0.25,2025-09-20 14:30:00,37.409,228.0,False,86100.0,6.817,0.5,2025-09-20 16:30:00,39.512,0.856,348.0,False
2025,S3_S4,east,S4,2025-09-20_S3_S4_f86ee2c5,VWC_1_raw_S4_M,1,6,M,2025-09-20 10:42:00,2025-09-20 17:31:00,2025-09-19 22:42:00,2025-09-21 16:42:00,17.533,0.25,2025-09-20 14:30:00,19.47,228.0,False,86100.0,6.817,0.5,2025-09-20 14:30:00,19.47,1.971,228.0,False
2025,S3_S4,east,S4,2025-09-20_S3_S4_f86ee2c5,VWC_2_raw_S4_M,2,12,M,2025-09-20 10:42:00,2025-09-20 17:31:00,2025-09-19 22:42:00,2025-09-21 16:42:00,22.702,0.25,2025-09-20 14:15:00,23.773,213.0,False,86100.0,6.817,0.5,2025-09-20 14:15:00,23.773,1.0,213.0,False
2025,S3_S4,east,S4,2025-09-20_S3_S4_f86ee2c5,VWC_3_raw_S4_M,3,18,M,2025-09-20 10:42:00,2025-09-20 17:31:00,2025-09-19 22:42:00,2025-09-21 16:42:00,31.986,0.25,2025-09-20 14:30:00,32.251,228.0,False,86100.0,6.817,0.5,2025-09-20 15:00:00,33.643,0.916,258.0,False
2025,S3_S4,east,S4,2025-09-20_S3_S4_f86ee2c5,VWC_1_raw_S4_T,1,6,T,2025-09-20 10:42:00,2025-09-20 17:31:00,2025-09-19 22:42:00,2025-09-21 16:42:00,17.885,0.25,2025-09-20 11:15:00,19.593,33.0,False,86100.0,6.817,0.5,2025-09-20 11:15:00,19.593,1.829,33.0,False
2025,S3_S4,east,S4,2025-09-20_S3_S4_f86ee2c5,VWC_2_raw_S4_T,2,12,T,2025-09-20 10:42:00,2025-09-20 17:31:00,2025-09-19 22:42:00,2025-09-21 16:42:00,22.805,0.25,2025-09-20 11:15:00,24.461,33.0,False,86100.0,6.817,0.5,2025-09-20 11:15:00,24.461,1.716,33.0,False
2025,S3_S4,east,S4,2025-09-20_S3_S4_f86ee2c5,VWC_3_raw_S4_T,3,18,T,2025-09-20 10:42:00,2025-09-20 17:31:00,2025-09-19 22:42:00,2025-09-21 16:42:00,31.538,0.25,2025-09-20 11:15:00,34.035,33.0,False,86100.0,6.817,0.5,2025-09-20 11:15:00,34.035,2.493,33.0,False
2025,S3_S4,east,S3,2025-10-04_S3_S4_4439230e,VWC_1_raw_S3_B,1,6,B,2025-10-04 10:12:00,2025-10-04 17:06:00,2025-10-03 22:12:00,2025-10-05 16:12:00,23.04,0.25,2025-10-04 12:15:00,25.611,123.0,False,51800.0,6.9,0.5,2025-10-04 12:15:00,25.611,2.68,123.0,False
2025,S3_S4,east,S3,2025-10-04_S3_S4_4439230e,VWC_2_raw_S3_B,2,12,B,2025-10-04 10:12:00,2025-10-04 17:06:00,2025-10-03 22:12:00,2025-10-05 16:12:00,23.748,0.25,2025-10-04 12:30:00,26.103,138.0,False,51800.0,6.9,0.5,2025-10-04 12:30:00,26.103,2.406,138.0,False
2025,S3_S4,east,S3,2025-10-04_S3_S4_4439230e,VWC_3_raw_S3_B,3,18,B,2025-10-04 10:12:00,2025-10-04 17:06:00,2025-10-03 22:12:00,2025-10-05 16:12:00,17.686,0.25,2025-10-04 12:45:00,18.515,153.0,False,51800.0,6.9,0.5,2025-10-04 12:45:00,18.515,0.902,153.0,False
2025,S3_S4,east,S3,2025-10-04_S3_S4_4439230e,VWC_1_raw_S3_M,1,6,M,2025-10-04 10:12:00,2025-10-04 17:06:00,2025-10-03 22:12:00,2025-10-05 16:12:00,20.35,0.25,2025-10-04 11:15:00,37.985,63.0,False,51800.0,6.9,0.5,2025-10-04 11:15:00,37.985,17.73,63.0,False
2025,S3_S4,east,S3,2025-10-04_S3_S4_4439230e,VWC_2_raw_S3_M,2,12,M,2025-10-04 10:12:00,2025-10-04 17:06:00,2025-10-03 22:12:00,2025-10-05 16:12:00,25.101,0.25,2025-10-04 11:15:00,34.439,63.0,False,51800.0,6.9,0.5,2025-10-04 11:15:00,34.439,9.329,63.0,False
2025,S3_S4,east,S3,2025-10-04_S3_S4_4439230e,VWC_3_raw_S3_M,3,18,M,2025-10-04 10:12:00,2025-10-04 17:06:00,2025-10-03 22:12:00,2025-10-05 16:12:00,32.799,0.25,2025-10-04 11:15:00,37.251,63.0,False,51800.0,6.9,0.5,2025-10-04 11:15:00,37.251,4.45,63.0,False
2025,S3_S4,east,S3,2025-10-04_S3_S4_4439230e,VWC_1_raw_S3_T,1,6,T,2025-10-04 10:12:00,2025-10-04 17:06:00,2025-10-03 22:12:00,2025-10-05 16:12:00,24.148,0.25,2025-10-04 14:00:00,24.757,228.0,False,51800.0,6.9,0.5,2025-10-04 14:00:00,24.757,0.558,228.0,False
2025,S3_S4,east,S3,2025-10-04_S3_S4_4439230e,VWC_2_raw_S3_T,2,12,T,2025-10-04 10:12:00,2025-10-04 17:06:00,2025-10-03 22:12:00,2025-10-05 16:12:00,32.268,0.25,,,,,51800.0,6.9,0.5,,,,,
2025,S3_S4,east,S3,2025-10-04_S3_S4_4439230e,VWC_3_raw_S3_T,3,18,T,2025-10-04 10:12:00,2025-10-04 17:06:00,2025-10-03 22:12:00,2025-10-05 16:12:00,47.194,0.25,,,,,51800.0,6.9,0.5,,,,,
2025,S3_S4,east,S4,2025-10-04_S3_S4_4439230e,VWC_1_raw_S4_B,1,6,B,2025-10-04 10:12:00,2025-10-04 17:06:00,2025-10-03 22:12:00,2025-10-05 16:12:00,32.864,0.25,2025-10-04 18:45:00,33.353,513.0,False,51800.0,6.9,0.5,2025-10-04 19:00:00,34.413,1.06,528.0,False
2025,S3_S4,east,S4,2025-10-04_S3_S4_4439230e,VWC_2_raw_S4_B,2,12,B,2025-10-04 10:12:00,2025-10-04 17:06:00,2025-10-03 22:12:00,2025-10-05 16:12:00,32.489,0.25,,,,,51800.0,6.9,0.5,,,,,
2025,S3_S4,east,S4,2025-10-04_S3_S4_4439230e,VWC_3_raw_S4_B,3,18,B,2025-10-04 10:12:00,2025-10-04 17:06:00,2025-10-03 22:12:00,2025-10-05 16:12:00,34.25,0.25,,,,,51800.0,6.9,0.5,,,,,
2025,S3_S4,east,S4,2025-10-04_S3_S4_4439230e,VWC_1_raw_S4_M,1,6,M,2025-10-04 10:12:00,2025-10-04 17:06:00,2025-10-03 22:12:00,2025-10-05 16:12:00,14.511,0.25,2025-10-04 12:15:00,15.772,123.0,False,51800.0,6.9,0.5,2025-10-04 12:15:00,15.772,1.398,123.0,False
2025,S3_S4,east,S4,2025-10-04_S3_S4_4439230e,VWC_2_raw_S4_M,2,12,M,2025-10-04 10:12:00,2025-10-04 17:06:00,2025-10-03 22:12:00,2025-10-05 16:12:00,18.952,0.25,2025-10-04 12:30:00,20.617,138.0,False,51800.0,6.9,0.5,2025-10-04 12:30:00,20.617,1.803,138.0,False
2025,S3_S4,east,S4,2025-10-04_S3_S4_4439230e,VWC_3_raw_S4_M,3,18,M,2025-10-04 10:12:00,2025-10-04 17:06:00,2025-10-03 22:12:00,2025-10-05 16:12:00,28.216,0.25,2025-10-04 13:15:00,30.789,183.0,False,51800.0,6.9,0.5,2025-10-04 13:15:00,30.789,2.412,183.0,False
2025,S3_S4,east,S4,2025-10-04_S3_S4_4439230e,VWC_1_raw_S4_T,1,6,T,2025-10-04 10:12:00,2025-10-04 17:06:00,2025-10-03 22:12:00,2025-10-05 16:12:00,16.074,0.25,2025-10-04 10:45:00,26.89,33.0,False,51800.0,6.9,0.5,2025-10-04 10:45:00,26.89,10.875,33.0,False
2025,S3_S4,east,S4,2025-10-04_S3_S4_4439230e,VWC_2_raw_S4_T,2,12,T,2025-10-04 10:12:00,2025-10-04 17:06:00,2025-10-03 22:12:00,2025-10-05 16:12:00,23.422,0.25,2025-10-04 10:45:00,30.468,33.0,False,51800.0,6.9,0.5,2025-10-04 10:45:00,30.468,7.063,33.0,False
2025,S3_S4,east,S4,2025-10-04_S3_S4_4439230e,VWC_3_raw_S4_T,3,18,T,2025-10-04 10:12:00,2025-10-04 17:06:00,2025-10-03 22:12:00,2025-10-05 16:12:00,31.466,0.25,2025-10-04 10:45:00,36.928,33.0,False,51800.0,6.9,0.5,2025-10-04 10:45:00,36.928,5.458,33.0,False
