year,strip,event_id,logger_position,irrigation_start,irrigation_end,event_duration_hours,gallons_strip,avg_flow_gph_strip,alt_arrival_minutes_after_irrigation_start_6in,alt_arrival_minutes_after_irrigation_start_12in,alt_arrival_minutes_after_irrigation_start_18in,alt_arrival_vwc_6in,alt_arrival_vwc_12in,alt_arrival_vwc_18in,arrival_minutes_after_irrigation_start_6in,arrival_minutes_after_irrigation_start_12in,arrival_minutes_after_irrigation_start_18in,arrival_vwc_6in,arrival_vwc_12in,arrival_vwc_18in,peak_vwc_6in,peak_vwc_12in,peak_vwc_18in,pre_vwc_6in,pre_vwc_12in,pre_vwc_18in,pre_profile_vwc_mean,pre_profile_vwc_min,pre_profile_vwc_max,delta_vwc_6in,delta_vwc_12in,delta_vwc_18in,delta_profile_vwc_mean,first_arrival_min,last_arrival_min,vertical_spread_min,distance_from_furrow_start_ft,vertical_velocity_6_to_12_in_per_min,vertical_velocity_12_to_18_in_per_min,vertical_velocity_6_to_18_in_per_min
2023.00,S1,2023-05-23_S1_S2_176caf9a,B,2023-05-23 15:25:00,2023-05-23 19:19:00,3.90,72500.00,18589.74,5.0,,5.0,14.87,,5.91,,,5.0,,,5.91,16.77,16.37,7.67,14.75,16.26,4.50,11.84,4.50,16.26,2.02,0.11,3.17,1.77,5.0,5.0,0.0,284.00,,,
2023.00,S1,2023-05-23_S1_S2_176caf9a,M,2023-05-23 15:25:00,2023-05-23 19:19:00,3.90,72500.00,18589.74,140.0,245.0,365.0,19.70,18.21,24.36,140.0,245.0,365.0,19.70,18.21,24.36,43.18,35.09,37.90,11.25,16.83,23.79,17.29,11.25,23.79,31.94,18.26,14.12,21.44,140.0,365.0,225.0,169.00,0.06,0.05,0.05
2023.00,S1,2023-05-23_S1_S2_176caf9a,T,2023-05-23 15:25:00,2023-05-23 19:19:00,3.90,72500.00,18589.74,-85.0,35.0,-85.0,9.69,16.64,15.07,5.0,20.0,35.0,30.59,13.64,15.73,45.65,43.64,42.74,9.78,13.25,15.25,12.76,9.78,15.25,35.87,30.39,27.49,31.25,5.0,35.0,30.0,54.00,0.40,0.40,0.40
2023.00,S2,2023-05-23_S1_S2_176caf9a,B,2023-05-23 15:25:00,2023-05-23 19:19:00,3.90,72500.00,18589.74,-415.0,80.0,110.0,8.36,11.57,9.77,50.0,80.0,110.0,10.46,11.57,9.77,39.26,36.30,35.94,8.64,7.57,6.44,7.55,6.44,8.64,30.62,28.72,29.50,29.61,50.0,110.0,60.0,284.00,0.20,0.20,0.20
2023.00,S2,2023-05-23_S1_S2_176caf9a,M,2023-05-23 15:25:00,2023-05-23 19:19:00,3.90,72500.00,18589.74,-340.0,-340.0,-340.0,8.39,9.55,6.52,5.0,50.0,110.0,8.94,9.52,6.76,41.25,37.38,30.12,8.45,9.04,5.80,7.76,5.80,9.04,32.81,28.34,24.31,28.49,5.0,110.0,105.0,169.00,0.13,0.10,0.11
2023.00,S2,2023-05-23_S1_S2_176caf9a,T,2023-05-23 15:25:00,2023-05-23 19:19:00,3.90,72500.00,18589.74,-235.0,-235.0,,13.70,18.11,,140.0,140.0,,29.57,26.21,,45.51,41.81,,14.49,19.16,,16.82,14.49,19.16,31.02,22.65,,26.84,140.0,140.0,0.0,54.00,,,
2023.00,S3,2023-05-24_S3_S4_31cada45,B,2023-05-24 09:25:00,2023-05-24 13:19:00,3.90,73300.00,18794.87,230.0,290.0,380.0,7.82,8.06,6.60,230.0,275.0,365.0,7.82,7.11,5.19,27.96,17.06,14.82,6.30,6.85,4.84,6.00,4.84,6.85,21.66,10.21,9.98,13.95,230.0,365.0,135.0,284.00,0.13,0.07,0.09
2023.00,S3,2023-05-24_S3_S4_31cada45,M,2023-05-24 09:25:00,2023-05-24 13:19:00,3.90,73300.00,18794.87,605.0,-580.0,740.0,5.31,10.38,10.68,605.0,680.0,740.0,5.31,17.09,10.68,36.00,23.18,23.75,,,,,,,,,,,605.0,740.0,135.0,169.00,0.08,0.10,0.09
2023.00,S3,2023-05-24_S3_S4_31cada45,T,2023-05-24 09:25:00,2023-05-24 13:19:00,3.90,73300.00,18794.87,,65.0,185.0,,22.10,38.27,,35.0,140.0,,21.21,37.76,,39.29,50.30,,20.88,37.33,29.10,20.88,37.33,,18.41,12.98,15.69,35.0,140.0,105.0,54.00,,0.06,
2023.00,S4,2023-05-24_S3_S4_31cada45,B,2023-05-24 09:25:00,2023-05-24 13:19:00,3.90,73300.00,18794.87,380.0,,,7.84,,,365.0,,,6.98,,,23.52,21.77,10.50,6.62,21.78,9.80,12.73,6.62,21.78,16.90,-0.01,0.70,5.86,365.0,365.0,0.0,284.00,,,
2023.00,S4,2023-05-24_S3_S4_31cada45,M,2023-05-24 09:25:00,2023-05-24 13:19:00,3.90,73300.00,18794.87,140.0,170.0,230.0,8.73,7.75,10.94,125.0,170.0,230.0,7.02,7.75,10.94,33.02,17.73,20.10,6.65,6.29,9.81,7.58,6.29,9.81,26.37,11.44,10.29,16.03,125.0,230.0,105.0,169.00,0.13,0.10,0.11
2023.00,S4,2023-05-24_S3_S4_31cada45,T,2023-05-24 09:25:00,2023-05-24 13:19:00,3.90,73300.00,18794.87,35.0,65.0,95.0,22.90,17.01,22.82,20.0,65.0,95.0,6.01,17.01,22.82,38.09,26.96,29.54,5.74,16.08,20.07,13.96,5.74,20.07,32.35,10.88,9.47,17.56,20.0,95.0,75.0,54.00,0.13,0.20,0.16
2023.00,S1,2023-06-01_S1_S2_5b27ce31,B,2023-06-01 11:16:08,2023-06-01 18:45:00,7.48,33650.00,4497.99,,,,,,,,,,,,,20.81,16.88,11.73,19.68,16.63,11.45,15.92,11.45,19.68,1.13,0.25,0.28,0.55,,,,284.00,,,
2023.00,S1,2023-06-01_S1_S2_5b27ce31,M,2023-06-01 11:16:08,2023-06-01 18:45:00,7.48,33650.00,4497.99,223.86666666666667,298.8666666666667,388.8666666666667,37.14,32.73,37.60,223.86666666666667,283.8666666666667,358.8666666666667,37.14,32.11,36.60,41.98,37.58,40.19,32.36,31.50,36.30,33.39,31.50,36.30,9.62,6.08,3.89,6.53,223.86666666666667,358.8666666666667,135.0,169.00,0.10,0.08,0.09
2023.00,S1,2023-06-01_S1_S2_5b27ce31,T,2023-06-01 11:16:08,2023-06-01 18:45:00,7.48,33650.00,4497.99,238.86666666666667,223.86666666666667,313.8666666666667,33.95,33.98,36.37,208.86666666666667,223.86666666666667,268.8666666666667,33.05,33.98,35.29,41.83,41.87,44.60,32.75,30.77,35.04,32.86,30.77,35.04,9.08,11.09,9.56,9.91,208.86666666666667,268.8666666666667,60.0,54.00,0.40,0.13,0.20
2023.00,S2,2023-06-01_S1_S2_5b27ce31,B,2023-06-01 11:16:08,2023-06-01 18:45:00,7.48,33650.00,4497.99,313.8666666666667,313.8666666666667,313.8666666666667,26.26,28.33,30.54,313.8666666666667,298.8666666666667,268.8666666666667,26.26,26.19,26.71,35.69,34.05,39.06,24.27,25.94,25.80,25.34,24.27,25.94,11.42,8.11,13.26,10.93,268.8666666666667,313.8666666666667,45.0,284.00,,,
2023.00,S2,2023-06-01_S1_S2_5b27ce31,M,2023-06-01 11:16:08,2023-06-01 18:45:00,7.48,33650.00,4497.99,358.8666666666667,358.8666666666667,388.8666666666667,29.69,27.70,25.36,358.8666666666667,358.8666666666667,388.8666666666667,29.69,27.70,25.36,39.14,35.49,31.08,27.55,26.44,24.69,26.23,24.69,27.55,11.59,9.06,6.39,9.01,358.8666666666667,388.8666666666667,30.0,169.00,,0.20,0.40
2023.00,S2,2023-06-01_S1_S2_5b27ce31,T,2023-06-01 11:16:08,2023-06-01 18:45:00,7.48,33650.00,4497.99,148.86666666666667,148.86666666666667,,41.69,41.67,,148.86666666666667,148.86666666666667,,41.69,41.67,,46.34,45.50,,23.87,29.19,,26.53,23.87,29.19,22.47,16.31,,19.39,148.86666666666667,148.86666666666667,0.0,54.00,,,
2023.00,S3,2023-06-02_S3_S4_e824e1bc,B,2023-06-02 15:43:00,2023-06-02 22:12:00,6.48,33750.00,5205.66,182.0,227.0,272.0,21.10,18.26,11.46,167.0,197.0,257.0,20.52,17.14,10.77,37.65,31.24,23.15,20.20,16.87,10.26,15.78,10.26,20.20,17.44,14.37,12.89,14.90,167.0,257.0,90.0,284.00,0.20,0.10,0.13
2023.00,S3,2023-06-02_S3_S4_e824e1bc,M,2023-06-02 15:43:00,2023-06-02 22:12:00,6.48,33750.00,5205.66,677.0,722.0,1487.0,22.24,14.37,19.99,662.0,722.0,,21.44,14.37,,31.06,16.30,13.96,,,,,,,,,,,662.0,722.0,60.0,169.00,0.10,,
2023.00,S3,2023-06-02_S3_S4_e824e1bc,T,2023-06-02 15:43:00,2023-06-02 22:12:00,6.48,33750.00,5205.66,,77.0,107.0,,33.41,43.04,,77.0,107.0,,33.41,43.04,,40.18,47.12,,31.53,41.72,36.62,31.53,41.72,,8.64,5.41,7.03,77.0,107.0,30.0,54.00,,0.20,
2023.00,S4,2023-06-02_S3_S4_e824e1bc,B,2023-06-02 15:43:00,2023-06-02 22:12:00,6.48,33750.00,5205.66,,,,,,,,,,,,,12.77,21.76,12.23,12.78,21.29,12.05,15.37,12.05,21.29,-0.01,0.47,0.18,0.21,,,,284.00,,,
2023.00,S4,2023-06-02_S3_S4_e824e1bc,M,2023-06-02 15:43:00,2023-06-02 22:12:00,6.48,33750.00,5205.66,,,,,,,,,,,,,21.51,16.37,20.47,20.06,16.22,20.40,18.89,16.22,20.40,1.46,0.16,0.06,0.56,,,,169.00,,,
2023.00,S4,2023-06-02_S3_S4_e824e1bc,T,2023-06-02 15:43:00,2023-06-02 22:12:00,6.48,33750.00,5205.66,197.0,,,21.10,,,167.0,,,19.91,,,26.93,22.89,26.81,19.63,22.14,26.63,22.80,19.63,26.63,7.30,0.75,0.18,2.74,167.0,167.0,0.0,54.00,,,
2023.00,S3,2023-06-14_S3_S4_71ac748b,B,2023-06-14 08:25:00,2023-06-14 17:29:00,9.07,64100.00,7069.85,140.0,155.0,170.0,24.26,26.14,20.13,140.0,140.0,170.0,24.26,20.03,20.13,37.14,35.12,28.39,16.86,19.75,12.91,16.51,12.91,19.75,20.28,15.37,15.48,17.04,140.0,170.0,30.0,284.00,,0.20,0.40
2023.00,S3,2023-06-14_S3_S4_71ac748b,M,2023-06-14 08:25:00,2023-06-14 17:29:00,9.07,64100.00,7069.85,650.0,635.0,725.0,20.07,15.33,15.15,650.0,635.0,710.0,20.07,15.33,14.21,42.06,36.32,31.26,,,,,,,,,,,635.0,710.0,75.0,169.00,,0.08,0.20
2023.00,S3,2023-06-14_S3_S4_71ac748b,T,2023-06-14 08:25:00,2023-06-14 17:29:00,9.07,64100.00,7069.85,65.0,50.0,110.0,19.31,29.74,39.78,65.0,50.0,95.0,19.31,29.74,38.43,41.22,38.42,45.81,18.56,28.87,38.04,28.49,18.56,38.04,22.66,9.56,7.77,13.33,50.0,95.0,45.0,54.00,,0.13,0.40
2023.00,S4,2023-06-14_S3_S4_71ac748b,B,2023-06-14 08:25:00,2023-06-14 17:29:00,9.07,64100.00,7069.85,545.0,680.0,,9.79,25.73,,500.0,545.0,,8.71,22.84,,24.63,27.90,13.31,8.26,22.54,12.10,14.30,8.26,22.54,16.37,5.36,1.21,7.65,500.0,545.0,45.0,284.00,0.13,,
2023.00,S4,2023-06-14_S3_S4_71ac748b,M,2023-06-14 08:25:00,2023-06-14 17:29:00,9.07,64100.00,7069.85,395.0,425.0,500.0,10.84,14.31,16.06,365.0,425.0,500.0,9.67,14.31,16.06,30.57,25.89,20.33,9.41,12.68,15.71,12.60,9.41,15.71,21.16,13.21,4.62,12.99,365.0,500.0,135.0,169.00,0.10,0.08,0.09
2023.00,S4,2023-06-14_S3_S4_71ac748b,T,2023-06-14 08:25:00,2023-06-14 17:29:00,9.07,64100.00,7069.85,200.0,305.0,305.0,12.51,25.41,29.84,185.0,305.0,305.0,11.49,25.41,29.84,43.48,40.36,38.00,10.88,17.42,24.17,17.49,10.88,24.17,32.61,22.94,13.83,23.12,185.0,305.0,120.0,54.00,0.05,,0.10
2023.00,S1,2023-06-26_S1_S2_69e5d9b6,B,2023-06-26 09:31:00,2023-06-26 16:02:00,6.52,44700.00,6859.34,,,,,,,,,,,,,18.78,22.00,18.49,18.03,21.33,18.67,19.34,18.03,21.33,0.75,0.67,-0.18,0.42,,,,284.00,,,
2023.00,S1,2023-06-26_S1_S2_69e5d9b6,M,2023-06-26 09:31:00,2023-06-26 16:02:00,6.52,44700.00,6859.34,134.0,254.0,314.0,15.90,20.89,30.44,89.0,209.0,314.0,13.31,18.99,30.44,42.27,36.70,39.64,12.77,18.27,29.78,20.27,12.77,29.78,29.51,18.44,9.86,19.27,89.0,314.0,225.0,169.00,0.05,0.06,0.05
2023.00,S1,2023-06-26_S1_S2_69e5d9b6,T,2023-06-26 09:31:00,2023-06-26 16:02:00,6.52,44700.00,6859.34,104.0,179.0,-31.0,15.96,19.19,29.16,59.0,59.0,284.0,14.69,16.05,44.72,42.63,39.24,46.61,14.34,15.02,21.49,16.95,14.34,21.49,28.29,24.22,25.12,25.88,59.0,284.0,225.0,54.00,,0.03,0.05
2023.00,S2,2023-06-26_S1_S2_69e5d9b6,B,2023-06-26 09:31:00,2023-06-26 16:02:00,6.52,44700.00,6859.34,149.0,119.0,119.0,10.74,8.62,16.71,104.0,104.0,119.0,9.12,7.35,16.71,41.13,36.69,40.79,8.56,7.07,9.83,8.49,7.07,9.83,32.57,29.62,30.96,31.05,104.0,119.0,15.0,284.00,,0.40,0.80
2023.00,S2,2023-06-26_S1_S2_69e5d9b6,M,2023-06-26 09:31:00,2023-06-26 16:02:00,6.52,44700.00,6859.34,89.0,104.0,89.0,20.88,17.35,21.14,89.0,104.0,89.0,20.88,17.35,21.14,40.41,38.01,35.74,11.68,10.45,7.41,9.85,7.41,11.68,28.73,27.56,28.33,28.21,89.0,104.0,15.0,169.00,0.40,,
2023.00,S2,2023-06-26_S1_S2_69e5d9b6,T,2023-06-26 09:31:00,2023-06-26 16:02:00,6.52,44700.00,6859.34,134.0,134.0,134.0,16.44,21.54,23.31,134.0,134.0,134.0,16.44,21.54,23.31,41.30,42.53,40.02,13.29,17.01,21.20,17.17,13.29,21.20,28.01,25.53,18.82,24.12,134.0,134.0,0.0,54.00,,,
2023.00,S3,2023-06-27_S3_S4_87f629e2,B,2023-06-27 07:53:00,2023-06-27 16:14:00,8.35,67850.00,8125.75,127.0,142.0,157.0,16.22,20.28,15.95,127.0,142.0,157.0,16.22,20.28,15.95,36.54,34.80,29.08,12.06,17.09,13.74,14.30,12.06,17.09,24.48,17.71,15.34,19.18,127.0,157.0,30.0,284.00,0.40,0.40,0.40
2023.00,S3,2023-06-27_S3_S4_87f629e2,M,2023-06-27 07:53:00,2023-06-27 16:14:00,8.35,67850.00,8125.75,562.0,547.0,547.0,39.20,22.48,20.85,562.0,547.0,547.0,39.20,22.48,20.85,43.79,37.60,40.44,,,,,,,,,,,547.0,562.0,15.0,169.00,,,
2023.00,S3,2023-06-27_S3_S4_87f629e2,T,2023-06-27 07:53:00,2023-06-27 16:14:00,8.35,67850.00,8125.75,37.0,37.0,67.0,21.34,24.95,35.21,37.0,37.0,67.0,21.34,24.95,35.21,41.44,37.98,45.57,14.58,24.10,34.38,24.35,14.58,34.38,26.85,13.88,11.20,17.31,37.0,67.0,30.0,54.00,,0.20,0.40
2023.00,S4,2023-06-27_S3_S4_87f629e2,B,2023-06-27 07:53:00,2023-06-27 16:14:00,8.35,67850.00,8125.75,502.0,,1612.0,9.26,,28.67,487.0,532.0,742.0,8.68,29.17,24.86,27.00,31.30,26.36,,,,,,,,,,,487.0,742.0,255.0,284.00,0.13,0.03,0.05
2023.00,S4,2023-06-27_S3_S4_87f629e2,M,2023-06-27 07:53:00,2023-06-27 16:14:00,8.35,67850.00,8125.75,262.0,397.0,,10.46,15.16,,247.0,397.0,,9.50,15.16,,29.72,23.64,20.38,9.13,14.90,18.89,14.31,9.13,18.89,20.59,8.73,1.49,10.27,247.0,397.0,150.0,169.00,0.04,,
2023.00,S4,2023-06-27_S3_S4_87f629e2,T,2023-06-27 07:53:00,2023-06-27 16:14:00,8.35,67850.00,8125.75,-8.0,7.0,22.0,17.34,20.34,26.71,7.0,7.0,22.0,33.35,20.34,26.71,38.80,41.67,39.21,10.34,18.57,24.94,17.95,10.34,24.94,28.46,23.10,14.28,21.95,7.0,22.0,15.0,54.00,,0.40,0.80
2023.00,S3,2023-07-07_S3_S4_bf19b251,B,2023-07-07 07:46:00,2023-07-07 15:46:00,8.00,64250.00,8031.25,134.0,149.0,164.0,22.35,22.67,16.02,134.0,149.0,164.0,22.35,22.67,16.02,35.98,33.94,32.77,13.19,17.30,14.07,14.85,13.19,17.30,22.79,16.64,18.70,19.37,134.0,164.0,30.0,284.00,0.40,0.40,0.40
2023.00,S3,2023-07-07_S3_S4_bf19b251,M,2023-07-07 07:46:00,2023-07-07 15:46:00,8.00,64250.00,8031.25,554.0,554.0,554.0,22.38,26.10,30.43,554.0,554.0,554.0,22.38,26.10,30.43,42.39,38.19,40.62,,,,,,,,,,,554.0,554.0,0.0,169.00,,,
2023.00,S3,2023-07-07_S3_S4_bf19b251,T,2023-07-07 07:46:00,2023-07-07 15:46:00,8.00,64250.00,8031.25,29.0,44.0,59.0,15.99,28.84,35.77,29.0,44.0,59.0,15.99,28.84,35.77,41.81,38.53,46.12,14.91,25.32,34.84,25.02,14.91,34.84,26.90,13.22,11.28,17.13,29.0,59.0,30.0,54.00,0.40,0.40,0.40
2023.00,S4,2023-07-07_S3_S4_bf19b251,B,2023-07-07 07:46:00,2023-07-07 15:46:00,8.00,64250.00,8031.25,299.0,524.0,449.0,11.03,32.51,22.88,299.0,479.0,449.0,11.03,30.86,22.88,28.13,33.32,35.87,,,,,,,,,,,299.0,479.0,180.0,284.00,0.03,,0.08
2023.00,S4,2023-07-07_S3_S4_bf19b251,M,2023-07-07 07:46:00,2023-07-07 15:46:00,8.00,64250.00,8031.25,224.0,374.0,524.0,9.72,14.26,17.00,224.0,374.0,524.0,9.72,14.26,17.00,30.15,24.83,18.64,8.90,13.05,16.62,12.86,8.90,16.62,21.26,11.78,2.01,11.68,224.0,524.0,300.0,169.00,0.04,0.04,0.04
2023.00,S4,2023-07-07_S3_S4_bf19b251,T,2023-07-07 07:46:00,2023-07-07 15:46:00,8.00,64250.00,8031.25,-16.0,-1.0,-16.0,28.14,31.08,27.98,44.0,44.0,29.0,37.67,37.18,38.10,44.03,41.34,39.46,11.74,21.15,27.34,20.08,11.74,27.34,32.28,20.18,12.12,21.53,29.0,44.0,15.0,54.00,,,
2023.00,S1,2023-07-17_S1_S2_ae0a89b4,B,2023-07-17 08:04:00,2023-07-17 16:04:00,8.00,60450.00,7556.25,,716.0,,,27.01,,,566.0,761.0,,23.79,26.30,20.05,44.56,32.78,20.16,23.50,25.69,23.12,20.16,25.69,-0.11,21.07,7.10,9.35,566.0,761.0,195.0,284.00,,0.03,
2023.00,S1,2023-07-17_S1_S2_ae0a89b4,M,2023-07-17 08:04:00,2023-07-17 16:04:00,8.00,60450.00,7556.25,101.0,206.0,236.0,23.02,17.19,22.05,56.0,161.0,251.0,12.41,16.01,24.76,43.32,38.59,40.07,12.14,15.58,21.86,16.53,12.14,21.86,31.18,23.01,18.21,24.13,56.0,251.0,195.0,169.00,0.06,0.07,0.06
2023.00,S1,2023-07-17_S1_S2_ae0a89b4,T,2023-07-17 08:04:00,2023-07-17 16:04:00,8.00,60450.00,7556.25,-34.0,-34.0,-34.0,18.53,17.30,22.48,11.0,41.0,41.0,39.56,38.88,44.07,44.39,42.19,46.09,15.49,14.16,16.50,15.39,14.16,16.50,28.89,28.02,29.58,28.83,11.0,41.0,30.0,54.00,0.20,,0.40
2023.00,S2,2023-07-17_S1_S2_ae0a89b4,B,2023-07-17 08:04:00,2023-07-17 16:04:00,8.00,60450.00,7556.25,131.0,101.0,26.0,25.87,11.32,11.01,86.0,101.0,41.0,8.82,11.32,11.61,39.97,35.23,36.85,8.46,6.88,7.21,7.52,6.88,8.46,31.51,28.35,29.64,29.83,41.0,101.0,60.0,284.00,0.40,,
2023.00,S2,2023-07-17_S1_S2_ae0a89b4,M,2023-07-17 08:04:00,2023-07-17 16:04:00,8.00,60450.00,7556.25,86.0,56.0,56.0,23.70,11.22,9.34,86.0,56.0,56.0,23.70,11.22,9.34,40.96,37.90,34.76,11.46,10.60,6.43,9.49,6.43,11.46,29.51,27.30,28.33,28.38,56.0,86.0,30.0,169.00,,,
2023.00,S2,2023-07-17_S1_S2_ae0a89b4,T,2023-07-17 08:04:00,2023-07-17 16:04:00,8.00,60450.00,7556.25,146.0,146.0,146.0,36.04,38.58,30.31,146.0,146.0,146.0,36.04,38.58,30.31,45.57,43.24,40.10,12.48,16.76,19.57,16.27,12.48,19.57,33.09,26.48,20.53,26.70,146.0,146.0,0.0,54.00,,,
2023.00,S3,2023-07-17_S3_S4_a04fe807,B,2023-07-17 19:19:00,2023-07-18 05:53:00,10.57,80450.00,7613.56,131.0,146.0,176.0,13.06,16.18,13.44,131.0,146.0,176.0,13.06,16.18,13.44,36.99,35.05,28.02,10.77,11.09,10.29,10.71,10.29,11.09,26.23,23.97,17.73,22.64,131.0,176.0,45.0,284.00,0.40,0.20,0.27
2023.00,S3,2023-07-17_S3_S4_a04fe807,M,2023-07-17 19:19:00,2023-07-18 05:53:00,10.57,80450.00,7613.56,1256.0,1256.0,1256.0,37.61,35.03,36.67,,,,,,,37.61,35.03,36.67,13.22,19.39,24.32,18.97,13.22,24.32,24.39,15.64,12.35,17.46,,,,169.00,,,
2023.00,S3,2023-07-17_S3_S4_a04fe807,T,2023-07-17 19:19:00,2023-07-18 05:53:00,10.57,80450.00,7613.56,41.0,41.0,71.0,26.42,24.14,33.82,41.0,41.0,56.0,26.42,24.14,32.33,42.41,37.94,46.21,14.63,20.76,32.06,22.48,14.63,32.06,27.78,17.18,14.15,19.70,41.0,56.0,15.0,54.00,,0.40,0.80
2023.00,S4,2023-07-17_S3_S4_a04fe807,B,2023-07-17 19:19:00,2023-07-18 05:53:00,10.57,80450.00,7613.56,881.0,881.0,881.0,29.44,29.44,26.12,,,,,,,29.44,29.48,26.12,8.24,24.73,16.69,16.55,8.24,24.73,21.20,4.75,9.43,11.80,,,,284.00,,,
2023.00,S4,2023-07-17_S3_S4_a04fe807,M,2023-07-17 19:19:00,2023-07-18 05:53:00,10.57,80450.00,7613.56,236.0,401.0,581.0,10.72,10.29,12.42,221.0,386.0,581.0,9.60,9.30,12.42,32.83,28.41,17.53,9.26,9.00,11.54,9.93,9.00,11.54,23.58,19.40,5.99,16.32,221.0,581.0,360.0,169.00,0.04,0.03,0.03
2023.00,S4,2023-07-17_S3_S4_a04fe807,T,2023-07-17 19:19:00,2023-07-18 05:53:00,10.57,80450.00,7613.56,-4.0,-4.0,-4.0,19.73,21.80,31.59,281.0,71.0,71.0,39.44,37.28,35.65,44.22,40.33,39.56,9.98,18.53,24.91,17.80,9.98,24.91,34.24,21.80,14.65,23.56,71.0,281.0,210.0,54.00,,,
2023.00,S3,2023-07-27_S3_S4_89a0fecc,B,2023-07-27 10:00:00,2023-07-27 17:29:00,7.48,25200.00,3367.48,195.0,210.0,225.0,18.94,24.27,18.78,195.0,210.0,225.0,18.94,24.27,18.78,35.85,33.52,27.60,13.16,17.18,14.08,14.81,13.16,17.18,22.68,16.35,13.52,17.52,195.0,225.0,30.0,284.00,0.40,0.40,0.40
2023.00,S3,2023-07-27_S3_S4_89a0fecc,M,2023-07-27 10:00:00,2023-07-27 17:29:00,7.48,25200.00,3367.48,585.0,585.0,585.0,33.87,32.60,35.01,585.0,585.0,585.0,33.87,32.60,35.01,38.70,37.15,39.73,,,,,,,,,,,585.0,585.0,0.0,169.00,,,
2023.00,S3,2023-07-27_S3_S4_89a0fecc,T,2023-07-27 10:00:00,2023-07-27 17:29:00,7.48,25200.00,3367.48,90.0,105.0,135.0,15.88,28.29,36.26,90.0,105.0,120.0,15.88,28.29,35.19,41.23,36.67,47.29,15.17,24.00,34.75,24.64,15.17,34.75,26.07,12.67,12.54,17.09,90.0,120.0,30.0,54.00,0.40,0.40,0.40
2023.00,S4,2023-07-27_S3_S4_89a0fecc,B,2023-07-27 10:00:00,2023-07-27 17:29:00,7.48,25200.00,3367.48,,,,,,,,,,,,,8.58,28.17,20.06,,,,,,,,,,,,,,284.00,,,
2023.00,S4,2023-07-27_S3_S4_89a0fecc,M,2023-07-27 10:00:00,2023-07-27 17:29:00,7.48,25200.00,3367.48,,,,,,,,,,,,,10.18,11.44,12.91,9.88,11.50,12.94,11.44,9.88,12.94,0.30,-0.06,-0.03,0.07,,,,169.00,,,
2023.00,S4,2023-07-27_S3_S4_89a0fecc,T,2023-07-27 10:00:00,2023-07-27 17:29:00,7.48,25200.00,3367.48,-75.0,,,11.49,,,,,,,,,11.49,21.77,27.75,11.49,21.77,27.80,20.36,11.49,27.80,0.01,-0.00,-0.06,-0.02,,,,54.00,,,
2023.00,S1,2023-08-05_S1_S2_efaa9d14,B,2023-08-05 08:48:00,2023-08-05 14:56:00,6.13,49250.00,8029.89,,462.0,417.0,,33.40,40.35,,402.0,417.0,,32.34,40.35,24.31,50.51,50.14,23.78,32.09,39.02,31.63,23.78,39.02,0.53,18.42,11.13,10.02,402.0,417.0,15.0,284.00,,0.40,
2023.00,S1,2023-08-05_S1_S2_efaa9d14,M,2023-08-05 08:48:00,2023-08-05 14:56:00,6.13,49250.00,8029.89,72.0,162.0,192.0,15.01,22.04,37.55,27.0,147.0,177.0,13.64,18.82,35.94,42.14,38.52,41.49,13.33,18.42,35.66,22.47,13.33,35.66,28.81,20.10,5.84,18.25,27.0,177.0,150.0,169.00,0.05,0.20,0.08
2023.00,S1,2023-08-05_S1_S2_efaa9d14,T,2023-08-05 08:48:00,2023-08-05 14:56:00,6.13,49250.00,8029.89,-33.0,-33.0,-33.0,29.60,28.97,37.31,,12.0,,,40.00,,42.95,42.41,46.67,15.93,15.60,19.69,17.07,15.60,19.69,27.02,26.81,26.98,26.94,12.0,12.0,0.0,54.00,,,
2023.00,S2,2023-08-05_S1_S2_efaa9d14,B,2023-08-05 08:48:00,2023-08-05 14:56:00,6.13,49250.00,8029.89,87.0,42.0,-3.0,11.30,14.25,21.09,27.0,42.0,12.0,9.84,14.25,24.37,39.85,35.98,39.66,9.57,8.87,18.17,12.20,8.87,18.17,30.27,27.11,21.49,26.29,12.0,42.0,30.0,284.00,0.40,,
2023.00,S2,2023-08-05_S1_S2_efaa9d14,M,2023-08-05 08:48:00,2023-08-05 14:56:00,6.13,49250.00,8029.89,42.0,42.0,42.0,16.60,17.65,23.27,42.0,42.0,42.0,16.60,17.65,23.27,39.84,37.32,40.04,13.09,13.77,22.67,16.51,13.09,22.67,26.75,23.55,17.37,22.56,42.0,42.0,0.0,169.00,,,
2023.00,S2,2023-08-05_S1_S2_efaa9d14,T,2023-08-05 08:48:00,2023-08-05 14:56:00,6.13,49250.00,8029.89,132.0,132.0,132.0,18.06,22.76,26.39,132.0,132.0,132.0,18.06,22.76,26.39,44.05,43.94,39.56,13.43,18.02,24.70,18.72,13.43,24.70,30.62,25.92,14.85,23.80,132.0,132.0,0.0,54.00,,,
2023.00,S3,2023-08-05_S3_S4_0f92146d,B,2023-08-05 08:51:00,2023-08-05 11:03:00,2.20,18300.00,8318.18,129.0,144.0,159.0,20.47,29.03,24.35,129.0,144.0,159.0,20.47,29.03,24.35,34.90,33.71,28.30,20.12,24.63,16.05,20.27,16.05,24.63,14.77,9.08,12.25,12.03,129.0,159.0,30.0,284.00,0.40,0.40,0.40
2023.00,S3,2023-08-05_S3_S4_0f92146d,M,2023-08-05 08:51:00,2023-08-05 11:03:00,2.20,18300.00,8318.18,549.0,549.0,549.0,32.67,31.14,33.80,549.0,549.0,549.0,32.67,31.14,33.80,40.76,37.37,38.53,,,,,,,,,,,549.0,549.0,0.0,169.00,,,
2023.00,S3,2023-08-05_S3_S4_0f92146d,T,2023-08-05 08:51:00,2023-08-05 11:03:00,2.20,18300.00,8318.18,39.0,39.0,69.0,27.79,27.99,38.40,39.0,39.0,69.0,27.79,27.99,38.40,40.62,38.10,46.33,19.17,27.00,36.07,27.41,19.17,36.07,21.45,11.10,10.26,14.27,39.0,69.0,30.0,54.00,,0.20,0.40
2023.00,S4,2023-08-05_S3_S4_0f92146d,B,2023-08-05 08:51:00,2023-08-05 11:03:00,2.20,18300.00,8318.18,,,99.0,,,19.35,,,,,,,8.11,23.66,19.35,,,,,,,,,,,,,,284.00,,,
2023.00,S4,2023-08-05_S3_S4_0f92146d,M,2023-08-05 08:51:00,2023-08-05 11:03:00,2.20,18300.00,8318.18,,,,,,,,,,,,,9.28,8.91,11.01,8.68,8.86,10.98,9.51,8.68,10.98,0.61,0.05,0.03,0.23,,,,169.00,,,
2023.00,S4,2023-08-05_S3_S4_0f92146d,T,2023-08-05 08:51:00,2023-08-05 11:03:00,2.20,18300.00,8318.18,-6.0,39.0,24.0,9.57,16.83,25.70,9.0,39.0,24.0,13.14,16.83,25.70,28.04,19.71,33.62,9.01,16.25,24.39,16.55,9.01,24.39,19.03,3.47,9.23,10.57,9.0,39.0,30.0,54.00,0.20,,0.80
2023.00,S3,2023-08-10_S3_S4_7fce3d7b,B,2023-08-10 13:57:00,2023-08-10 19:37:00,5.67,52850.00,9326.47,138.0,138.0,168.0,28.30,26.07,22.02,138.0,138.0,168.0,28.30,26.07,22.02,35.10,33.82,28.45,19.96,24.98,16.42,20.46,16.42,24.98,15.14,8.84,12.03,12.00,138.0,168.0,30.0,284.00,,0.20,0.40
2023.00,S3,2023-08-10_S3_S4_7fce3d7b,M,2023-08-10 13:57:00,2023-08-10 19:37:00,5.67,52850.00,9326.47,543.0,543.0,543.0,28.65,28.06,31.39,543.0,543.0,543.0,28.65,28.06,31.39,41.66,36.96,38.70,,,,,,,,,,,543.0,543.0,0.0,169.00,,,
2023.00,S3,2023-08-10_S3_S4_7fce3d7b,T,2023-08-10 13:57:00,2023-08-10 19:37:00,5.67,52850.00,9326.47,33.0,33.0,48.0,30.19,30.39,38.93,33.0,33.0,48.0,30.19,30.39,38.93,41.13,39.22,47.39,21.59,27.62,36.65,28.62,21.59,36.65,19.54,11.60,10.74,13.96,33.0,48.0,15.0,54.00,,0.40,0.80
2023.00,S4,2023-08-10_S3_S4_7fce3d7b,B,2023-08-10 13:57:00,2023-08-10 19:37:00,5.67,52850.00,9326.47,303.0,363.0,1233.0,10.20,27.44,28.04,258.0,348.0,,7.96,24.25,,27.30,30.77,28.04,7.33,23.85,16.73,15.97,7.33,23.85,19.97,6.92,11.31,12.74,258.0,348.0,90.0,284.00,0.07,,
2023.00,S4,2023-08-10_S3_S4_7fce3d7b,M,2023-08-10 13:57:00,2023-08-10 19:37:00,5.67,52850.00,9326.47,153.0,228.0,303.0,9.78,11.61,13.03,108.0,213.0,303.0,9.03,9.05,13.03,29.62,23.30,17.20,8.75,8.51,10.68,9.31,8.51,10.68,20.87,14.79,6.52,14.06,108.0,303.0,195.0,169.00,0.06,0.07,0.06
2023.00,S4,2023-08-10_S3_S4_7fce3d7b,T,2023-08-10 13:57:00,2023-08-10 19:37:00,5.67,52850.00,9326.47,-27.0,-27.0,-27.0,24.34,20.72,28.93,,,,,,,44.95,41.22,39.90,13.78,17.76,25.53,19.02,13.78,25.53,31.17,23.46,14.37,23.00,,,,54.00,,,
2023.00,S1,2023-08-24_S1_S2_6cc99259,B,2023-08-24 13:47:00,2023-08-24 18:16:00,4.48,30125.00,6719.33,,,,,,,,,,,,,26.48,33.80,39.86,25.75,33.39,39.62,32.92,25.75,39.62,0.73,0.41,0.24,0.46,,,,284.00,,,
2023.00,S1,2023-08-24_S1_S2_6cc99259,M,2023-08-24 13:47:00,2023-08-24 18:16:00,4.48,30125.00,6719.33,133.0,193.0,253.0,19.32,18.55,37.66,88.0,148.0,238.0,13.68,17.93,35.79,41.00,36.91,40.49,13.09,17.64,35.51,22.08,13.09,35.51,27.91,19.26,4.98,17.38,88.0,238.0,150.0,169.00,0.10,0.07,0.08
2023.00,S1,2023-08-24_S1_S2_6cc99259,T,2023-08-24 13:47:00,2023-08-24 18:16:00,4.48,30125.00,6719.33,-32.0,-32.0,-32.0,28.90,27.02,35.20,13.0,13.0,,42.26,39.85,,43.55,42.31,45.18,15.36,15.21,19.23,16.60,15.21,19.23,28.19,27.10,25.95,27.08,13.0,13.0,0.0,54.00,,,
2023.00,S2,2023-08-24_S1_S2_6cc99259,B,2023-08-24 13:47:00,2023-08-24 18:16:00,4.48,30125.00,6719.33,73.0,58.0,43.0,10.28,14.77,19.09,28.0,43.0,43.0,9.50,8.45,19.09,39.13,35.49,39.73,9.23,8.18,18.48,11.96,8.18,18.48,29.90,27.32,21.25,26.16,28.0,43.0,15.0,284.00,0.40,,0.80
2023.00,S2,2023-08-24_S1_S2_6cc99259,M,2023-08-24 13:47:00,2023-08-24 18:16:00,4.48,30125.00,6719.33,43.0,58.0,58.0,14.93,24.97,32.51,43.0,43.0,58.0,14.93,14.07,32.51,39.09,36.03,36.92,13.10,13.68,27.33,18.04,13.10,27.33,25.99,22.35,9.59,19.31,43.0,58.0,15.0,169.00,,0.40,0.80
2023.00,S2,2023-08-24_S1_S2_6cc99259,T,2023-08-24 13:47:00,2023-08-24 18:16:00,4.48,30125.00,6719.33,133.0,133.0,133.0,19.90,23.88,27.02,133.0,133.0,133.0,19.90,23.88,27.02,43.91,43.34,39.02,12.82,17.52,24.87,18.40,12.82,24.87,31.08,25.82,14.15,23.69,133.0,133.0,0.0,54.00,,,
2023.00,S3,2023-08-24_S3_S4_a4b6ae2a,B,2023-08-24 13:47:00,2023-08-24 18:16:00,4.48,30125.00,6719.33,163.0,178.0,193.0,20.17,19.64,18.40,163.0,178.0,193.0,20.17,19.64,18.40,34.34,31.94,26.76,11.05,13.15,13.77,12.66,11.05,13.77,23.29,18.79,13.00,18.36,163.0,193.0,30.0,284.00,0.40,0.40,0.40
2023.00,S3,2023-08-24_S3_S4_a4b6ae2a,M,2023-08-24 13:47:00,2023-08-24 18:16:00,4.48,30125.00,6719.33,553.0,553.0,553.0,17.22,24.35,29.32,553.0,553.0,553.0,17.22,24.35,29.32,40.38,37.03,39.10,,,,,,,,,,,553.0,553.0,0.0,169.00,,,
2023.00,S3,2023-08-24_S3_S4_a4b6ae2a,T,2023-08-24 13:47:00,2023-08-24 18:16:00,4.48,30125.00,6719.33,58.0,58.0,103.0,19.37,21.14,33.21,58.0,58.0,103.0,19.37,21.14,33.21,40.40,36.72,46.07,13.56,19.94,32.04,21.85,13.56,32.04,26.84,16.77,14.03,19.21,58.0,103.0,45.0,54.00,,0.13,0.27
2023.00,S4,2023-08-24_S3_S4_a4b6ae2a,B,2023-08-24 13:47:00,2023-08-24 18:16:00,4.48,30125.00,6719.33,,,1273.0,,,19.11,,,,,,,7.80,26.89,19.21,7.53,26.95,19.05,17.84,7.53,26.95,0.27,-0.06,0.16,0.12,,,,284.00,,,
2023.00,S4,2023-08-24_S3_S4_a4b6ae2a,M,2023-08-24 13:47:00,2023-08-24 18:16:00,4.48,30125.00,6719.33,,,,,,,298.0,,,9.32,,,15.97,10.36,14.33,8.91,10.34,14.37,11.20,8.91,14.37,7.06,0.02,-0.04,2.35,298.0,298.0,0.0,169.00,,,
2023.00,S4,2023-08-24_S3_S4_a4b6ae2a,T,2023-08-24 13:47:00,2023-08-24 18:16:00,4.48,30125.00,6719.33,28.0,43.0,43.0,11.61,18.09,25.56,13.0,43.0,43.0,9.48,18.09,25.56,43.70,39.82,39.59,9.09,16.71,25.03,16.94,9.09,25.03,34.61,23.11,14.56,24.09,13.0,43.0,30.0,54.00,0.20,,0.40
2023.00,S3,2023-09-07_S3_S4_ea877a99,B,2023-09-07 07:38:00,2023-09-07 18:19:00,10.68,78850.00,7380.66,157.0,157.0,187.0,21.03,15.90,20.98,157.0,157.0,172.0,21.03,15.90,13.29,33.86,32.23,28.32,11.58,14.42,13.03,13.01,11.58,14.42,22.28,17.81,15.29,18.46,157.0,172.0,15.0,284.00,,0.40,0.80
2023.00,S3,2023-09-07_S3_S4_ea877a99,M,2023-09-07 07:38:00,2023-09-07 18:19:00,10.68,78850.00,7380.66,502.0,502.0,502.0,38.77,36.27,37.49,,,502.0,,,37.49,39.57,37.11,39.38,,,,,,,,,,,502.0,502.0,0.0,169.00,,,
2023.00,S3,2023-09-07_S3_S4_ea877a99,T,2023-09-07 07:38:00,2023-09-07 18:19:00,10.68,78850.00,7380.66,37.0,37.0,82.0,14.70,21.38,31.68,37.0,37.0,82.0,14.70,21.38,31.68,40.65,38.45,46.65,12.96,19.18,30.31,20.82,12.96,30.31,27.69,19.27,16.34,21.10,37.0,82.0,45.0,54.00,,0.13,0.27
2023.00,S4,2023-09-07_S3_S4_ea877a99,B,2023-09-07 07:38:00,2023-09-07 18:19:00,10.68,78850.00,7380.66,247.0,367.0,472.0,7.80,25.59,17.53,262.0,367.0,472.0,9.65,25.59,17.53,34.59,45.20,34.44,,,,,,,,,,,262.0,472.0,210.0,284.00,0.06,0.06,0.06
2023.00,S4,2023-09-07_S3_S4_ea877a99,M,2023-09-07 07:38:00,2023-09-07 18:19:00,10.68,78850.00,7380.66,232.0,292.0,397.0,8.94,9.53,12.94,217.0,292.0,397.0,8.18,9.53,12.94,32.98,31.27,25.67,7.86,8.24,10.81,8.97,7.86,10.81,25.13,23.03,14.85,21.00,217.0,397.0,180.0,169.00,0.08,0.06,0.07
2023.00,S4,2023-09-07_S3_S4_ea877a99,T,2023-09-07 07:38:00,2023-09-07 18:19:00,10.68,78850.00,7380.66,-23.0,-23.0,-8.0,13.71,16.82,32.27,,,,,,,42.87,39.44,39.31,8.99,16.26,24.25,16.50,8.99,24.25,33.88,23.18,15.06,24.04,,,,54.00,,,
2023.00,S1,2023-09-21_S1_S2_6dbb0789,B,2023-09-21 09:07:00,2023-09-21 16:09:00,7.03,37650.00,5353.08,,,,,,,,,,,,,21.89,26.56,33.48,21.52,25.61,32.43,26.52,21.52,32.43,0.37,0.95,1.05,0.79,,,,284.00,,,
2023.00,S1,2023-09-21_S1_S2_6dbb0789,M,2023-09-21 09:07:00,2023-09-21 16:09:00,7.03,37650.00,5353.08,233.0,338.0,398.0,13.97,16.81,28.76,188.0,278.0,413.0,11.71,15.00,29.89,39.61,35.09,37.87,11.11,14.70,28.53,18.11,11.11,28.53,28.51,20.40,9.34,19.41,188.0,413.0,225.0,169.00,0.07,0.04,0.05
2023.00,S1,2023-09-21_S1_S2_6dbb0789,T,2023-09-21 09:07:00,2023-09-21 16:09:00,7.03,37650.00,5353.08,-37.0,-37.0,-37.0,18.73,18.26,24.38,8.0,8.0,,40.58,38.88,,42.33,41.00,45.06,13.91,13.85,16.74,14.83,13.85,16.74,28.42,27.15,28.32,27.96,8.0,8.0,0.0,54.00,,,
2023.00,S2,2023-09-21_S1_S2_6dbb0789,B,2023-09-21 09:07:00,2023-09-21 16:09:00,7.03,37650.00,5353.08,113.0,53.0,38.0,9.33,10.06,10.06,68.0,53.0,38.0,8.62,10.06,10.06,35.84,34.00,38.14,8.27,6.99,7.76,7.67,6.99,8.27,27.56,27.01,30.37,28.32,38.0,68.0,30.0,284.00,,,
2023.00,S2,2023-09-21_S1_S2_6dbb0789,M,2023-09-21 09:07:00,2023-09-21 16:09:00,7.03,37650.00,5353.08,53.0,53.0,53.0,22.00,17.15,28.48,53.0,53.0,38.0,22.00,17.15,20.88,38.48,36.00,37.55,12.09,12.00,20.45,14.85,12.00,20.45,26.39,24.00,17.10,22.50,38.0,53.0,15.0,169.00,,,
2023.00,S2,2023-09-21_S1_S2_6dbb0789,T,2023-09-21 09:07:00,2023-09-21 16:09:00,7.03,37650.00,5353.08,143.0,128.0,143.0,37.08,18.20,32.67,143.0,128.0,128.0,37.08,18.20,23.19,40.45,42.49,38.58,11.43,16.73,22.77,16.97,11.43,22.77,29.03,25.76,15.81,23.53,128.0,143.0,15.0,54.00,,,
2023.00,S3,2023-09-22_S3_S4_157133f5,B,2023-09-22 07:20:00,2023-09-22 16:18:00,8.97,72300.00,8063.20,160.0,175.0,190.0,21.19,26.40,19.75,160.0,160.0,190.0,21.19,20.02,19.75,33.43,32.15,27.35,15.83,19.73,13.34,16.30,13.34,19.73,17.61,12.42,14.01,14.68,160.0,190.0,30.0,284.00,,0.20,0.40
2023.00,S3,2023-09-22_S3_S4_157133f5,M,2023-09-22 07:20:00,2023-09-22 16:18:00,8.97,72300.00,8063.20,535.0,535.0,535.0,38.77,36.23,37.66,,,,,,,39.34,36.56,38.53,,,,,,,,,,,,,,169.00,,,
2023.00,S3,2023-09-22_S3_S4_157133f5,T,2023-09-22 07:20:00,2023-09-22 16:18:00,8.97,72300.00,8063.20,55.0,55.0,85.0,18.74,24.04,33.42,55.0,55.0,70.0,18.74,24.04,32.41,39.38,36.97,45.98,13.06,20.37,32.10,21.84,13.06,32.10,26.32,16.60,13.87,18.93,55.0,70.0,15.0,54.00,,0.40,0.80
2023.00,S4,2023-09-22_S3_S4_157133f5,B,2023-09-22 07:20:00,2023-09-22 16:18:00,8.97,72300.00,8063.20,235.0,385.0,445.0,7.86,30.00,26.89,,,,,,,31.33,37.09,34.64,,,,,,,,,,,,,,284.00,,,
2023.00,S4,2023-09-22_S3_S4_157133f5,M,2023-09-22 07:20:00,2023-09-22 16:18:00,8.97,72300.00,8063.20,235.0,355.0,400.0,10.45,15.01,26.26,235.0,355.0,400.0,10.45,15.01,26.26,39.38,35.43,32.72,9.52,14.46,20.42,14.80,9.52,20.42,29.86,20.97,12.29,21.04,235.0,400.0,165.0,169.00,0.05,0.13,0.07
2023.00,S4,2023-09-22_S3_S4_157133f5,T,2023-09-22 07:20:00,2023-09-22 16:18:00,8.97,72300.00,8063.20,-5.0,10.0,10.0,13.78,31.88,37.74,10.0,10.0,10.0,33.30,31.88,37.74,42.85,37.14,38.83,10.21,18.20,26.02,18.15,10.21,26.02,32.64,18.94,12.81,21.46,10.0,10.0,0.0,54.00,,,
