year,strip_group,location,strip,event_id,sensor_col,logger_position,depth_index,depth_inches,irrigation_start,irrigation_end,bottom_response_delay_hr,time_to_peak_hours,time_to_plateau_hours,event_duration_hours,gallons_strip,flag_pre_start_response,flag_unexplained_pre_start_response,likely_precip_driven_pre_start_response,possible_battery_or_logger_issue,vwc_missing_fraction_pre_start_window,battery_col,total_precip_in_pre_start_window,trustworthy_event,trustworthy_reason,trustworthy_min_bottom_response_delay_hr,battery_pre_start_min_v,battery_event_min_v
2023,S1_S2,west,S1,2023-05-23_S1_S2_176caf9a,VWC_3_raw_S1_B,B,3,18,2023-05-23 15:25:00,2023-05-23 19:19:00,23.5833,23.5833,23.8333,3.9,72500.0,False,False,False,False,0.0,BattV_Min_S1_B,0.0,True,ok,0.5,,
2023,S1_S2,west,S1,2023-06-01_S1_S2_5b27ce31,VWC_1_raw_S1_B,B,1,6,2023-06-01 11:16:08,2023-06-01 18:45:00,7.2311,7.2311,17.2311,7.4811,33650.0,False,False,False,False,0.0,BattV_Min_S1_B,0.0,True,ok,0.5,,
2023,S1_S2,west,S1,2023-06-01_S1_S2_5b27ce31,VWC_2_raw_S1_B,B,2,12,2023-06-01 11:16:08,2023-06-01 18:45:00,7.9811,7.9811,,7.4811,33650.0,False,False,False,False,0.0,BattV_Min_S1_B,0.0,True,ok,0.5,,
2023,S1_S2,west,S1,2023-06-01_S1_S2_5b27ce31,VWC_3_raw_S1_B,B,3,18,2023-06-01 11:16:08,2023-06-01 18:45:00,12.2311,12.2311,,7.4811,33650.0,False,False,False,False,0.0,BattV_Min_S1_B,0.0,True,ok,0.5,,
2023,S1_S2,west,S1,2023-06-26_S1_S2_69e5d9b6,VWC_1_raw_S1_B,B,1,6,2023-06-26 09:31:00,2023-06-26 16:02:00,8.2333,8.2333,8.4833,6.5167,44700.0,False,False,False,False,0.0,BattV_Min_S1_B,0.0,True,ok,0.5,,
2023,S1_S2,west,S1,2023-06-26_S1_S2_69e5d9b6,VWC_2_raw_S1_B,B,2,12,2023-06-26 09:31:00,2023-06-26 16:02:00,12.9833,12.9833,13.9833,6.5167,44700.0,False,False,False,False,0.0,BattV_Min_S1_B,0.0,True,ok,0.5,,
2023,S1_S2,west,S1,2023-06-26_S1_S2_69e5d9b6,VWC_3_raw_S1_B,B,3,18,2023-06-26 09:31:00,2023-06-26 16:02:00,13.7333,13.7333,,6.5167,44700.0,False,False,False,False,0.0,BattV_Min_S1_B,0.0,True,ok,0.5,,
2023,S1_S2,west,S1,2023-07-17_S1_S2_ae0a89b4,VWC_1_raw_S1_B,B,1,6,2023-07-17 08:04:00,2023-07-17 16:04:00,9.1833,9.1833,,8.0,60450.0,False,False,False,False,0.0,BattV_Min_S1_B,0.0,True,ok,0.5,,
2023,S1_S2,west,S1,2023-07-17_S1_S2_ae0a89b4,VWC_2_raw_S1_B,B,2,12,2023-07-17 08:04:00,2023-07-17 16:04:00,23.9333,23.9333,27.9333,8.0,60450.0,False,False,False,False,0.0,BattV_Min_S1_B,0.0,True,ok,0.5,,
2023,S1_S2,west,S1,2023-07-17_S1_S2_ae0a89b4,VWC_3_raw_S1_B,B,3,18,2023-07-17 08:04:00,2023-07-17 16:04:00,23.9333,23.9333,27.9333,8.0,60450.0,False,False,False,False,0.0,BattV_Min_S1_B,0.0,True,ok,0.5,,
2023,S1_S2,west,S1,2023-08-05_S1_S2_efaa9d14,VWC_1_raw_S1_B,B,1,6,2023-08-05 08:48:00,2023-08-05 14:56:00,10.95,10.95,23.95,6.1333,49250.0,False,False,False,False,0.0,BattV_Min_S1_B,0.0,True,ok,0.5,,
2023,S1_S2,west,S1,2023-08-05_S1_S2_efaa9d14,VWC_2_raw_S1_B,B,2,12,2023-08-05 08:48:00,2023-08-05 14:56:00,23.45,23.45,23.7,6.1333,49250.0,False,False,False,False,0.0,BattV_Min_S1_B,0.0,True,ok,0.5,,
2023,S1_S2,west,S1,2023-08-05_S1_S2_efaa9d14,VWC_3_raw_S1_B,B,3,18,2023-08-05 08:48:00,2023-08-05 14:56:00,13.95,13.95,17.95,6.1333,49250.0,False,False,False,False,0.0,BattV_Min_S1_B,0.0,True,ok,0.5,,
2023,S1_S2,west,S1,2023-08-24_S1_S2_6cc99259,VWC_1_raw_S1_B,B,1,6,2023-08-24 13:47:00,2023-08-24 18:16:00,2.4667,2.4667,15.7167,4.4833,30125.0,False,False,False,False,0.0,BattV_Min_S1_B,0.0,True,ok,0.5,,
2023,S1_S2,west,S1,2023-08-24_S1_S2_6cc99259,VWC_2_raw_S1_B,B,2,12,2023-08-24 13:47:00,2023-08-24 18:16:00,6.4667,6.4667,,4.4833,30125.0,False,False,False,False,0.0,BattV_Min_S1_B,0.0,True,ok,0.5,,
2023,S1_S2,west,S1,2023-08-24_S1_S2_6cc99259,VWC_3_raw_S1_B,B,3,18,2023-08-24 13:47:00,2023-08-24 18:16:00,3.4667,3.4667,,4.4833,30125.0,False,False,False,False,0.0,BattV_Min_S1_B,0.0,True,ok,0.5,,
2023,S1_S2,west,S1,2023-09-21_S1_S2_6dbb0789,VWC_1_raw_S1_B,B,1,6,2023-09-21 09:07:00,2023-09-21 16:09:00,3.6333,3.6333,,7.0333,37650.0,False,False,False,False,0.0,BattV_Min_S1_B,0.0,True,ok,0.5,,
2023,S1_S2,west,S1,2023-09-21_S1_S2_6dbb0789,VWC_2_raw_S1_B,B,2,12,2023-09-21 09:07:00,2023-09-21 16:09:00,15.1333,15.1333,15.3833,7.0333,37650.0,False,False,False,False,0.0,BattV_Min_S1_B,0.0,True,ok,0.5,,
2023,S1_S2,west,S1,2023-09-21_S1_S2_6dbb0789,VWC_3_raw_S1_B,B,3,18,2023-09-21 09:07:00,2023-09-21 16:09:00,23.8833,23.8833,25.1333,7.0333,37650.0,False,False,False,False,0.0,BattV_Min_S1_B,0.0,True,ok,0.5,,
2023,S1_S2,west,S2,2023-05-23_S1_S2_176caf9a,VWC_3_raw_S2_B,B,3,18,2023-05-23 15:25:00,2023-05-23 19:19:00,3.5833,3.5833,7.5833,3.9,72500.0,False,False,False,False,0.0,BattV_Min_S2_B,0.0,True,ok,0.5,,
2023,S1_S2,west,S2,2023-06-01_S1_S2_5b27ce31,VWC_1_raw_S2_B,B,1,6,2023-06-01 11:16:08,2023-06-01 18:45:00,6.7311,6.7311,12.9811,7.4811,33650.0,False,False,False,False,0.0,BattV_Min_S2_B,0.0,True,ok,0.5,,
2023,S1_S2,west,S2,2023-06-01_S1_S2_5b27ce31,VWC_2_raw_S2_B,B,2,12,2023-06-01 11:16:08,2023-06-01 18:45:00,6.9811,6.9811,11.7311,7.4811,33650.0,False,False,False,False,0.0,BattV_Min_S2_B,0.0,True,ok,0.5,,
2023,S1_S2,west,S2,2023-06-01_S1_S2_5b27ce31,VWC_3_raw_S2_B,B,3,18,2023-06-01 11:16:08,2023-06-01 18:45:00,6.7311,6.7311,10.7311,7.4811,33650.0,False,False,False,False,0.0,BattV_Min_S2_B,0.0,True,ok,0.5,,
2023,S1_S2,west,S2,2023-06-26_S1_S2_69e5d9b6,VWC_1_raw_S2_B,B,1,6,2023-06-26 09:31:00,2023-06-26 16:02:00,5.9833,5.9833,20.2333,6.5167,44700.0,False,False,False,False,0.0,BattV_Min_S2_B,0.0,True,ok,0.5,,
2023,S1_S2,west,S2,2023-06-26_S1_S2_69e5d9b6,VWC_2_raw_S2_B,B,2,12,2023-06-26 09:31:00,2023-06-26 16:02:00,5.4833,5.4833,15.2333,6.5167,44700.0,False,False,False,False,0.0,BattV_Min_S2_B,0.0,True,ok,0.5,,
2023,S1_S2,west,S2,2023-06-26_S1_S2_69e5d9b6,VWC_3_raw_S2_B,B,3,18,2023-06-26 09:31:00,2023-06-26 16:02:00,5.9833,5.9833,9.9833,6.5167,44700.0,False,False,False,False,0.0,BattV_Min_S2_B,0.0,True,ok,0.5,,
2023,S1_S2,west,S2,2023-07-17_S1_S2_ae0a89b4,VWC_1_raw_S2_B,B,1,6,2023-07-17 08:04:00,2023-07-17 16:04:00,6.4333,6.4333,10.4333,8.0,60450.0,False,False,False,False,0.0,BattV_Min_S2_B,0.0,True,ok,0.5,,
2023,S1_S2,west,S2,2023-07-17_S1_S2_ae0a89b4,VWC_2_raw_S2_B,B,2,12,2023-07-17 08:04:00,2023-07-17 16:04:00,6.4333,6.4333,6.6833,8.0,60450.0,False,False,False,False,0.0,BattV_Min_S2_B,0.0,True,ok,0.5,,
2023,S1_S2,west,S2,2023-07-17_S1_S2_ae0a89b4,VWC_3_raw_S2_B,B,3,18,2023-07-17 08:04:00,2023-07-17 16:04:00,7.4333,7.4333,11.4333,8.0,60450.0,False,False,False,False,0.0,BattV_Min_S2_B,0.0,True,ok,0.5,,
2023,S1_S2,west,S2,2023-08-05_S1_S2_efaa9d14,VWC_1_raw_S2_B,B,1,6,2023-08-05 08:48:00,2023-08-05 14:56:00,5.45,5.45,18.95,6.1333,49250.0,False,False,False,False,0.0,BattV_Min_S2_B,0.0,True,ok,0.5,,
2023,S1_S2,west,S2,2023-08-05_S1_S2_efaa9d14,VWC_2_raw_S2_B,B,2,12,2023-08-05 08:48:00,2023-08-05 14:56:00,5.7,5.7,15.45,6.1333,49250.0,False,False,False,False,0.0,BattV_Min_S2_B,0.0,True,ok,0.5,,
2023,S1_S2,west,S2,2023-08-24_S1_S2_6cc99259,VWC_1_raw_S2_B,B,1,6,2023-08-24 13:47:00,2023-08-24 18:16:00,3.7167,3.7167,15.2167,4.4833,30125.0,False,False,False,False,0.0,BattV_Min_S2_B,0.0,True,ok,0.5,,
2023,S1_S2,west,S2,2023-08-24_S1_S2_6cc99259,VWC_2_raw_S2_B,B,2,12,2023-08-24 13:47:00,2023-08-24 18:16:00,3.9667,3.9667,13.9667,4.4833,30125.0,False,False,False,False,0.0,BattV_Min_S2_B,0.0,True,ok,0.5,,
2023,S1_S2,west,S2,2023-08-24_S1_S2_6cc99259,VWC_3_raw_S2_B,B,3,18,2023-08-24 13:47:00,2023-08-24 18:16:00,3.9667,3.9667,7.9667,4.4833,30125.0,False,False,False,False,0.0,BattV_Min_S2_B,0.0,True,ok,0.5,,
2023,S1_S2,west,S2,2023-09-21_S1_S2_6dbb0789,VWC_1_raw_S2_B,B,1,6,2023-09-21 09:07:00,2023-09-21 16:09:00,6.3833,6.3833,20.1333,7.0333,37650.0,False,False,False,False,0.0,BattV_Min_S2_B,0.0,True,ok,0.5,,
2023,S1_S2,west,S2,2023-09-21_S1_S2_6dbb0789,VWC_2_raw_S2_B,B,2,12,2023-09-21 09:07:00,2023-09-21 16:09:00,6.3833,6.3833,18.8833,7.0333,37650.0,False,False,False,False,0.0,BattV_Min_S2_B,0.0,True,ok,0.5,,
2023,S1_S2,west,S2,2023-09-21_S1_S2_6dbb0789,VWC_3_raw_S2_B,B,3,18,2023-09-21 09:07:00,2023-09-21 16:09:00,6.3833,6.3833,10.3833,7.0333,37650.0,False,False,False,False,0.0,BattV_Min_S2_B,0.0,True,ok,0.5,,
2023,S3_S4,east,S3,2023-05-24_S3_S4_31cada45,VWC_1_raw_S3_B,B,1,6,2023-05-24 09:25:00,2023-05-24 13:19:00,16.3333,16.3333,16.5833,3.9,73300.0,False,False,False,False,0.0,BattV_Min_S3_B,0.0,True,ok,0.5,,
2023,S3_S4,east,S3,2023-05-24_S3_S4_31cada45,VWC_2_raw_S3_B,B,2,12,2023-05-24 09:25:00,2023-05-24 13:19:00,23.8333,23.8333,24.0833,3.9,73300.0,False,False,False,False,0.0,BattV_Min_S3_B,0.0,True,ok,0.5,,
2023,S3_S4,east,S3,2023-05-24_S3_S4_31cada45,VWC_3_raw_S3_B,B,3,18,2023-05-24 09:25:00,2023-05-24 13:19:00,9.8333,9.8333,10.0833,3.9,73300.0,False,False,False,False,0.0,BattV_Min_S3_B,0.0,True,ok,0.5,,
2023,S3_S4,east,S3,2023-06-02_S3_S4_e824e1bc,VWC_1_raw_S3_B,B,1,6,2023-06-02 15:43:00,2023-06-02 22:12:00,6.0333,6.0333,12.2833,6.4833,33750.0,False,False,False,False,0.0,BattV_Min_S3_B,0.0,True,ok,0.5,,
2023,S3_S4,east,S3,2023-06-02_S3_S4_e824e1bc,VWC_2_raw_S3_B,B,2,12,2023-06-02 15:43:00,2023-06-02 22:12:00,8.0333,8.0333,10.5333,6.4833,33750.0,False,False,False,False,0.0,BattV_Min_S3_B,0.0,True,ok,0.5,,
2023,S3_S4,east,S3,2023-06-02_S3_S4_e824e1bc,VWC_3_raw_S3_B,B,3,18,2023-06-02 15:43:00,2023-06-02 22:12:00,6.2833,6.2833,19.7833,6.4833,33750.0,False,False,False,False,0.0,BattV_Min_S3_B,0.0,True,ok,0.5,,
2023,S3_S4,east,S3,2023-06-14_S3_S4_71ac748b,VWC_1_raw_S3_B,B,1,6,2023-06-14 08:25:00,2023-06-14 17:29:00,9.5833,9.5833,9.8333,9.0667,64100.0,False,False,False,False,0.0,BattV_Min_S3_B,0.0,True,ok,0.5,,
2023,S3_S4,east,S3,2023-06-14_S3_S4_71ac748b,VWC_2_raw_S3_B,B,2,12,2023-06-14 08:25:00,2023-06-14 17:29:00,10.5833,10.5833,16.3333,9.0667,64100.0,False,False,False,False,0.0,BattV_Min_S3_B,0.0,True,ok,0.5,,
2023,S3_S4,east,S3,2023-06-14_S3_S4_71ac748b,VWC_3_raw_S3_B,B,3,18,2023-06-14 08:25:00,2023-06-14 17:29:00,10.5833,10.5833,14.5833,9.0667,64100.0,False,False,False,False,0.0,BattV_Min_S3_B,0.0,True,ok,0.5,,
2023,S3_S4,east,S3,2023-06-27_S3_S4_87f629e2,VWC_1_raw_S3_B,B,1,6,2023-06-27 07:53:00,2023-06-27 16:14:00,9.6167,9.6167,20.8667,8.35,67850.0,False,False,False,False,0.0,BattV_Min_S3_B,0.0,True,ok,0.5,,
2023,S3_S4,east,S3,2023-06-27_S3_S4_87f629e2,VWC_2_raw_S3_B,B,2,12,2023-06-27 07:53:00,2023-06-27 16:14:00,9.8667,9.8667,15.1167,8.35,67850.0,False,False,False,False,0.0,BattV_Min_S3_B,0.0,True,ok,0.5,,
2023,S3_S4,east,S3,2023-06-27_S3_S4_87f629e2,VWC_3_raw_S3_B,B,3,18,2023-06-27 07:53:00,2023-06-27 16:14:00,9.8667,9.8667,13.8667,8.35,67850.0,False,False,False,False,0.0,BattV_Min_S3_B,0.0,True,ok,0.5,,
2023,S3_S4,east,S3,2023-07-07_S3_S4_bf19b251,VWC_1_raw_S3_B,B,1,6,2023-07-07 07:46:00,2023-07-07 15:46:00,9.4833,9.4833,22.4833,8.0,64250.0,False,False,False,False,0.0,BattV_Min_S3_B,0.0,True,ok,0.5,,
2023,S3_S4,east,S3,2023-07-07_S3_S4_bf19b251,VWC_2_raw_S3_B,B,2,12,2023-07-07 07:46:00,2023-07-07 15:46:00,9.4833,9.4833,14.7333,8.0,64250.0,False,False,False,False,0.0,BattV_Min_S3_B,0.0,True,ok,0.5,,
2023,S3_S4,east,S3,2023-07-07_S3_S4_bf19b251,VWC_3_raw_S3_B,B,3,18,2023-07-07 07:46:00,2023-07-07 15:46:00,4.7333,4.7333,7.4833,8.0,64250.0,False,False,False,False,0.0,BattV_Min_S3_B,0.0,True,ok,0.5,,
2023,S3_S4,east,S3,2023-07-17_S3_S4_a04fe807,VWC_1_raw_S3_B,B,1,6,2023-07-17 19:19:00,2023-07-18 05:53:00,12.1833,12.1833,16.1833,10.5667,80450.0,False,False,False,False,0.0,BattV_Min_S3_B,0.0,True,ok,0.5,,
2023,S3_S4,east,S3,2023-07-17_S3_S4_a04fe807,VWC_2_raw_S3_B,B,2,12,2023-07-17 19:19:00,2023-07-18 05:53:00,11.9333,11.9333,25.9333,10.5667,80450.0,False,False,False,False,0.0,BattV_Min_S3_B,0.0,True,ok,0.5,,
2023,S3_S4,east,S3,2023-07-17_S3_S4_a04fe807,VWC_3_raw_S3_B,B,3,18,2023-07-17 19:19:00,2023-07-18 05:53:00,12.1833,12.1833,16.1833,10.5667,80450.0,False,False,False,False,0.0,BattV_Min_S3_B,0.0,True,ok,0.5,,
2023,S3_S4,east,S3,2023-07-27_S3_S4_89a0fecc,VWC_1_raw_S3_B,B,1,6,2023-07-27 10:00:00,2023-07-27 17:29:00,9.5,9.5,21.25,7.4833,25200.0,False,False,False,False,0.0,BattV_Min_S3_B,0.0,True,ok,0.5,,
2023,S3_S4,east,S3,2023-07-27_S3_S4_89a0fecc,VWC_2_raw_S3_B,B,2,12,2023-07-27 10:00:00,2023-07-27 17:29:00,9.25,9.25,14.75,7.4833,25200.0,False,False,False,False,0.0,BattV_Min_S3_B,0.0,True,ok,0.5,,
2023,S3_S4,east,S3,2023-07-27_S3_S4_89a0fecc,VWC_3_raw_S3_B,B,3,18,2023-07-27 10:00:00,2023-07-27 17:29:00,9.25,9.25,13.25,7.4833,25200.0,False,False,False,False,0.0,BattV_Min_S3_B,0.0,True,ok,0.5,,
2023,S3_S4,east,S3,2023-08-05_S3_S4_0f92146d,VWC_1_raw_S3_B,B,1,6,2023-08-05 08:51:00,2023-08-05 11:03:00,3.65,3.65,13.15,2.2,18300.0,False,False,False,False,0.0,BattV_Min_S3_B,0.0,True,ok,0.5,,
2023,S3_S4,east,S3,2023-08-05_S3_S4_0f92146d,VWC_2_raw_S3_B,B,2,12,2023-08-05 08:51:00,2023-08-05 11:03:00,3.65,3.65,10.9,2.2,18300.0,False,False,False,False,0.0,BattV_Min_S3_B,0.0,True,ok,0.5,,
2023,S3_S4,east,S3,2023-08-05_S3_S4_0f92146d,VWC_3_raw_S3_B,B,3,18,2023-08-05 08:51:00,2023-08-05 11:03:00,3.65,3.65,7.65,2.2,18300.0,False,False,False,False,0.0,BattV_Min_S3_B,0.0,True,ok,0.5,,
2023,S3_S4,east,S3,2023-08-10_S3_S4_7fce3d7b,VWC_1_raw_S3_B,B,1,6,2023-08-10 13:57:00,2023-08-10 19:37:00,7.3,7.3,16.3,5.6667,52850.0,False,False,False,False,0.0,BattV_Min_S3_B,0.0,True,ok,0.5,,
2023,S3_S4,east,S3,2023-08-10_S3_S4_7fce3d7b,VWC_2_raw_S3_B,B,2,12,2023-08-10 13:57:00,2023-08-10 19:37:00,7.3,7.3,15.05,5.6667,52850.0,False,False,False,False,0.0,BattV_Min_S3_B,0.0,True,ok,0.5,,
2023,S3_S4,east,S3,2023-08-10_S3_S4_7fce3d7b,VWC_3_raw_S3_B,B,3,18,2023-08-10 13:57:00,2023-08-10 19:37:00,7.05,7.05,11.05,5.6667,52850.0,False,False,False,False,0.0,BattV_Min_S3_B,0.0,True,ok,0.5,,
2023,S3_S4,east,S3,2023-08-24_S3_S4_a4b6ae2a,VWC_1_raw_S3_B,B,1,6,2023-08-24 13:47:00,2023-08-24 18:16:00,5.9667,5.9667,15.9667,4.4833,30125.0,False,False,False,False,0.0,BattV_Min_S3_B,0.0,True,ok,0.5,,
2023,S3_S4,east,S3,2023-08-24_S3_S4_a4b6ae2a,VWC_2_raw_S3_B,B,2,12,2023-08-24 13:47:00,2023-08-24 18:16:00,6.2167,6.2167,12.9667,4.4833,30125.0,False,False,False,False,0.0,BattV_Min_S3_B,0.0,True,ok,0.5,,
2023,S3_S4,east,S3,2023-08-24_S3_S4_a4b6ae2a,VWC_3_raw_S3_B,B,3,18,2023-08-24 13:47:00,2023-08-24 18:16:00,5.9667,5.9667,9.9667,4.4833,30125.0,False,False,False,False,0.0,BattV_Min_S3_B,0.0,True,ok,0.5,,
2023,S3_S4,east,S3,2023-09-07_S3_S4_ea877a99,VWC_1_raw_S3_B,B,1,6,2023-09-07 07:38:00,2023-09-07 18:19:00,7.8667,7.8667,8.1167,10.6833,78850.0,False,False,False,False,0.0,BattV_Min_S3_B,0.0,True,ok,0.5,,
2023,S3_S4,east,S3,2023-09-07_S3_S4_ea877a99,VWC_2_raw_S3_B,B,2,12,2023-09-07 07:38:00,2023-09-07 18:19:00,12.1167,12.1167,19.1167,10.6833,78850.0,False,False,False,False,0.0,BattV_Min_S3_B,0.0,True,ok,0.5,,
2023,S3_S4,east,S3,2023-09-07_S3_S4_ea877a99,VWC_3_raw_S3_B,B,3,18,2023-09-07 07:38:00,2023-09-07 18:19:00,12.1167,12.1167,16.1167,10.6833,78850.0,False,False,False,False,0.0,BattV_Min_S3_B,0.0,True,ok,0.5,,
2023,S3_S4,east,S3,2023-09-22_S3_S4_157133f5,VWC_1_raw_S3_B,B,1,6,2023-09-22 07:20:00,2023-09-22 16:18:00,10.6667,10.6667,23.6667,8.9667,72300.0,False,False,False,False,0.0,BattV_Min_S3_B,0.0,True,ok,0.5,,
2023,S3_S4,east,S3,2023-09-22_S3_S4_157133f5,VWC_2_raw_S3_B,B,2,12,2023-09-22 07:20:00,2023-09-22 16:18:00,10.6667,10.6667,20.9167,8.9667,72300.0,False,False,False,False,0.0,BattV_Min_S3_B,0.0,True,ok,0.5,,
2023,S3_S4,east,S3,2023-09-22_S3_S4_157133f5,VWC_3_raw_S3_B,B,3,18,2023-09-22 07:20:00,2023-09-22 16:18:00,10.4167,10.4167,14.4167,8.9667,72300.0,False,False,False,False,0.0,BattV_Min_S3_B,0.0,True,ok,0.5,,
2023,S3_S4,east,S4,2023-05-24_S3_S4_31cada45,VWC_1_raw_S4_B,B,1,6,2023-05-24 09:25:00,2023-05-24 13:19:00,20.0833,20.0833,20.3333,3.9,73300.0,False,False,False,False,0.0,BattV_Min_S4_B,0.0,True,ok,0.5,,
2023,S3_S4,east,S4,2023-05-24_S3_S4_31cada45,VWC_3_raw_S4_B,B,3,18,2023-05-24 09:25:00,2023-05-24 13:19:00,23.0833,23.0833,23.3333,3.9,73300.0,False,False,False,False,0.0,BattV_Min_S4_B,0.0,True,ok,0.5,,
2023,S3_S4,east,S4,2023-06-02_S3_S4_e824e1bc,VWC_1_raw_S4_B,B,1,6,2023-06-02 15:43:00,2023-06-02 22:12:00,0.7833,0.7833,,6.4833,33750.0,False,False,False,False,0.0,BattV_Min_S4_B,0.0,True,ok,0.5,,
2023,S3_S4,east,S4,2023-06-02_S3_S4_e824e1bc,VWC_2_raw_S4_B,B,2,12,2023-06-02 15:43:00,2023-06-02 22:12:00,7.5333,7.5333,,6.4833,33750.0,False,False,False,False,0.0,BattV_Min_S4_B,0.0,True,ok,0.5,,
2023,S3_S4,east,S4,2023-06-02_S3_S4_e824e1bc,VWC_3_raw_S4_B,B,3,18,2023-06-02 15:43:00,2023-06-02 22:12:00,21.2833,21.2833,,6.4833,33750.0,False,False,False,False,0.0,BattV_Min_S4_B,0.0,True,ok,0.5,,
2023,S3_S4,east,S4,2023-06-14_S3_S4_71ac748b,VWC_1_raw_S4_B,B,1,6,2023-06-14 08:25:00,2023-06-14 17:29:00,17.8333,17.8333,18.0833,9.0667,64100.0,False,False,False,False,0.0,BattV_Min_S4_B,0.0,True,ok,0.5,,
2023,S3_S4,east,S4,2023-06-14_S3_S4_71ac748b,VWC_2_raw_S4_B,B,2,12,2023-06-14 08:25:00,2023-06-14 17:29:00,14.3333,14.3333,15.5833,9.0667,64100.0,False,False,False,False,0.0,BattV_Min_S4_B,0.0,True,ok,0.5,,
2023,S3_S4,east,S4,2023-06-14_S3_S4_71ac748b,VWC_3_raw_S4_B,B,3,18,2023-06-14 08:25:00,2023-06-14 17:29:00,23.8333,23.8333,38.8333,9.0667,64100.0,False,False,False,False,0.0,BattV_Min_S4_B,0.0,True,ok,0.5,,
2023,S3_S4,east,S4,2023-07-17_S3_S4_a04fe807,VWC_2_raw_S4_B,B,2,12,2023-07-17 19:19:00,2023-07-18 05:53:00,14.9333,14.9333,24.9333,10.5667,80450.0,False,False,False,False,0.0,BattV_Min_S4_B,0.0,True,ok,0.5,,
2023,S3_S4,east,S4,2023-07-17_S3_S4_a04fe807,VWC_3_raw_S4_B,B,3,18,2023-07-17 19:19:00,2023-07-18 05:53:00,14.6833,14.6833,18.6833,10.5667,80450.0,False,False,False,False,0.0,BattV_Min_S4_B,0.0,True,ok,0.5,,
2023,S1_S2,west,S1,2023-05-23_S1_S2_176caf9a,VWC_1_raw_S1_B,B,1,6,2023-05-23 15:25:00,2023-05-23 19:19:00,23.8333,23.8333,27.8333,3.9,72500.0,True,True,False,False,0.0,BattV_Min_S1_B,0.0,False,unexplained_pre_start_response,0.5,,
2023,S1_S2,west,S1,2023-05-23_S1_S2_176caf9a,VWC_2_raw_S1_B,B,2,12,2023-05-23 15:25:00,2023-05-23 19:19:00,0.0833,0.0833,,3.9,72500.0,True,True,False,False,0.0,BattV_Min_S1_B,0.0,False,unexplained_pre_start_response; bottom_response_too_early,0.5,,
2023,S1_S2,west,S2,2023-05-23_S1_S2_176caf9a,VWC_1_raw_S2_B,B,1,6,2023-05-23 15:25:00,2023-05-23 19:19:00,3.5833,3.5833,15.0833,3.9,72500.0,True,True,False,False,0.0,BattV_Min_S2_B,0.0,False,unexplained_pre_start_response,0.5,,
2023,S1_S2,west,S2,2023-05-23_S1_S2_176caf9a,VWC_2_raw_S2_B,B,2,12,2023-05-23 15:25:00,2023-05-23 19:19:00,4.0833,4.0833,11.0833,3.9,72500.0,True,True,False,False,0.0,BattV_Min_S2_B,0.0,False,unexplained_pre_start_response,0.5,,
2023,S1_S2,west,S2,2023-08-05_S1_S2_efaa9d14,VWC_3_raw_S2_B,B,3,18,2023-08-05 08:48:00,2023-08-05 14:56:00,5.7,5.7,9.7,6.1333,49250.0,True,True,False,False,0.0,BattV_Min_S2_B,0.0,False,unexplained_pre_start_response,0.5,,
2023,S3_S4,east,S4,2023-05-24_S3_S4_31cada45,VWC_2_raw_S4_B,B,2,12,2023-05-24 09:25:00,2023-05-24 13:19:00,0.0833,0.0833,,3.9,73300.0,False,False,False,False,0.0,BattV_Min_S4_B,0.0,False,bottom_response_too_early,0.5,,
2023,S3_S4,east,S4,2023-07-17_S3_S4_a04fe807,VWC_1_raw_S4_B,B,1,6,2023-07-17 19:19:00,2023-07-18 05:53:00,14.6833,14.6833,18.6833,10.5667,80450.0,True,True,False,False,0.0,BattV_Min_S4_B,0.0,False,unexplained_pre_start_response,0.5,,
2023,S3_S4,east,S4,2023-08-10_S3_S4_7fce3d7b,VWC_1_raw_S4_B,B,1,6,2023-08-10 13:57:00,2023-08-10 19:37:00,20.55,20.55,20.8,5.6667,52850.0,False,False,False,True,0.4167,BattV_Min_S4_B,0.0,False,possible_battery_or_logger_issue,0.5,,
2023,S3_S4,east,S4,2023-08-10_S3_S4_7fce3d7b,VWC_2_raw_S4_B,B,2,12,2023-08-10 13:57:00,2023-08-10 19:37:00,20.55,20.55,20.8,5.6667,52850.0,False,False,False,True,0.4167,BattV_Min_S4_B,0.0,False,possible_battery_or_logger_issue,0.5,,
2023,S3_S4,east,S4,2023-08-10_S3_S4_7fce3d7b,VWC_3_raw_S4_B,B,3,18,2023-08-10 13:57:00,2023-08-10 19:37:00,20.55,20.55,29.8,5.6667,52850.0,False,False,False,True,0.4167,BattV_Min_S4_B,0.0,False,possible_battery_or_logger_issue,0.5,,
2023,S3_S4,east,S4,2023-08-24_S3_S4_a4b6ae2a,VWC_1_raw_S4_B,B,1,6,2023-08-24 13:47:00,2023-08-24 18:16:00,4.7167,4.7167,,4.4833,30125.0,False,False,False,True,0.5417,BattV_Min_S4_B,0.0,False,possible_battery_or_logger_issue,0.5,,
2023,S3_S4,east,S4,2023-08-24_S3_S4_a4b6ae2a,VWC_2_raw_S4_B,B,2,12,2023-08-24 13:47:00,2023-08-24 18:16:00,0.4667,0.4667,,4.4833,30125.0,False,False,False,True,0.5417,BattV_Min_S4_B,0.0,False,possible_battery_or_logger_issue; bottom_response_too_early,0.5,,
2023,S3_S4,east,S4,2023-08-24_S3_S4_a4b6ae2a,VWC_3_raw_S4_B,B,3,18,2023-08-24 13:47:00,2023-08-24 18:16:00,21.9667,21.9667,,4.4833,30125.0,False,False,False,True,0.5417,BattV_Min_S4_B,0.0,False,possible_battery_or_logger_issue,0.5,,
2024,S1_S2,west,S1,2024-04-20_S1_S2_5f2fb725,VWC_1_raw_S1_B,B,1,6,2024-04-20 10:11:00,2024-04-20 17:54:00,16.5667,16.5667,17.5667,7.7167,62950.0,False,False,False,False,0.0,BattV_Min_S1_B,0.0,True,ok,0.5,12.743,13.462
2024,S1_S2,west,S1,2024-04-20_S1_S2_5f2fb725,VWC_2_raw_S1_B,B,2,12,2024-04-20 10:11:00,2024-04-20 17:54:00,22.5667,22.5667,22.8167,7.7167,62950.0,False,False,False,False,0.0,BattV_Min_S1_B,0.0,True,ok,0.5,12.743,13.462
2024,S1_S2,west,S1,2024-04-20_S1_S2_5f2fb725,VWC_3_raw_S1_B,B,3,18,2024-04-20 10:11:00,2024-04-20 17:54:00,16.3167,16.3167,22.0667,7.7167,62950.0,False,False,False,False,0.0,BattV_Min_S1_B,0.0,True,ok,0.5,12.743,13.462
2024,S1_S2,west,S1,2024-05-11_S1_S2_4c1cd284,VWC_1_raw_S1_B,B,1,6,2024-05-11 06:55:00,2024-05-11 16:18:00,14.5833,14.5833,18.5833,9.3833,66500.0,False,False,False,False,0.0,BattV_Min_S1_B,0.0,True,ok,0.5,12.855,12.861
2024,S1_S2,west,S1,2024-05-11_S1_S2_4c1cd284,VWC_2_raw_S1_B,B,2,12,2024-05-11 06:55:00,2024-05-11 16:18:00,15.0833,15.0833,,9.3833,66500.0,False,False,False,False,0.0,BattV_Min_S1_B,0.0,True,ok,0.5,12.855,12.861
2024,S1_S2,west,S1,2024-06-01_S1_S2_ef46e32f,VWC_2_raw_S1_B,B,2,12,2024-06-01 18:05:00,2024-06-02 07:46:00,15.4167,15.4167,19.4167,13.6833,81250.0,False,False,False,False,0.0,BattV_Min_S1_B,0.0,True,ok,0.5,13.33,12.768
2024,S1_S2,west,S1,2024-06-01_S1_S2_ef46e32f,VWC_3_raw_S1_B,B,3,18,2024-06-01 18:05:00,2024-06-02 07:46:00,17.6667,17.6667,21.6667,13.6833,81250.0,False,False,False,False,0.0,BattV_Min_S1_B,0.0,True,ok,0.5,13.33,12.768
2024,S1_S2,west,S1,2024-06-22_S1_S2_e95bd875,VWC_1_raw_S1_B,B,1,6,2024-06-22 08:00:00,2024-06-22 15:49:00,11.25,11.25,19.0,7.8167,47100.0,False,False,False,False,0.0,BattV_Min_S1_B,0.0,True,ok,0.5,12.773,13.142
2024,S1_S2,west,S1,2024-06-22_S1_S2_e95bd875,VWC_2_raw_S1_B,B,2,12,2024-06-22 08:00:00,2024-06-22 15:49:00,11.75,11.75,15.75,7.8167,47100.0,False,False,False,False,0.0,BattV_Min_S1_B,0.0,True,ok,0.5,12.773,13.142
2024,S1_S2,west,S1,2024-06-22_S1_S2_e95bd875,VWC_3_raw_S1_B,B,3,18,2024-06-22 08:00:00,2024-06-22 15:49:00,11.0,11.0,14.0,7.8167,47100.0,False,False,False,False,0.0,BattV_Min_S1_B,0.0,True,ok,0.5,12.773,13.142
2024,S1_S2,west,S1,2024-07-20_S1_S2_6d735351,VWC_1_raw_S1_B,B,1,6,2024-07-20 08:54:00,2024-07-20 17:43:00,11.85,11.85,21.1,8.8167,55550.0,False,False,False,False,0.0,BattV_Min_S1_B,0.0,True,ok,0.5,12.786,13.263
2024,S1_S2,west,S1,2024-07-20_S1_S2_6d735351,VWC_2_raw_S1_B,B,2,12,2024-07-20 08:54:00,2024-07-20 17:43:00,11.85,11.85,15.85,8.8167,55550.0,False,False,False,False,0.0,BattV_Min_S1_B,0.0,True,ok,0.5,12.786,13.263
2024,S1_S2,west,S1,2024-07-20_S1_S2_6d735351,VWC_3_raw_S1_B,B,3,18,2024-07-20 08:54:00,2024-07-20 17:43:00,15.1,15.1,16.1,8.8167,55550.0,False,False,False,False,0.0,BattV_Min_S1_B,0.0,True,ok,0.5,12.786,13.263
2024,S1_S2,west,S1,2024-08-10_S1_S2_de427086,VWC_1_raw_S1_B,B,1,6,2024-08-10 08:50:00,2024-08-10 20:38:00,10.1667,10.1667,14.4167,11.8,84700.0,False,False,False,False,0.0,BattV_Min_S1_B,0.0,True,ok,0.5,12.749,13.3
2024,S1_S2,west,S1,2024-08-10_S1_S2_de427086,VWC_2_raw_S1_B,B,2,12,2024-08-10 08:50:00,2024-08-10 20:38:00,11.4167,11.4167,15.4167,11.8,84700.0,False,False,False,False,0.0,BattV_Min_S1_B,0.0,True,ok,0.5,12.749,13.3
2024,S1_S2,west,S1,2024-08-10_S1_S2_de427086,VWC_3_raw_S1_B,B,3,18,2024-08-10 08:50:00,2024-08-10 20:38:00,11.6667,11.6667,19.4167,11.8,84700.0,False,False,False,False,0.0,BattV_Min_S1_B,0.0,True,ok,0.5,12.749,13.3
2024,S1_S2,west,S1,2024-09-07_S1_S2_b15b9a0a,VWC_1_raw_S1_B,B,1,6,2024-09-07 08:23:00,2024-09-07 16:16:00,13.1167,13.1167,17.1167,7.8833,53000.0,False,False,False,False,0.0,BattV_Min_S1_B,0.0,True,ok,0.5,12.741,12.887
2024,S1_S2,west,S1,2024-09-07_S1_S2_b15b9a0a,VWC_2_raw_S1_B,B,2,12,2024-09-07 08:23:00,2024-09-07 16:16:00,12.1167,12.1167,16.1167,7.8833,53000.0,False,False,False,False,0.0,BattV_Min_S1_B,0.0,True,ok,0.5,12.741,12.887
2024,S1_S2,west,S1,2024-09-07_S1_S2_b15b9a0a,VWC_3_raw_S1_B,B,3,18,2024-09-07 08:23:00,2024-09-07 16:16:00,12.3667,12.3667,14.8667,7.8833,53000.0,False,False,False,False,0.0,BattV_Min_S1_B,0.0,True,ok,0.5,12.741,12.887
2024,S1_S2,west,S2,2024-04-20_S1_S2_5f2fb725,VWC_1_raw_S2_B,B,1,6,2024-04-20 10:11:00,2024-04-20 17:54:00,8.3167,8.3167,21.0667,7.7167,62950.0,False,False,False,False,0.0,BattV_Min_S2_B,0.0,True,ok,0.5,12.726,13.41
2024,S1_S2,west,S2,2024-04-20_S1_S2_5f2fb725,VWC_2_raw_S2_B,B,2,12,2024-04-20 10:11:00,2024-04-20 17:54:00,8.3167,8.3167,17.5667,7.7167,62950.0,False,False,False,False,0.0,BattV_Min_S2_B,0.0,True,ok,0.5,12.726,13.41
2024,S1_S2,west,S2,2024-04-20_S1_S2_5f2fb725,VWC_3_raw_S2_B,B,3,18,2024-04-20 10:11:00,2024-04-20 17:54:00,8.0667,8.0667,12.0667,7.7167,62950.0,False,False,False,False,0.0,BattV_Min_S2_B,0.0,True,ok,0.5,12.726,13.41
2024,S1_S2,west,S2,2024-05-11_S1_S2_4c1cd284,VWC_1_raw_S2_B,B,1,6,2024-05-11 06:55:00,2024-05-11 16:18:00,14.5833,14.5833,,9.3833,66500.0,False,False,False,False,0.0,BattV_Min_S2_B,0.0,True,ok,0.5,12.762,13.025
2024,S1_S2,west,S2,2024-05-11_S1_S2_4c1cd284,VWC_2_raw_S2_B,B,2,12,2024-05-11 06:55:00,2024-05-11 16:18:00,1.5833,1.5833,,9.3833,66500.0,False,False,False,False,0.0,BattV_Min_S2_B,0.0,True,ok,0.5,12.762,13.025
2024,S1_S2,west,S2,2024-05-11_S1_S2_4c1cd284,VWC_3_raw_S2_B,B,3,18,2024-05-11 06:55:00,2024-05-11 16:18:00,0.5833,0.5833,,9.3833,66500.0,False,False,False,False,0.0,BattV_Min_S2_B,0.0,True,ok,0.5,12.762,13.025
2024,S1_S2,west,S2,2024-06-01_S1_S2_ef46e32f,VWC_1_raw_S2_B,B,1,6,2024-06-01 18:05:00,2024-06-02 07:46:00,14.4167,14.4167,15.6667,13.6833,81250.0,False,False,False,False,0.0,BattV_Min_S2_B,0.0,True,ok,0.5,13.261,12.735
2024,S1_S2,west,S2,2024-06-01_S1_S2_ef46e32f,VWC_2_raw_S2_B,B,2,12,2024-06-01 18:05:00,2024-06-02 07:46:00,14.4167,14.4167,26.9167,13.6833,81250.0,False,False,False,False,0.0,BattV_Min_S2_B,0.0,True,ok,0.5,13.261,12.735
2024,S1_S2,west,S2,2024-06-01_S1_S2_ef46e32f,VWC_3_raw_S2_B,B,3,18,2024-06-01 18:05:00,2024-06-02 07:46:00,14.4167,14.4167,18.4167,13.6833,81250.0,False,False,False,False,0.0,BattV_Min_S2_B,0.0,True,ok,0.5,13.261,12.735
2024,S1_S2,west,S2,2024-06-22_S1_S2_e95bd875,VWC_1_raw_S2_B,B,1,6,2024-06-22 08:00:00,2024-06-22 15:49:00,10.5,10.5,22.5,7.8167,47100.0,False,False,False,False,0.0,BattV_Min_S2_B,0.0,True,ok,0.5,12.72,13.273
2024,S1_S2,west,S2,2024-06-22_S1_S2_e95bd875,VWC_2_raw_S2_B,B,2,12,2024-06-22 08:00:00,2024-06-22 15:49:00,8.25,8.25,18.5,7.8167,47100.0,False,False,False,False,0.0,BattV_Min_S2_B,0.0,True,ok,0.5,12.72,13.273
2024,S1_S2,west,S2,2024-06-22_S1_S2_e95bd875,VWC_3_raw_S2_B,B,3,18,2024-06-22 08:00:00,2024-06-22 15:49:00,8.25,8.25,20.75,7.8167,47100.0,False,False,False,False,0.0,BattV_Min_S2_B,0.0,True,ok,0.5,12.72,13.273
2024,S1_S2,west,S2,2024-07-20_S1_S2_6d735351,VWC_1_raw_S2_B,B,1,6,2024-07-20 08:54:00,2024-07-20 17:43:00,9.35,9.35,13.35,8.8167,55550.0,False,False,False,False,0.0,BattV_Min_S2_B,0.0,True,ok,0.5,12.713,13.197
2024,S1_S2,west,S2,2024-07-20_S1_S2_6d735351,VWC_2_raw_S2_B,B,2,12,2024-07-20 08:54:00,2024-07-20 17:43:00,9.35,9.35,11.1,8.8167,55550.0,False,False,False,False,0.0,BattV_Min_S2_B,0.0,True,ok,0.5,12.713,13.197
2024,S1_S2,west,S2,2024-07-20_S1_S2_6d735351,VWC_3_raw_S2_B,B,3,18,2024-07-20 08:54:00,2024-07-20 17:43:00,9.35,9.35,13.35,8.8167,55550.0,False,False,False,False,0.0,BattV_Min_S2_B,0.0,True,ok,0.5,12.713,13.197
2024,S1_S2,west,S2,2024-08-10_S1_S2_de427086,VWC_1_raw_S2_B,B,1,6,2024-08-10 08:50:00,2024-08-10 20:38:00,12.1667,12.1667,14.4167,11.8,84700.0,False,False,False,False,0.0,BattV_Min_S2_B,0.0,True,ok,0.5,12.498,13.018
2024,S1_S2,west,S2,2024-08-10_S1_S2_de427086,VWC_2_raw_S2_B,B,2,12,2024-08-10 08:50:00,2024-08-10 20:38:00,15.1667,15.1667,15.4167,11.8,84700.0,False,False,False,False,0.0,BattV_Min_S2_B,0.0,True,ok,0.5,12.498,13.018
2024,S1_S2,west,S2,2024-08-10_S1_S2_de427086,VWC_3_raw_S2_B,B,3,18,2024-08-10 08:50:00,2024-08-10 20:38:00,14.4167,14.4167,18.4167,11.8,84700.0,False,False,False,False,0.0,BattV_Min_S2_B,0.0,True,ok,0.5,12.498,13.018
2024,S1_S2,west,S2,2024-09-07_S1_S2_b15b9a0a,VWC_1_raw_S2_B,B,1,6,2024-09-07 08:23:00,2024-09-07 16:16:00,8.6167,8.6167,12.6167,7.8833,53000.0,False,False,False,False,0.0,BattV_Min_S2_B,0.0,True,ok,0.5,12.586,13.251
2024,S1_S2,west,S2,2024-09-07_S1_S2_b15b9a0a,VWC_2_raw_S2_B,B,2,12,2024-09-07 08:23:00,2024-09-07 16:16:00,8.3667,8.3667,10.1167,7.8833,53000.0,False,False,False,False,0.0,BattV_Min_S2_B,0.0,True,ok,0.5,12.586,13.251
2024,S1_S2,west,S2,2024-09-07_S1_S2_b15b9a0a,VWC_3_raw_S2_B,B,3,18,2024-09-07 08:23:00,2024-09-07 16:16:00,8.6167,8.6167,12.6167,7.8833,53000.0,False,False,False,False,0.0,BattV_Min_S2_B,0.0,True,ok,0.5,12.586,13.251
2024,S3_S4,east,S3,2024-04-19_S3_S4_c5bf8374,VWC_1_raw_S3_B,B,1,6,2024-04-19 14:14:00,2024-04-19 21:33:00,7.7667,7.7667,18.2667,7.3167,54875.0,False,False,False,False,0.0,BattV_Min_S3_B,0.0,True,ok,0.5,13.409,13.042
2024,S3_S4,east,S3,2024-04-19_S3_S4_c5bf8374,VWC_2_raw_S3_B,B,2,12,2024-04-19 14:14:00,2024-04-19 21:33:00,8.0167,8.0167,17.2667,7.3167,54875.0,False,False,False,False,0.0,BattV_Min_S3_B,0.0,True,ok,0.5,13.409,13.042
2024,S3_S4,east,S3,2024-04-19_S3_S4_c5bf8374,VWC_3_raw_S3_B,B,3,18,2024-04-19 14:14:00,2024-04-19 21:33:00,8.0167,8.0167,12.0167,7.3167,54875.0,False,False,False,False,0.0,BattV_Min_S3_B,0.0,True,ok,0.5,13.409,13.042
2024,S3_S4,east,S3,2024-05-03_S3_S4_13e4749a,VWC_1_raw_S3_B,B,1,6,2024-05-03 08:37:00,2024-05-03 15:28:00,7.6333,7.6333,16.8833,6.85,44600.0,False,False,False,False,0.0,BattV_Min_S3_B,0.0,True,ok,0.5,12.739,13.458
2024,S3_S4,east,S3,2024-05-03_S3_S4_13e4749a,VWC_2_raw_S3_B,B,2,12,2024-05-03 08:37:00,2024-05-03 15:28:00,7.6333,7.6333,14.3833,6.85,44600.0,False,False,False,False,0.0,BattV_Min_S3_B,0.0,True,ok,0.5,12.739,13.458
2024,S3_S4,east,S3,2024-05-03_S3_S4_13e4749a,VWC_3_raw_S3_B,B,3,18,2024-05-03 08:37:00,2024-05-03 15:28:00,7.3833,7.3833,11.3833,6.85,44600.0,False,False,False,False,0.0,BattV_Min_S3_B,0.0,True,ok,0.5,12.739,13.458
2024,S3_S4,east,S3,2024-05-17_S3_S4_09c73fc7,VWC_1_raw_S3_B,B,1,6,2024-05-17 13:31:00,2024-05-17 19:09:00,6.4833,6.4833,16.7333,5.6333,47550.0,False,False,False,False,0.0,BattV_Min_S3_B,0.0,True,ok,0.5,13.407,13.332
2024,S3_S4,east,S3,2024-05-17_S3_S4_09c73fc7,VWC_2_raw_S3_B,B,2,12,2024-05-17 13:31:00,2024-05-17 19:09:00,6.4833,6.4833,15.4833,5.6333,47550.0,False,False,False,False,0.0,BattV_Min_S3_B,0.0,True,ok,0.5,13.407,13.332
2024,S3_S4,east,S3,2024-05-17_S3_S4_09c73fc7,VWC_3_raw_S3_B,B,3,18,2024-05-17 13:31:00,2024-05-17 19:09:00,6.2333,6.2333,10.2333,5.6333,47550.0,False,False,False,False,0.0,BattV_Min_S3_B,0.0,True,ok,0.5,13.407,13.332
2024,S3_S4,east,S3,2024-06-01_S3_S4_0880f850,VWC_1_raw_S3_B,B,1,6,2024-06-01 08:29:00,2024-06-01 17:57:00,10.5167,10.5167,23.0167,9.4667,61450.0,False,False,False,False,0.0,BattV_Min_S3_B,0.0,True,ok,0.5,12.806,13.296
2024,S3_S4,east,S3,2024-06-01_S3_S4_0880f850,VWC_2_raw_S3_B,B,2,12,2024-06-01 08:29:00,2024-06-01 17:57:00,10.5167,10.5167,19.2667,9.4667,61450.0,False,False,False,False,0.0,BattV_Min_S3_B,0.0,True,ok,0.5,12.806,13.296
2024,S3_S4,east,S3,2024-06-01_S3_S4_0880f850,VWC_3_raw_S3_B,B,3,18,2024-06-01 08:29:00,2024-06-01 17:57:00,9.7667,9.7667,13.7667,9.4667,61450.0,False,False,False,False,0.0,BattV_Min_S3_B,0.0,True,ok,0.5,12.806,13.296
2024,S3_S4,east,S3,2024-06-15_S3_S4_b6aa9839,VWC_1_raw_S3_B,B,1,6,2024-06-15 07:29:00,2024-06-15 16:13:00,9.5167,9.5167,21.7667,8.7333,52500.0,False,False,False,False,0.0,BattV_Min_S3_B,0.0,True,ok,0.5,12.823,13.249
2024,S3_S4,east,S3,2024-06-15_S3_S4_b6aa9839,VWC_2_raw_S3_B,B,2,12,2024-06-15 07:29:00,2024-06-15 16:13:00,10.0167,10.0167,17.5167,8.7333,52500.0,False,False,False,False,0.0,BattV_Min_S3_B,0.0,True,ok,0.5,12.823,13.249
2024,S3_S4,east,S3,2024-06-15_S3_S4_b6aa9839,VWC_3_raw_S3_B,B,3,18,2024-06-15 07:29:00,2024-06-15 16:13:00,9.5167,9.5167,13.5167,8.7333,52500.0,False,False,False,False,0.0,BattV_Min_S3_B,0.0,True,ok,0.5,12.823,13.249
2024,S3_S4,east,S3,2024-06-28_S3_S4_14b9d993,VWC_1_raw_S3_B,B,1,6,2024-06-28 08:19:00,2024-06-28 14:44:00,7.1833,7.1833,7.4333,6.4167,39650.0,False,False,False,False,0.0,BattV_Min_S3_B,0.2,True,ok,0.5,12.802,13.365
2024,S3_S4,east,S3,2024-06-28_S3_S4_14b9d993,VWC_2_raw_S3_B,B,2,12,2024-06-28 08:19:00,2024-06-28 14:44:00,6.6833,6.6833,13.6833,6.4167,39650.0,False,False,False,False,0.0,BattV_Min_S3_B,0.2,True,ok,0.5,12.802,13.365
2024,S3_S4,east,S3,2024-06-28_S3_S4_14b9d993,VWC_3_raw_S3_B,B,3,18,2024-06-28 08:19:00,2024-06-28 14:44:00,6.9333,6.9333,10.9333,6.4167,39650.0,False,False,False,False,0.0,BattV_Min_S3_B,0.2,True,ok,0.5,12.802,13.365
2024,S3_S4,east,S3,2024-07-11_S3_S4_d29231ea,VWC_1_raw_S3_B,B,1,6,2024-07-11 10:01:00,2024-07-11 17:39:00,8.4833,8.4833,8.7333,7.6333,46550.0,False,False,False,False,0.0,BattV_Min_S3_B,0.01,True,ok,0.5,12.822,13.176
2024,S3_S4,east,S3,2024-07-11_S3_S4_d29231ea,VWC_2_raw_S3_B,B,2,12,2024-07-11 10:01:00,2024-07-11 17:39:00,8.2333,8.2333,15.2333,7.6333,46550.0,False,False,False,False,0.0,BattV_Min_S3_B,0.01,True,ok,0.5,12.822,13.176
2024,S3_S4,east,S3,2024-07-11_S3_S4_d29231ea,VWC_3_raw_S3_B,B,3,18,2024-07-11 10:01:00,2024-07-11 17:39:00,7.9833,7.9833,11.9833,7.6333,46550.0,False,False,False,False,0.0,BattV_Min_S3_B,0.01,True,ok,0.5,12.822,13.176
2024,S3_S4,east,S3,2024-07-26_S3_S4_fd133a4c,VWC_1_raw_S3_B,B,1,6,2024-07-26 19:02:00,2024-07-27 07:21:00,15.4667,15.4667,27.4667,12.3167,71850.0,False,False,False,False,0.0,BattV_Min_S3_B,0.0,True,ok,0.5,13.19,12.838
2024,S3_S4,east,S3,2024-07-26_S3_S4_fd133a4c,VWC_2_raw_S3_B,B,2,12,2024-07-26 19:02:00,2024-07-27 07:21:00,13.4667,13.4667,13.7167,12.3167,71850.0,False,False,False,False,0.0,BattV_Min_S3_B,0.0,True,ok,0.5,13.19,12.838
2024,S3_S4,east,S3,2024-07-26_S3_S4_fd133a4c,VWC_3_raw_S3_B,B,3,18,2024-07-26 19:02:00,2024-07-27 07:21:00,12.7167,12.7167,16.7167,12.3167,71850.0,False,False,False,False,0.0,BattV_Min_S3_B,0.0,True,ok,0.5,13.19,12.838
2024,S3_S4,east,S3,2024-08-09_S3_S4_fd100e26,VWC_1_raw_S3_B,B,1,6,2024-08-09 08:45:00,2024-08-09 15:50:00,8.25,8.25,8.5,7.0833,46900.0,False,False,False,False,0.0,BattV_Min_S3_B,0.0,True,ok,0.5,12.814,13.23
2024,S3_S4,east,S3,2024-08-09_S3_S4_fd100e26,VWC_2_raw_S3_B,B,2,12,2024-08-09 08:45:00,2024-08-09 15:50:00,7.5,7.5,18.25,7.0833,46900.0,False,False,False,False,0.0,BattV_Min_S3_B,0.0,True,ok,0.5,12.814,13.23
2024,S3_S4,east,S3,2024-08-09_S3_S4_fd100e26,VWC_3_raw_S3_B,B,3,18,2024-08-09 08:45:00,2024-08-09 15:50:00,7.75,7.75,11.75,7.0833,46900.0,False,False,False,False,0.0,BattV_Min_S3_B,0.0,True,ok,0.5,12.814,13.23
2024,S3_S4,east,S3,2024-08-23_S3_S4_0b64e5f5,VWC_1_raw_S3_B,B,1,6,2024-08-23 09:32:00,2024-08-23 15:04:00,6.4667,6.4667,6.7167,5.5333,30150.0,False,False,False,False,0.0,BattV_Min_S3_B,0.02,True,ok,0.5,12.791,13.417
2024,S3_S4,east,S3,2024-08-23_S3_S4_0b64e5f5,VWC_2_raw_S3_B,B,2,12,2024-08-23 09:32:00,2024-08-23 15:04:00,6.4667,6.4667,11.9667,5.5333,30150.0,False,False,False,False,0.0,BattV_Min_S3_B,0.02,True,ok,0.5,12.791,13.417
2024,S3_S4,east,S3,2024-08-23_S3_S4_0b64e5f5,VWC_3_raw_S3_B,B,3,18,2024-08-23 09:32:00,2024-08-23 15:04:00,6.4667,6.4667,12.4667,5.5333,30150.0,False,False,False,False,0.0,BattV_Min_S3_B,0.02,True,ok,0.5,12.791,13.417
2024,S3_S4,east,S3,2024-09-06_S3_S4_9e0ce675,VWC_1_raw_S3_B,B,1,6,2024-09-06 09:33:00,2024-09-06 16:29:00,7.2,7.2,18.95,6.9333,48950.0,False,False,False,False,0.0,BattV_Min_S3_B,0.0,True,ok,0.5,12.744,13.279
2024,S3_S4,east,S3,2024-09-06_S3_S4_9e0ce675,VWC_2_raw_S3_B,B,2,12,2024-09-06 09:33:00,2024-09-06 16:29:00,7.7,7.7,16.45,6.9333,48950.0,False,False,False,False,0.0,BattV_Min_S3_B,0.0,True,ok,0.5,12.744,13.279
2024,S3_S4,east,S3,2024-09-06_S3_S4_9e0ce675,VWC_3_raw_S3_B,B,3,18,2024-09-06 09:33:00,2024-09-06 16:29:00,7.45,7.45,11.45,6.9333,48950.0,False,False,False,False,0.0,BattV_Min_S3_B,0.0,True,ok,0.5,12.744,13.279
2024,S3_S4,east,S3,2024-09-20_S3_S4_032d9e33,VWC_1_raw_S3_B,B,1,6,2024-09-20 14:27:00,2024-09-20 17:52:00,4.55,4.55,13.8,3.4167,16450.0,False,False,False,False,0.0,BattV_Min_S3_B,0.0,True,ok,0.5,13.383,13.282
2024,S3_S4,east,S3,2024-09-20_S3_S4_032d9e33,VWC_2_raw_S3_B,B,2,12,2024-09-20 14:27:00,2024-09-20 17:52:00,4.8,4.8,10.55,3.4167,16450.0,False,False,False,False,0.0,BattV_Min_S3_B,0.0,True,ok,0.5,13.383,13.282
2024,S3_S4,east,S3,2024-09-20_S3_S4_032d9e33,VWC_3_raw_S3_B,B,3,18,2024-09-20 14:27:00,2024-09-20 17:52:00,4.55,4.55,8.55,3.4167,16450.0,False,False,False,False,0.0,BattV_Min_S3_B,0.0,True,ok,0.5,13.383,13.282
2024,S3_S4,east,S3,2024-10-04_S3_S4_bf53dc9a,VWC_1_raw_S3_B,B,1,6,2024-10-04 11:55:00,2024-10-04 18:02:00,7.0833,7.0833,8.5833,6.1167,47200.0,False,False,False,False,0.0,BattV_Min_S3_B,0.0,True,ok,0.5,12.669,13.289
2024,S3_S4,east,S3,2024-10-04_S3_S4_bf53dc9a,VWC_2_raw_S3_B,B,2,12,2024-10-04 11:55:00,2024-10-04 18:02:00,6.5833,6.5833,15.8333,6.1167,47200.0,False,False,False,False,0.0,BattV_Min_S3_B,0.0,True,ok,0.5,12.669,13.289
2024,S3_S4,east,S3,2024-10-04_S3_S4_bf53dc9a,VWC_3_raw_S3_B,B,3,18,2024-10-04 11:55:00,2024-10-04 18:02:00,6.8333,6.8333,10.8333,6.1167,47200.0,False,False,False,False,0.0,BattV_Min_S3_B,0.0,True,ok,0.5,12.669,13.289
2024,S3_S4,east,S3,2024-10-18_S3_S4_e3314155,VWC_1_raw_S3_B,B,1,6,2024-10-18 09:34:00,2024-10-18 17:17:00,8.9333,8.9333,9.9333,7.7167,53550.0,False,False,False,False,0.0,BattV_Min_S3_B,0.0,True,ok,0.5,12.684,13.699
2024,S3_S4,east,S3,2024-10-18_S3_S4_e3314155,VWC_2_raw_S3_B,B,2,12,2024-10-18 09:34:00,2024-10-18 17:17:00,8.9333,8.9333,20.1833,7.7167,53550.0,False,False,False,False,0.0,BattV_Min_S3_B,0.0,True,ok,0.5,12.684,13.699
2024,S3_S4,east,S3,2024-10-18_S3_S4_e3314155,VWC_3_raw_S3_B,B,3,18,2024-10-18 09:34:00,2024-10-18 17:17:00,7.6833,7.6833,11.6833,7.7167,53550.0,False,False,False,False,0.0,BattV_Min_S3_B,0.0,True,ok,0.5,12.684,13.699
2024,S3_S4,east,S4,2024-04-19_S3_S4_c5bf8374,VWC_1_raw_S4_B,B,1,6,2024-04-19 14:14:00,2024-04-19 21:33:00,23.7667,23.7667,25.5167,7.3167,54875.0,False,False,False,False,0.0,BattV_Min_S4_B,0.0,True,ok,0.5,13.391,13.225
2024,S3_S4,east,S4,2024-04-19_S3_S4_c5bf8374,VWC_2_raw_S4_B,B,2,12,2024-04-19 14:14:00,2024-04-19 21:33:00,8.7667,8.7667,9.0167,7.3167,54875.0,False,False,False,False,0.0,BattV_Min_S4_B,0.0,True,ok,0.5,13.391,13.225
2024,S3_S4,east,S4,2024-04-19_S3_S4_c5bf8374,VWC_3_raw_S4_B,B,3,18,2024-04-19 14:14:00,2024-04-19 21:33:00,12.2667,12.2667,12.5167,7.3167,54875.0,False,False,False,False,0.0,BattV_Min_S4_B,0.0,True,ok,0.5,13.391,13.225
2024,S3_S4,east,S4,2024-05-17_S3_S4_09c73fc7,VWC_1_raw_S4_B,B,1,6,2024-05-17 13:31:00,2024-05-17 19:09:00,5.9833,5.9833,18.7333,5.6333,47550.0,False,False,False,False,0.0,BattV_Min_S4_B,0.0,True,ok,0.5,13.355,13.277
2024,S3_S4,east,S4,2024-05-17_S3_S4_09c73fc7,VWC_2_raw_S4_B,B,2,12,2024-05-17 13:31:00,2024-05-17 19:09:00,4.4833,4.4833,14.7333,5.6333,47550.0,False,False,False,False,0.0,BattV_Min_S4_B,0.0,True,ok,0.5,13.355,13.277
2024,S3_S4,east,S4,2024-05-17_S3_S4_09c73fc7,VWC_3_raw_S4_B,B,3,18,2024-05-17 13:31:00,2024-05-17 19:09:00,6.2333,6.2333,15.7333,5.6333,47550.0,False,False,False,False,0.0,BattV_Min_S4_B,0.0,True,ok,0.5,13.355,13.277
2024,S3_S4,east,S4,2024-06-28_S3_S4_14b9d993,VWC_1_raw_S4_B,B,1,6,2024-06-28 08:19:00,2024-06-28 14:44:00,6.9333,6.9333,14.4333,6.4167,39650.0,False,False,False,False,0.0,BattV_Min_S4_B,0.2,True,ok,0.5,12.443,12.486
2024,S3_S4,east,S4,2024-06-28_S3_S4_14b9d993,VWC_2_raw_S4_B,B,2,12,2024-06-28 08:19:00,2024-06-28 14:44:00,6.1833,6.1833,18.1833,6.4167,39650.0,False,False,False,False,0.0,BattV_Min_S4_B,0.2,True,ok,0.5,12.443,12.486
2024,S3_S4,east,S4,2024-06-28_S3_S4_14b9d993,VWC_3_raw_S4_B,B,3,18,2024-06-28 08:19:00,2024-06-28 14:44:00,6.9333,6.9333,12.1833,6.4167,39650.0,False,False,False,False,0.0,BattV_Min_S4_B,0.2,True,ok,0.5,12.443,12.486
2024,S3_S4,east,S4,2024-07-26_S3_S4_fd133a4c,VWC_2_raw_S4_B,B,2,12,2024-07-26 19:02:00,2024-07-27 07:21:00,23.9667,23.9667,24.2167,12.3167,71850.0,False,False,False,False,0.0,BattV_Min_S4_B,0.0,True,ok,0.5,12.195,12.218
2024,S3_S4,east,S4,2024-08-09_S3_S4_fd100e26,VWC_1_raw_S4_B,B,1,6,2024-08-09 08:45:00,2024-08-09 15:50:00,12.75,12.75,13.0,7.0833,46900.0,False,False,False,False,0.0,BattV_Min_S4_B,0.0,True,ok,0.5,12.128,12.127
2024,S3_S4,east,S4,2024-08-09_S3_S4_fd100e26,VWC_2_raw_S4_B,B,2,12,2024-08-09 08:45:00,2024-08-09 15:50:00,24.0,24.0,36.25,7.0833,46900.0,False,False,False,False,0.0,BattV_Min_S4_B,0.0,True,ok,0.5,12.128,12.127
2024,S3_S4,east,S4,2024-08-23_S3_S4_0b64e5f5,VWC_1_raw_S4_B,B,1,6,2024-08-23 09:32:00,2024-08-23 15:04:00,18.7167,18.7167,21.7167,5.5333,30150.0,False,False,False,False,0.0,BattV_Min_S4_B,0.02,True,ok,0.5,11.835,11.938
2024,S3_S4,east,S4,2024-08-23_S3_S4_0b64e5f5,VWC_2_raw_S4_B,B,2,12,2024-08-23 09:32:00,2024-08-23 15:04:00,23.2167,23.2167,26.2167,5.5333,30150.0,False,False,False,False,0.0,BattV_Min_S4_B,0.02,True,ok,0.5,11.835,11.938
2024,S3_S4,east,S4,2024-09-06_S3_S4_9e0ce675,VWC_1_raw_S4_B,B,1,6,2024-09-06 09:33:00,2024-09-06 16:29:00,6.7,6.7,10.7,6.9333,48950.0,False,False,False,False,0.0,BattV_Min_S4_B,0.0,True,ok,0.5,11.752,11.69
2024,S3_S4,east,S4,2024-09-06_S3_S4_9e0ce675,VWC_2_raw_S4_B,B,2,12,2024-09-06 09:33:00,2024-09-06 16:29:00,9.2,9.2,13.2,6.9333,48950.0,False,False,False,False,0.0,BattV_Min_S4_B,0.0,True,ok,0.5,11.752,11.69
2024,S3_S4,east,S4,2024-09-20_S3_S4_032d9e33,VWC_1_raw_S4_B,B,1,6,2024-09-20 14:27:00,2024-09-20 17:52:00,1.8,1.8,,3.4167,16450.0,False,False,False,False,0.0,BattV_Min_S4_B,0.0,True,ok,0.5,11.55,11.57
2024,S3_S4,east,S4,2024-09-20_S3_S4_032d9e33,VWC_2_raw_S4_B,B,2,12,2024-09-20 14:27:00,2024-09-20 17:52:00,8.8,8.8,10.3,3.4167,16450.0,False,False,False,False,0.0,BattV_Min_S4_B,0.0,True,ok,0.5,11.55,11.57
2024,S3_S4,east,S4,2024-09-20_S3_S4_032d9e33,VWC_3_raw_S4_B,B,3,18,2024-09-20 14:27:00,2024-09-20 17:52:00,12.55,12.55,,3.4167,16450.0,False,False,False,False,0.0,BattV_Min_S4_B,0.0,True,ok,0.5,11.55,11.57
2024,S3_S4,east,S4,2024-10-04_S3_S4_bf53dc9a,VWC_1_raw_S4_B,B,1,6,2024-10-04 11:55:00,2024-10-04 18:02:00,6.8333,6.8333,21.5833,6.1167,47200.0,False,False,False,False,0.0,BattV_Min_S4_B,0.0,True,ok,0.5,11.165,11.281
2024,S3_S4,east,S4,2024-10-04_S3_S4_bf53dc9a,VWC_2_raw_S4_B,B,2,12,2024-10-04 11:55:00,2024-10-04 18:02:00,6.8333,6.8333,14.5833,6.1167,47200.0,False,False,False,False,0.0,BattV_Min_S4_B,0.0,True,ok,0.5,11.165,11.281
2024,S3_S4,east,S4,2024-10-04_S3_S4_bf53dc9a,VWC_3_raw_S4_B,B,3,18,2024-10-04 11:55:00,2024-10-04 18:02:00,8.0833,8.0833,14.0833,6.1167,47200.0,False,False,False,False,0.0,BattV_Min_S4_B,0.0,True,ok,0.5,11.165,11.281
2024,S1_S2,west,S1,2024-05-11_S1_S2_4c1cd284,VWC_3_raw_S1_B,B,3,18,2024-05-11 06:55:00,2024-05-11 16:18:00,0.0833,0.0833,,9.3833,66500.0,False,False,False,False,0.0,BattV_Min_S1_B,0.0,False,bottom_response_too_early,0.5,12.855,12.861
2024,S1_S2,west,S1,2024-06-01_S1_S2_ef46e32f,VWC_1_raw_S1_B,B,1,6,2024-06-01 18:05:00,2024-06-02 07:46:00,14.4167,14.4167,18.4167,13.6833,81250.0,True,True,False,False,0.0,BattV_Min_S1_B,0.0,False,unexplained_pre_start_response,0.5,13.33,12.768
2024,S3_S4,east,S4,2024-07-26_S3_S4_fd133a4c,VWC_1_raw_S4_B,B,1,6,2024-07-26 19:02:00,2024-07-27 07:21:00,22.9667,22.9667,23.9667,12.3167,71850.0,True,True,False,False,0.0,BattV_Min_S4_B,0.0,False,unexplained_pre_start_response,0.5,12.195,12.218
2024,S3_S4,east,S4,2024-07-26_S3_S4_fd133a4c,VWC_3_raw_S4_B,B,3,18,2024-07-26 19:02:00,2024-07-27 07:21:00,,,,12.3167,71850.0,False,False,False,True,0.8333,BattV_Min_S4_B,0.0,False,possible_battery_or_logger_issue; missing_bottom_response_delay,0.5,12.195,12.218
2025,S1_S2,west,S1,2025-04-20_S1_S2_f3457ada,VWC_1_raw_S1_B,B,1,6,2025-04-20 08:15:00,2025-04-21 06:28:00,9.25,9.25,13.25,22.2167,132300.0,False,False,False,False,0.0,BattV_Min_S1_B,0.0,True,ok,0.5,12.668,12.689
2025,S1_S2,west,S1,2025-04-20_S1_S2_f3457ada,VWC_2_raw_S1_B,B,2,12,2025-04-20 08:15:00,2025-04-21 06:28:00,10.25,10.25,14.25,22.2167,132300.0,False,False,False,False,0.0,BattV_Min_S1_B,0.0,True,ok,0.5,12.668,12.689
2025,S1_S2,west,S1,2025-04-20_S1_S2_f3457ada,VWC_3_raw_S1_B,B,3,18,2025-04-20 08:15:00,2025-04-21 06:28:00,10.0,10.0,14.0,22.2167,132300.0,False,False,False,False,0.0,BattV_Min_S1_B,0.0,True,ok,0.5,12.668,12.689
2025,S1_S2,west,S1,2025-05-16_S1_S2_799859ac,VWC_1_raw_S1_B,B,1,6,2025-05-16 15:36:41,2025-05-17 07:37:42,18.6386,18.6386,22.1386,16.0169,92450.0,False,False,False,False,0.0,BattV_Min_S1_B,0.0,True,ok,0.5,13.444,12.704
2025,S1_S2,west,S1,2025-05-16_S1_S2_799859ac,VWC_2_raw_S1_B,B,2,12,2025-05-16 15:36:41,2025-05-17 07:37:42,18.6386,18.6386,27.6386,16.0169,92450.0,False,False,False,False,0.0,BattV_Min_S1_B,0.0,True,ok,0.5,13.444,12.704
2025,S1_S2,west,S1,2025-05-16_S1_S2_799859ac,VWC_3_raw_S1_B,B,3,18,2025-05-16 15:36:41,2025-05-17 07:37:42,16.8886,16.8886,28.1386,16.0169,92450.0,False,False,False,False,0.0,BattV_Min_S1_B,0.0,True,ok,0.5,13.444,12.704
2025,S1_S2,west,S1,2025-05-28_S1_S2_ca363c43,VWC_1_raw_S1_B,B,1,6,2025-05-28 18:58:00,2025-05-29 07:30:00,14.7833,14.7833,22.0333,12.5333,64250.0,False,False,False,False,0.0,BattV_Min_S1_B,0.0,True,ok,0.5,13.327,12.754
2025,S1_S2,west,S1,2025-05-28_S1_S2_ca363c43,VWC_2_raw_S1_B,B,2,12,2025-05-28 18:58:00,2025-05-29 07:30:00,13.2833,13.2833,15.0333,12.5333,64250.0,False,False,False,False,0.0,BattV_Min_S1_B,0.0,True,ok,0.5,13.327,12.754
2025,S1_S2,west,S1,2025-05-28_S1_S2_ca363c43,VWC_3_raw_S1_B,B,3,18,2025-05-28 18:58:00,2025-05-29 07:30:00,23.0333,23.0333,32.0333,12.5333,64250.0,False,False,False,False,0.0,BattV_Min_S1_B,0.0,True,ok,0.5,13.327,12.754
2025,S1_S2,west,S1,2025-06-27_S1_S2_ff537961,VWC_2_raw_S1_B,B,2,12,2025-06-27 15:33:00,2025-06-28 07:49:00,11.2,11.2,16.2,16.2667,95500.0,False,False,False,False,0.0,BattV_Min_S1_B,0.0,True,ok,0.5,13.264,12.723
2025,S1_S2,west,S1,2025-06-27_S1_S2_ff537961,VWC_3_raw_S1_B,B,3,18,2025-06-27 15:33:00,2025-06-28 07:49:00,14.2,14.2,18.2,16.2667,95500.0,False,False,False,False,0.0,BattV_Min_S1_B,0.0,True,ok,0.5,13.264,12.723
2025,S1_S2,west,S1,2025-07-26_S1_S2_98e2053f,VWC_1_raw_S1_B,B,1,6,2025-07-26 08:45:00,2025-07-26 17:50:00,9.0,9.0,18.0,9.0833,53225.0,False,False,False,False,0.0,BattV_Min_S1_B,0.0,True,ok,0.5,12.733,13.251
2025,S1_S2,west,S1,2025-07-26_S1_S2_98e2053f,VWC_2_raw_S1_B,B,2,12,2025-07-26 08:45:00,2025-07-26 17:50:00,9.0,9.0,13.0,9.0833,53225.0,False,False,False,False,0.0,BattV_Min_S1_B,0.0,True,ok,0.5,12.733,13.251
2025,S1_S2,west,S1,2025-07-26_S1_S2_98e2053f,VWC_3_raw_S1_B,B,3,18,2025-07-26 08:45:00,2025-07-26 17:50:00,8.75,8.75,24.0,9.0833,53225.0,False,False,False,False,0.0,BattV_Min_S1_B,0.0,True,ok,0.5,12.733,13.251
2025,S1_S2,west,S1,2025-08-22_S1_S2_9f8675d7,VWC_1_raw_S1_B,B,1,6,2025-08-22 09:07:00,2025-08-22 19:04:00,19.1333,19.1333,19.3833,9.95,30625.0,False,False,False,False,0.0,BattV_Min_S1_B,0.0,True,ok,0.5,12.782,13.228
2025,S1_S2,west,S1,2025-08-22_S1_S2_9f8675d7,VWC_2_raw_S1_B,B,2,12,2025-08-22 09:07:00,2025-08-22 19:04:00,23.8833,23.8833,24.1333,9.95,30625.0,False,False,False,False,0.0,BattV_Min_S1_B,0.0,True,ok,0.5,12.782,13.228
2025,S1_S2,west,S1,2025-08-22_S1_S2_9f8675d7,VWC_3_raw_S1_B,B,3,18,2025-08-22 09:07:00,2025-08-22 19:04:00,23.8833,23.8833,28.1333,9.95,30625.0,False,False,False,False,0.0,BattV_Min_S1_B,0.0,True,ok,0.5,12.782,13.228
2025,S1_S2,west,S1,2025-09-20_S1_S2_81d8ab0f,VWC_1_raw_S1_B,B,1,6,2025-09-20 10:42:00,2025-09-20 17:31:00,7.8,7.8,13.55,6.8167,86100.0,False,False,False,False,0.0,BattV_Min_S1_B,0.0,True,ok,0.5,12.744,13.37
2025,S1_S2,west,S1,2025-09-20_S1_S2_81d8ab0f,VWC_2_raw_S1_B,B,2,12,2025-09-20 10:42:00,2025-09-20 17:31:00,15.05,15.05,19.3,6.8167,86100.0,False,False,False,False,0.0,BattV_Min_S1_B,0.0,True,ok,0.5,12.744,13.37
2025,S1_S2,west,S1,2025-09-20_S1_S2_81d8ab0f,VWC_3_raw_S1_B,B,3,18,2025-09-20 10:42:00,2025-09-20 17:31:00,9.05,9.05,13.05,6.8167,86100.0,False,False,False,False,0.0,BattV_Min_S1_B,0.0,True,ok,0.5,12.744,13.37
2025,S1_S2,west,S2,2025-04-20_S1_S2_f3457ada,VWC_1_raw_S2_B,B,1,6,2025-04-20 08:15:00,2025-04-21 06:28:00,22.75,22.75,24.75,22.2167,132300.0,False,False,False,False,0.0,BattV_Min_S2_B,0.0,True,ok,0.5,12.341,12.343
2025,S1_S2,west,S2,2025-04-20_S1_S2_f3457ada,VWC_2_raw_S2_B,B,2,12,2025-04-20 08:15:00,2025-04-21 06:28:00,23.25,23.25,24.5,22.2167,132300.0,False,False,False,False,0.0,BattV_Min_S2_B,0.0,True,ok,0.5,12.341,12.343
2025,S1_S2,west,S2,2025-04-20_S1_S2_f3457ada,VWC_3_raw_S2_B,B,3,18,2025-04-20 08:15:00,2025-04-21 06:28:00,22.25,22.25,22.5,22.2167,132300.0,False,False,False,False,0.0,BattV_Min_S2_B,0.0,True,ok,0.5,12.341,12.343
2025,S1_S2,west,S2,2025-05-16_S1_S2_799859ac,VWC_1_raw_S2_B,B,1,6,2025-05-16 15:36:41,2025-05-17 07:37:42,16.1386,16.1386,18.1386,16.0169,92450.0,False,False,False,False,0.0,BattV_Min_S2_B,0.0,True,ok,0.5,13.372,12.486
2025,S1_S2,west,S2,2025-05-16_S1_S2_799859ac,VWC_2_raw_S2_B,B,2,12,2025-05-16 15:36:41,2025-05-17 07:37:42,16.8886,16.8886,18.1386,16.0169,92450.0,False,False,False,False,0.0,BattV_Min_S2_B,0.0,True,ok,0.5,13.372,12.486
2025,S1_S2,west,S2,2025-05-16_S1_S2_799859ac,VWC_3_raw_S2_B,B,3,18,2025-05-16 15:36:41,2025-05-17 07:37:42,16.8886,16.8886,17.8886,16.0169,92450.0,False,False,False,False,0.0,BattV_Min_S2_B,0.0,True,ok,0.5,13.372,12.486
2025,S1_S2,west,S2,2025-05-28_S1_S2_ca363c43,VWC_1_raw_S2_B,B,1,6,2025-05-28 18:58:00,2025-05-29 07:30:00,16.7833,16.7833,31.0333,12.5333,64250.0,False,False,False,False,0.0,BattV_Min_S2_B,0.0,True,ok,0.5,13.253,12.662
2025,S1_S2,west,S2,2025-05-28_S1_S2_ca363c43,VWC_2_raw_S2_B,B,2,12,2025-05-28 18:58:00,2025-05-29 07:30:00,16.5333,16.5333,16.7833,12.5333,64250.0,False,False,False,False,0.0,BattV_Min_S2_B,0.0,True,ok,0.5,13.253,12.662
2025,S1_S2,west,S2,2025-05-28_S1_S2_ca363c43,VWC_3_raw_S2_B,B,3,18,2025-05-28 18:58:00,2025-05-29 07:30:00,13.2833,13.2833,13.5333,12.5333,64250.0,False,False,False,False,0.0,BattV_Min_S2_B,0.0,True,ok,0.5,13.253,12.662
2025,S1_S2,west,S2,2025-06-27_S1_S2_ff537961,VWC_2_raw_S2_B,B,2,12,2025-06-27 15:33:00,2025-06-28 07:49:00,22.7,22.7,22.95,16.2667,95500.0,False,False,False,False,0.0,BattV_Min_S2_B,0.0,True,ok,0.5,13.192,12.386
2025,S1_S2,west,S2,2025-06-27_S1_S2_ff537961,VWC_3_raw_S2_B,B,3,18,2025-06-27 15:33:00,2025-06-28 07:49:00,18.2,18.2,18.45,16.2667,95500.0,False,False,False,False,0.0,BattV_Min_S2_B,0.0,True,ok,0.5,13.192,12.386
2025,S1_S2,west,S2,2025-07-26_S1_S2_98e2053f,VWC_1_raw_S2_B,B,1,6,2025-07-26 08:45:00,2025-07-26 17:50:00,10.5,10.5,14.5,9.0833,53225.0,False,False,False,False,0.0,BattV_Min_S2_B,0.0,True,ok,0.5,12.675,13.214
2025,S1_S2,west,S2,2025-07-26_S1_S2_98e2053f,VWC_2_raw_S2_B,B,2,12,2025-07-26 08:45:00,2025-07-26 17:50:00,15.0,15.0,23.75,9.0833,53225.0,False,False,False,False,0.0,BattV_Min_S2_B,0.0,True,ok,0.5,12.675,13.214
2025,S1_S2,west,S2,2025-07-26_S1_S2_98e2053f,VWC_3_raw_S2_B,B,3,18,2025-07-26 08:45:00,2025-07-26 17:50:00,9.5,9.5,9.75,9.0833,53225.0,False,False,False,False,0.0,BattV_Min_S2_B,0.0,True,ok,0.5,12.675,13.214
2025,S1_S2,west,S2,2025-08-22_S1_S2_9f8675d7,VWC_1_raw_S2_B,B,1,6,2025-08-22 09:07:00,2025-08-22 19:04:00,11.1333,11.1333,22.3833,9.95,30625.0,False,False,False,False,0.0,BattV_Min_S2_B,0.0,True,ok,0.5,12.707,13.172
2025,S1_S2,west,S2,2025-08-22_S1_S2_9f8675d7,VWC_2_raw_S2_B,B,2,12,2025-08-22 09:07:00,2025-08-22 19:04:00,11.1333,11.1333,20.8833,9.95,30625.0,False,False,False,False,0.0,BattV_Min_S2_B,0.0,True,ok,0.5,12.707,13.172
2025,S1_S2,west,S2,2025-08-22_S1_S2_9f8675d7,VWC_3_raw_S2_B,B,3,18,2025-08-22 09:07:00,2025-08-22 19:04:00,11.1333,11.1333,15.1333,9.95,30625.0,False,False,False,False,0.0,BattV_Min_S2_B,0.0,True,ok,0.5,12.707,13.172
2025,S1_S2,west,S2,2025-09-20_S1_S2_81d8ab0f,VWC_1_raw_S2_B,B,1,6,2025-09-20 10:42:00,2025-09-20 17:31:00,9.8,9.8,20.8,6.8167,86100.0,False,False,False,False,0.0,BattV_Min_S2_B,0.0,True,ok,0.5,12.633,13.334
2025,S1_S2,west,S2,2025-09-20_S1_S2_81d8ab0f,VWC_2_raw_S2_B,B,2,12,2025-09-20 10:42:00,2025-09-20 17:31:00,7.8,7.8,15.8,6.8167,86100.0,False,False,False,False,0.0,BattV_Min_S2_B,0.0,True,ok,0.5,12.633,13.334
2025,S1_S2,west,S2,2025-09-20_S1_S2_81d8ab0f,VWC_3_raw_S2_B,B,3,18,2025-09-20 10:42:00,2025-09-20 17:31:00,10.55,10.55,14.55,6.8167,86100.0,False,False,False,False,0.0,BattV_Min_S2_B,0.0,True,ok,0.5,12.633,13.334
2025,S3_S4,east,S3,2025-04-20_S3_S4_ead0e049,VWC_1_raw_S3_B,B,1,6,2025-04-20 08:15:00,2025-04-21 06:28:00,7.5,7.5,8.75,22.2167,132300.0,False,False,False,False,0.0,BattV_Min_S3_B,0.0,True,ok,0.5,12.502,12.57
2025,S3_S4,east,S3,2025-04-20_S3_S4_ead0e049,VWC_2_raw_S3_B,B,2,12,2025-04-20 08:15:00,2025-04-21 06:28:00,22.75,22.75,23.0,22.2167,132300.0,False,False,False,False,0.0,BattV_Min_S3_B,0.0,True,ok,0.5,12.502,12.57
2025,S3_S4,east,S3,2025-04-20_S3_S4_ead0e049,VWC_3_raw_S3_B,B,3,18,2025-04-20 08:15:00,2025-04-21 06:28:00,6.5,6.5,6.75,22.2167,132300.0,False,False,False,False,0.0,BattV_Min_S3_B,0.0,True,ok,0.5,12.502,12.57
2025,S3_S4,east,S3,2025-05-02_S3_S4_3cb33cbf,VWC_1_raw_S3_B,B,1,6,2025-05-02 19:10:02,2025-05-03 08:21:02,13.5828,13.5828,13.8328,13.1833,76750.0,False,False,False,False,0.0,BattV_Min_S3_B,0.0,True,ok,0.5,13.313,12.545
2025,S3_S4,east,S3,2025-05-02_S3_S4_3cb33cbf,VWC_2_raw_S3_B,B,2,12,2025-05-02 19:10:02,2025-05-03 08:21:02,13.5828,13.5828,13.8328,13.1833,76750.0,False,False,False,False,0.0,BattV_Min_S3_B,0.0,True,ok,0.5,13.313,12.545
2025,S3_S4,east,S3,2025-05-02_S3_S4_3cb33cbf,VWC_3_raw_S3_B,B,3,18,2025-05-02 19:10:02,2025-05-03 08:21:02,10.5828,10.5828,10.8328,13.1833,76750.0,False,False,False,False,0.0,BattV_Min_S3_B,0.0,True,ok,0.5,13.313,12.545
2025,S3_S4,east,S3,2025-05-28_S3_S4_120d46ab,VWC_1_raw_S3_B,B,1,6,2025-05-28 18:58:00,2025-05-29 07:30:00,16.0333,16.0333,16.2833,12.5333,64250.0,False,False,False,False,0.0,BattV_Min_S3_B,0.0,True,ok,0.5,13.236,12.655
2025,S3_S4,east,S3,2025-06-13_S3_S4_29345c78,VWC_1_raw_S3_B,B,1,6,2025-06-13 10:49:00,2025-06-13 19:16:00,12.9333,12.9333,13.1833,8.45,56900.0,False,False,False,False,0.0,BattV_Min_S3_B,0.0,True,ok,0.5,12.644,13.198
2025,S3_S4,east,S3,2025-06-13_S3_S4_29345c78,VWC_2_raw_S3_B,B,2,12,2025-06-13 10:49:00,2025-06-13 19:16:00,11.9333,11.9333,12.1833,8.45,56900.0,False,False,False,False,0.0,BattV_Min_S3_B,0.0,True,ok,0.5,12.644,13.198
2025,S3_S4,east,S3,2025-06-13_S3_S4_29345c78,VWC_3_raw_S3_B,B,3,18,2025-06-13 10:49:00,2025-06-13 19:16:00,14.4333,14.4333,14.6833,8.45,56900.0,False,False,False,False,0.0,BattV_Min_S3_B,0.0,True,ok,0.5,12.644,13.198
2025,S3_S4,east,S3,2025-06-28_S3_S4_d9252a87,VWC_1_raw_S3_B,B,1,6,2025-06-28 08:50:00,2025-06-28 16:15:00,14.1667,14.1667,14.4167,7.4167,43550.0,False,False,False,False,0.0,BattV_Min_S3_B,0.0,True,ok,0.5,12.613,13.196
2025,S3_S4,east,S3,2025-07-11_S3_S4_e179d57e,VWC_1_raw_S3_B,B,1,6,2025-07-11 08:30:00,2025-07-11 18:12:00,14.75,14.75,15.0,9.7,46400.0,False,False,False,False,0.0,BattV_Min_S3_B,0.0,True,ok,0.5,12.591,13.197
2025,S3_S4,east,S3,2025-07-11_S3_S4_e179d57e,VWC_2_raw_S3_B,B,2,12,2025-07-11 08:30:00,2025-07-11 18:12:00,14.5,14.5,14.75,9.7,46400.0,False,False,False,False,0.0,BattV_Min_S3_B,0.0,True,ok,0.5,12.591,13.197
2025,S3_S4,east,S3,2025-07-11_S3_S4_e179d57e,VWC_3_raw_S3_B,B,3,18,2025-07-11 08:30:00,2025-07-11 18:12:00,15.5,15.5,15.75,9.7,46400.0,False,False,False,False,0.0,BattV_Min_S3_B,0.0,True,ok,0.5,12.591,13.197
2025,S3_S4,east,S3,2025-07-26_S3_S4_b4053dcf,VWC_1_raw_S3_B,B,1,6,2025-07-26 08:45:00,2025-07-26 17:50:00,10.75,10.75,11.0,9.0833,53225.0,False,False,False,False,0.0,BattV_Min_S3_B,0.0,True,ok,0.5,12.612,13.22
2025,S3_S4,east,S3,2025-07-26_S3_S4_b4053dcf,VWC_2_raw_S3_B,B,2,12,2025-07-26 08:45:00,2025-07-26 17:50:00,10.75,10.75,15.75,9.0833,53225.0,False,False,False,False,0.0,BattV_Min_S3_B,0.0,True,ok,0.5,12.612,13.22
2025,S3_S4,east,S3,2025-07-26_S3_S4_b4053dcf,VWC_3_raw_S3_B,B,3,18,2025-07-26 08:45:00,2025-07-26 17:50:00,15.0,15.0,19.0,9.0833,53225.0,False,False,False,False,0.0,BattV_Min_S3_B,0.0,True,ok,0.5,12.612,13.22
2025,S3_S4,east,S3,2025-08-08_S3_S4_7c793582,VWC_1_raw_S3_B,B,1,6,2025-08-08 13:14:00,2025-08-08 19:28:00,8.7667,8.7667,9.0167,6.2333,38750.0,False,False,False,False,0.0,BattV_Min_S3_B,0.0,True,ok,0.5,12.77,13.201
2025,S3_S4,east,S3,2025-08-08_S3_S4_7c793582,VWC_2_raw_S3_B,B,2,12,2025-08-08 13:14:00,2025-08-08 19:28:00,7.7667,7.7667,8.0167,6.2333,38750.0,False,False,False,False,0.0,BattV_Min_S3_B,0.0,True,ok,0.5,12.77,13.201
2025,S3_S4,east,S3,2025-08-08_S3_S4_7c793582,VWC_3_raw_S3_B,B,3,18,2025-08-08 13:14:00,2025-08-08 19:28:00,12.2667,12.2667,16.2667,6.2333,38750.0,False,False,False,False,0.0,BattV_Min_S3_B,0.0,True,ok,0.5,12.77,13.201
2025,S3_S4,east,S3,2025-08-22_S3_S4_1b405e4b,VWC_1_raw_S3_B,B,1,6,2025-08-22 09:07:00,2025-08-22 19:04:00,11.8833,11.8833,19.8833,9.95,30625.0,False,False,False,False,0.0,BattV_Min_S3_B,0.0,True,ok,0.5,12.638,13.165
2025,S3_S4,east,S3,2025-08-22_S3_S4_1b405e4b,VWC_2_raw_S3_B,B,2,12,2025-08-22 09:07:00,2025-08-22 19:04:00,22.6333,22.6333,22.8833,9.95,30625.0,False,False,False,False,0.0,BattV_Min_S3_B,0.0,True,ok,0.5,12.638,13.165
2025,S3_S4,east,S3,2025-08-22_S3_S4_1b405e4b,VWC_3_raw_S3_B,B,3,18,2025-08-22 09:07:00,2025-08-22 19:04:00,11.8833,11.8833,15.8833,9.95,30625.0,False,False,False,False,0.0,BattV_Min_S3_B,0.0,True,ok,0.5,12.638,13.165
2025,S3_S4,east,S3,2025-09-20_S3_S4_f86ee2c5,VWC_1_raw_S3_B,B,1,6,2025-09-20 10:42:00,2025-09-20 17:31:00,8.8,8.8,9.8,6.8167,86100.0,False,False,False,False,0.0,BattV_Min_S3_B,0.0,True,ok,0.5,12.503,13.315
2025,S3_S4,east,S3,2025-09-20_S3_S4_f86ee2c5,VWC_2_raw_S3_B,B,2,12,2025-09-20 10:42:00,2025-09-20 17:31:00,12.3,12.3,26.05,6.8167,86100.0,False,False,False,False,0.0,BattV_Min_S3_B,0.0,True,ok,0.5,12.503,13.315
2025,S3_S4,east,S3,2025-09-20_S3_S4_f86ee2c5,VWC_3_raw_S3_B,B,3,18,2025-09-20 10:42:00,2025-09-20 17:31:00,16.05,16.05,20.05,6.8167,86100.0,False,False,False,False,0.0,BattV_Min_S3_B,0.0,True,ok,0.5,12.503,13.315
2025,S3_S4,east,S3,2025-10-04_S3_S4_4439230e,VWC_1_raw_S3_B,B,1,6,2025-10-04 10:12:00,2025-10-04 17:06:00,9.05,9.05,9.3,6.9,51800.0,False,False,False,False,0.0,BattV_Min_S3_B,0.0,True,ok,0.5,12.635,13.458
2025,S3_S4,east,S3,2025-10-04_S3_S4_4439230e,VWC_2_raw_S3_B,B,2,12,2025-10-04 10:12:00,2025-10-04 17:06:00,9.55,9.55,9.8,6.9,51800.0,False,False,False,False,0.0,BattV_Min_S3_B,0.0,True,ok,0.5,12.635,13.458
2025,S3_S4,east,S3,2025-10-04_S3_S4_4439230e,VWC_3_raw_S3_B,B,3,18,2025-10-04 10:12:00,2025-10-04 17:06:00,12.8,12.8,16.8,6.9,51800.0,False,False,False,False,0.0,BattV_Min_S3_B,0.0,True,ok,0.5,12.635,13.458
2025,S3_S4,east,S4,2025-04-20_S3_S4_ead0e049,VWC_1_raw_S4_B,B,1,6,2025-04-20 08:15:00,2025-04-21 06:28:00,9.25,9.25,12.75,22.2167,132300.0,False,False,False,False,0.0,BattV_Min_S4_B,0.0,True,ok,0.5,12.763,12.778
2025,S3_S4,east,S4,2025-04-20_S3_S4_ead0e049,VWC_2_raw_S4_B,B,2,12,2025-04-20 08:15:00,2025-04-21 06:28:00,15.0,15.0,15.25,22.2167,132300.0,False,False,False,False,0.0,BattV_Min_S4_B,0.0,True,ok,0.5,12.763,12.778
2025,S3_S4,east,S4,2025-04-20_S3_S4_ead0e049,VWC_3_raw_S4_B,B,3,18,2025-04-20 08:15:00,2025-04-21 06:28:00,10.5,10.5,19.75,22.2167,132300.0,False,False,False,False,0.0,BattV_Min_S4_B,0.0,True,ok,0.5,12.763,12.778
2025,S3_S4,east,S4,2025-05-02_S3_S4_3cb33cbf,VWC_1_raw_S4_B,B,1,6,2025-05-02 19:10:02,2025-05-03 08:21:02,13.8328,13.8328,14.0828,13.1833,76750.0,False,False,False,False,0.0,BattV_Min_S4_B,0.0,True,ok,0.5,13.376,12.823
2025,S3_S4,east,S4,2025-05-02_S3_S4_3cb33cbf,VWC_2_raw_S4_B,B,2,12,2025-05-02 19:10:02,2025-05-03 08:21:02,11.0828,11.0828,22.8328,13.1833,76750.0,False,False,False,False,0.0,BattV_Min_S4_B,0.0,True,ok,0.5,13.376,12.823
2025,S3_S4,east,S4,2025-05-02_S3_S4_3cb33cbf,VWC_3_raw_S4_B,B,3,18,2025-05-02 19:10:02,2025-05-03 08:21:02,11.0828,11.0828,20.8328,13.1833,76750.0,False,False,False,False,0.0,BattV_Min_S4_B,0.0,True,ok,0.5,13.376,12.823
2025,S3_S4,east,S4,2025-05-28_S3_S4_120d46ab,VWC_2_raw_S4_B,B,2,12,2025-05-28 18:58:00,2025-05-29 07:30:00,10.2833,10.2833,12.0333,12.5333,64250.0,False,False,False,False,0.0,BattV_Min_S4_B,0.0,True,ok,0.5,13.283,12.858
2025,S3_S4,east,S4,2025-05-28_S3_S4_120d46ab,VWC_3_raw_S4_B,B,3,18,2025-05-28 18:58:00,2025-05-29 07:30:00,18.0333,18.0333,,12.5333,64250.0,False,False,False,False,0.0,BattV_Min_S4_B,0.0,True,ok,0.5,13.283,12.858
2025,S3_S4,east,S4,2025-06-13_S3_S4_29345c78,VWC_1_raw_S4_B,B,1,6,2025-06-13 10:49:00,2025-06-13 19:16:00,10.1833,10.1833,14.1833,8.45,56900.0,False,False,False,False,0.0,BattV_Min_S4_B,0.0,True,ok,0.5,12.866,13.225
2025,S3_S4,east,S4,2025-06-13_S3_S4_29345c78,VWC_2_raw_S4_B,B,2,12,2025-06-13 10:49:00,2025-06-13 19:16:00,11.4333,11.4333,26.4333,8.45,56900.0,False,False,False,False,0.0,BattV_Min_S4_B,0.0,True,ok,0.5,12.866,13.225
2025,S3_S4,east,S4,2025-06-13_S3_S4_29345c78,VWC_3_raw_S4_B,B,3,18,2025-06-13 10:49:00,2025-06-13 19:16:00,17.9333,17.9333,19.9333,8.45,56900.0,False,False,False,False,0.0,BattV_Min_S4_B,0.0,True,ok,0.5,12.866,13.225
2025,S3_S4,east,S4,2025-06-28_S3_S4_d9252a87,VWC_1_raw_S4_B,B,1,6,2025-06-28 08:50:00,2025-06-28 16:15:00,13.9167,13.9167,17.9167,7.4167,43550.0,False,False,False,False,0.0,BattV_Min_S4_B,0.0,True,ok,0.5,12.839,13.249
2025,S3_S4,east,S4,2025-06-28_S3_S4_d9252a87,VWC_2_raw_S4_B,B,2,12,2025-06-28 08:50:00,2025-06-28 16:15:00,15.4167,15.4167,19.4167,7.4167,43550.0,False,False,False,False,0.0,BattV_Min_S4_B,0.0,True,ok,0.5,12.839,13.249
2025,S3_S4,east,S4,2025-07-11_S3_S4_e179d57e,VWC_1_raw_S4_B,B,1,6,2025-07-11 08:30:00,2025-07-11 18:12:00,13.5,13.5,17.5,9.7,46400.0,False,False,False,False,0.0,BattV_Min_S4_B,0.0,True,ok,0.5,12.838,13.235
2025,S3_S4,east,S4,2025-07-11_S3_S4_e179d57e,VWC_2_raw_S4_B,B,2,12,2025-07-11 08:30:00,2025-07-11 18:12:00,14.5,14.5,24.5,9.7,46400.0,False,False,False,False,0.0,BattV_Min_S4_B,0.0,True,ok,0.5,12.838,13.235
2025,S3_S4,east,S4,2025-07-11_S3_S4_e179d57e,VWC_3_raw_S4_B,B,3,18,2025-07-11 08:30:00,2025-07-11 18:12:00,19.5,19.5,23.5,9.7,46400.0,False,False,False,False,0.0,BattV_Min_S4_B,0.0,True,ok,0.5,12.838,13.235
2025,S3_S4,east,S4,2025-07-26_S3_S4_b4053dcf,VWC_1_raw_S4_B,B,1,6,2025-07-26 08:45:00,2025-07-26 17:50:00,10.5,10.5,14.5,9.0833,53225.0,False,False,False,False,0.0,BattV_Min_S4_B,0.0,True,ok,0.5,12.804,13.226
2025,S3_S4,east,S4,2025-07-26_S3_S4_b4053dcf,VWC_2_raw_S4_B,B,2,12,2025-07-26 08:45:00,2025-07-26 17:50:00,11.75,11.75,23.25,9.0833,53225.0,False,False,False,False,0.0,BattV_Min_S4_B,0.0,True,ok,0.5,12.804,13.226
2025,S3_S4,east,S4,2025-07-26_S3_S4_b4053dcf,VWC_3_raw_S4_B,B,3,18,2025-07-26 08:45:00,2025-07-26 17:50:00,12.5,12.5,17.75,9.0833,53225.0,False,False,False,False,0.0,BattV_Min_S4_B,0.0,True,ok,0.5,12.804,13.226
2025,S3_S4,east,S4,2025-08-08_S3_S4_7c793582,VWC_1_raw_S4_B,B,1,6,2025-08-08 13:14:00,2025-08-08 19:28:00,9.7667,9.7667,13.5167,6.2333,38750.0,False,False,False,False,0.0,BattV_Min_S4_B,0.0,True,ok,0.5,12.942,13.244
2025,S3_S4,east,S4,2025-08-08_S3_S4_7c793582,VWC_2_raw_S4_B,B,2,12,2025-08-08 13:14:00,2025-08-08 19:28:00,10.0167,10.0167,16.0167,6.2333,38750.0,False,False,False,False,0.0,BattV_Min_S4_B,0.0,True,ok,0.5,12.942,13.244
2025,S3_S4,east,S4,2025-08-08_S3_S4_7c793582,VWC_3_raw_S4_B,B,3,18,2025-08-08 13:14:00,2025-08-08 19:28:00,9.7667,9.7667,10.0167,6.2333,38750.0,False,False,False,False,0.0,BattV_Min_S4_B,0.0,True,ok,0.5,12.942,13.244
2025,S3_S4,east,S4,2025-08-22_S3_S4_1b405e4b,VWC_1_raw_S4_B,B,1,6,2025-08-22 09:07:00,2025-08-22 19:04:00,23.8833,23.8833,,9.95,30625.0,False,False,False,False,0.0,BattV_Min_S4_B,0.0,True,ok,0.5,12.88,13.159
2025,S3_S4,east,S4,2025-08-22_S3_S4_1b405e4b,VWC_2_raw_S4_B,B,2,12,2025-08-22 09:07:00,2025-08-22 19:04:00,18.8833,18.8833,,9.95,30625.0,False,False,False,False,0.0,BattV_Min_S4_B,0.0,True,ok,0.5,12.88,13.159
2025,S3_S4,east,S4,2025-08-22_S3_S4_1b405e4b,VWC_3_raw_S4_B,B,3,18,2025-08-22 09:07:00,2025-08-22 19:04:00,13.8833,13.8833,,9.95,30625.0,False,False,False,False,0.0,BattV_Min_S4_B,0.0,True,ok,0.5,12.88,13.159
2025,S3_S4,east,S4,2025-09-20_S3_S4_f86ee2c5,VWC_1_raw_S4_B,B,1,6,2025-09-20 10:42:00,2025-09-20 17:31:00,10.05,10.05,22.55,6.8167,86100.0,False,False,False,False,0.0,BattV_Min_S4_B,0.0,True,ok,0.5,12.838,13.366
2025,S3_S4,east,S4,2025-09-20_S3_S4_f86ee2c5,VWC_2_raw_S4_B,B,2,12,2025-09-20 10:42:00,2025-09-20 17:31:00,10.3,10.3,20.8,6.8167,86100.0,False,False,False,False,0.0,BattV_Min_S4_B,0.0,True,ok,0.5,12.838,13.366
2025,S3_S4,east,S4,2025-09-20_S3_S4_f86ee2c5,VWC_3_raw_S4_B,B,3,18,2025-09-20 10:42:00,2025-09-20 17:31:00,9.8,9.8,10.05,6.8167,86100.0,False,False,False,False,0.0,BattV_Min_S4_B,0.0,True,ok,0.5,12.838,13.366
2025,S3_S4,east,S4,2025-10-04_S3_S4_4439230e,VWC_1_raw_S4_B,B,1,6,2025-10-04 10:12:00,2025-10-04 17:06:00,11.3,11.3,19.05,6.9,51800.0,False,False,False,False,0.0,BattV_Min_S4_B,0.0,True,ok,0.5,12.873,13.481
2025,S3_S4,east,S4,2025-10-04_S3_S4_4439230e,VWC_2_raw_S4_B,B,2,12,2025-10-04 10:12:00,2025-10-04 17:06:00,15.8,15.8,17.05,6.9,51800.0,False,False,False,False,0.0,BattV_Min_S4_B,0.0,True,ok,0.5,12.873,13.481
2025,S3_S4,east,S4,2025-10-04_S3_S4_4439230e,VWC_3_raw_S4_B,B,3,18,2025-10-04 10:12:00,2025-10-04 17:06:00,11.05,11.05,11.3,6.9,51800.0,False,False,False,False,0.0,BattV_Min_S4_B,0.0,True,ok,0.5,12.873,13.481
2025,S1_S2,west,S1,2025-06-27_S1_S2_ff537961,VWC_1_raw_S1_B,B,1,6,2025-06-27 15:33:00,2025-06-28 07:49:00,20.7,20.7,29.45,16.2667,95500.0,True,True,False,False,0.0,BattV_Min_S1_B,0.0,False,unexplained_pre_start_response,0.5,13.264,12.723
2025,S1_S2,west,S2,2025-06-27_S1_S2_ff537961,VWC_1_raw_S2_B,B,1,6,2025-06-27 15:33:00,2025-06-28 07:49:00,14.95,14.95,15.2,16.2667,95500.0,True,True,False,False,0.0,BattV_Min_S2_B,0.0,False,unexplained_pre_start_response,0.5,13.192,12.386
2025,S3_S4,east,S3,2025-05-28_S3_S4_120d46ab,VWC_2_raw_S3_B,B,2,12,2025-05-28 18:58:00,2025-05-29 07:30:00,15.5333,15.5333,15.7833,12.5333,64250.0,True,True,False,False,0.0,BattV_Min_S3_B,0.0,False,unexplained_pre_start_response,0.5,13.236,12.655
2025,S3_S4,east,S3,2025-05-28_S3_S4_120d46ab,VWC_3_raw_S3_B,B,3,18,2025-05-28 18:58:00,2025-05-29 07:30:00,16.7833,16.7833,17.0333,12.5333,64250.0,True,True,False,False,0.0,BattV_Min_S3_B,0.0,False,unexplained_pre_start_response,0.5,13.236,12.655
2025,S3_S4,east,S3,2025-06-28_S3_S4_d9252a87,VWC_2_raw_S3_B,B,2,12,2025-06-28 08:50:00,2025-06-28 16:15:00,11.6667,11.6667,11.9167,7.4167,43550.0,True,True,False,False,0.0,BattV_Min_S3_B,0.0,False,unexplained_pre_start_response,0.5,12.613,13.196
2025,S3_S4,east,S3,2025-06-28_S3_S4_d9252a87,VWC_3_raw_S3_B,B,3,18,2025-06-28 08:50:00,2025-06-28 16:15:00,20.1667,20.1667,20.4167,7.4167,43550.0,True,True,False,False,0.0,BattV_Min_S3_B,0.0,False,unexplained_pre_start_response,0.5,12.613,13.196
2025,S3_S4,east,S4,2025-05-28_S3_S4_120d46ab,VWC_1_raw_S4_B,B,1,6,2025-05-28 18:58:00,2025-05-29 07:30:00,18.5333,18.5333,22.5333,12.5333,64250.0,True,True,False,False,0.0,BattV_Min_S4_B,0.0,False,unexplained_pre_start_response,0.5,13.283,12.858
2025,S3_S4,east,S4,2025-06-28_S3_S4_d9252a87,VWC_3_raw_S4_B,B,3,18,2025-06-28 08:50:00,2025-06-28 16:15:00,15.4167,15.4167,15.9167,7.4167,43550.0,True,True,False,False,0.0,BattV_Min_S4_B,0.0,False,unexplained_pre_start_response,0.5,12.839,13.249
2026,S1_S2,west,S1,2026-04-21_S1_S2_001c30f6,VWC_2_raw_S1_B,B,2,12,2026-04-21 14:54:00,2026-04-22 08:52:00,16.35,16.35,30.1,17.9667,110850.0,False,False,False,False,0.0,BattV_Min_S1_B,0.0,True,ok,0.5,13.435,12.749
2026,S1_S2,west,S1,2026-04-21_S1_S2_001c30f6,VWC_3_raw_S1_B,B,3,18,2026-04-21 14:54:00,2026-04-22 08:52:00,19.35,19.35,28.35,17.9667,110850.0,False,False,False,False,0.0,BattV_Min_S1_B,0.0,True,ok,0.5,13.435,12.749
2026,S1_S2,west,S1,2026-05-20_S1_S2_49743b7c,VWC_1_raw_S1_B,B,1,6,2026-05-20 11:23:00,2026-05-20 17:53:00,10.3667,10.3667,18.1167,6.5,54400.0,False,False,False,False,0.0,BattV_Min_S1_B,0.0,True,ok,0.5,12.706,13.476
2026,S1_S2,west,S1,2026-05-20_S1_S2_49743b7c,VWC_2_raw_S1_B,B,2,12,2026-05-20 11:23:00,2026-05-20 17:53:00,14.6167,14.6167,14.8667,6.5,54400.0,False,False,False,False,0.0,BattV_Min_S1_B,0.0,True,ok,0.5,12.706,13.476
2026,S1_S2,west,S1,2026-05-20_S1_S2_49743b7c,VWC_3_raw_S1_B,B,3,18,2026-05-20 11:23:00,2026-05-20 17:53:00,23.3667,23.3667,25.6167,6.5,54400.0,False,False,False,False,0.0,BattV_Min_S1_B,0.0,True,ok,0.5,12.706,13.476
2026,S1_S2,west,S1,2026-06-20_S1_S2_ba82572f,VWC_1_raw_S1_B,B,1,6,2026-06-20 08:00:00,2026-06-20 17:03:00,13.25,13.25,25.0,9.05,65700.0,False,False,False,False,0.0,BattV_Min_S1_B,0.0,True,ok,0.5,12.75,13.299
2026,S1_S2,west,S1,2026-06-20_S1_S2_ba82572f,VWC_2_raw_S1_B,B,2,12,2026-06-20 08:00:00,2026-06-20 17:03:00,16.75,16.75,17.0,9.05,65700.0,False,False,False,False,0.0,BattV_Min_S1_B,0.0,True,ok,0.5,12.75,13.299
2026,S1_S2,west,S1,2026-06-20_S1_S2_ba82572f,VWC_3_raw_S1_B,B,3,18,2026-06-20 08:00:00,2026-06-20 17:03:00,24.0,24.0,24.25,9.05,65700.0,False,False,False,False,0.0,BattV_Min_S1_B,0.0,True,ok,0.5,12.75,13.299
2026,S1_S2,west,S1,2026-06-27_S1_S2_be4e641a,VWC_1_raw_S1_B,B,1,6,2026-06-27 11:05:00,2026-06-27 16:34:00,8.1667,8.1667,20.4167,5.4833,33511.0,False,False,False,False,0.0,BattV_Min_S1_B,0.0,True,ok,0.5,12.752,13.33
2026,S1_S2,west,S1,2026-06-27_S1_S2_be4e641a,VWC_2_raw_S1_B,B,2,12,2026-06-27 11:05:00,2026-06-27 16:34:00,8.1667,8.1667,19.6667,5.4833,33511.0,False,False,False,False,0.0,BattV_Min_S1_B,0.0,True,ok,0.5,12.752,13.33
2026,S1_S2,west,S1,2026-06-27_S1_S2_be4e641a,VWC_3_raw_S1_B,B,3,18,2026-06-27 11:05:00,2026-06-27 16:34:00,8.1667,8.1667,12.1667,5.4833,33511.0,False,False,False,False,0.0,BattV_Min_S1_B,0.0,True,ok,0.5,12.752,13.33
2026,S1_S2,west,S1,2026-07-24_S1_S2_63eb5228,VWC_1_raw_S1_B,B,1,6,2026-07-24 08:25:00,2026-07-24 15:43:00,23.5833,23.5833,24.5833,7.3,34125.0,False,False,False,False,0.0,BattV_Min_S1_B,0.0,True,ok,0.5,12.772,13.229
2026,S1_S2,west,S1,2026-07-24_S1_S2_63eb5228,VWC_2_raw_S1_B,B,2,12,2026-07-24 08:25:00,2026-07-24 15:43:00,23.8333,23.8333,24.0833,7.3,34125.0,False,False,False,False,0.0,BattV_Min_S1_B,0.0,True,ok,0.5,12.772,13.229
2026,S1_S2,west,S1,2026-07-24_S1_S2_63eb5228,VWC_3_raw_S1_B,B,3,18,2026-07-24 08:25:00,2026-07-24 15:43:00,12.0833,12.0833,13.5833,7.3,34125.0,False,False,False,False,0.0,BattV_Min_S1_B,0.0,True,ok,0.5,12.772,13.229
2026,S1_S2,west,S1,2026-08-14_S1_S2_72b4c1d7,VWC_1_raw_S1_B,B,1,6,2026-08-14 10:25:00,2026-08-14 13:47:00,23.8333,23.8333,33.5833,3.3667,21350.0,False,False,False,False,0.0,BattV_Min_S1_B,0.0,True,ok,0.5,12.771,13.386
2026,S1_S2,west,S1,2026-08-14_S1_S2_72b4c1d7,VWC_2_raw_S1_B,B,2,12,2026-08-14 10:25:00,2026-08-14 13:47:00,23.8333,23.8333,24.0833,3.3667,21350.0,False,False,False,False,0.0,BattV_Min_S1_B,0.0,True,ok,0.5,12.771,13.386
2026,S1_S2,west,S1,2026-08-14_S1_S2_72b4c1d7,VWC_3_raw_S1_B,B,3,18,2026-08-14 10:25:00,2026-08-14 13:47:00,23.8333,23.8333,25.0833,3.3667,21350.0,False,False,False,False,0.0,BattV_Min_S1_B,0.0,True,ok,0.5,12.771,13.386
2026,S1_S2,west,S2,2026-04-21_S1_S2_001c30f6,VWC_2_raw_S2_B,B,2,12,2026-04-21 14:54:00,2026-04-22 08:52:00,19.1,19.1,23.1,17.9667,110850.0,False,False,False,False,0.0,BattV_Min_S2_B,0.0,True,ok,0.5,13.325,12.695
2026,S1_S2,west,S2,2026-04-21_S1_S2_001c30f6,VWC_3_raw_S2_B,B,3,18,2026-04-21 14:54:00,2026-04-22 08:52:00,19.1,19.1,23.1,17.9667,110850.0,False,False,False,False,0.0,BattV_Min_S2_B,0.0,True,ok,0.5,13.325,12.695
2026,S1_S2,west,S2,2026-05-20_S1_S2_49743b7c,VWC_1_raw_S2_B,B,1,6,2026-05-20 11:23:00,2026-05-20 17:53:00,7.1167,7.1167,11.1167,6.5,54400.0,False,False,False,False,0.0,BattV_Min_S2_B,0.0,True,ok,0.5,12.667,13.423
2026,S1_S2,west,S2,2026-05-20_S1_S2_49743b7c,VWC_2_raw_S2_B,B,2,12,2026-05-20 11:23:00,2026-05-20 17:53:00,7.1167,7.1167,20.6167,6.5,54400.0,False,False,False,False,0.0,BattV_Min_S2_B,0.0,True,ok,0.5,12.667,13.423
2026,S1_S2,west,S2,2026-05-20_S1_S2_49743b7c,VWC_3_raw_S2_B,B,3,18,2026-05-20 11:23:00,2026-05-20 17:53:00,7.3667,7.3667,11.3667,6.5,54400.0,False,False,False,False,0.0,BattV_Min_S2_B,0.0,True,ok,0.5,12.667,13.423
2026,S1_S2,west,S2,2026-06-20_S1_S2_ba82572f,VWC_1_raw_S2_B,B,1,6,2026-06-20 08:00:00,2026-06-20 17:03:00,9.75,9.75,11.25,9.05,65700.0,False,False,False,False,0.0,BattV_Min_S2_B,0.0,True,ok,0.5,12.618,13.233
2026,S1_S2,west,S2,2026-06-20_S1_S2_ba82572f,VWC_2_raw_S2_B,B,2,12,2026-06-20 08:00:00,2026-06-20 17:03:00,10.5,10.5,23.0,9.05,65700.0,False,False,False,False,0.0,BattV_Min_S2_B,0.0,True,ok,0.5,12.618,13.233
2026,S1_S2,west,S2,2026-06-20_S1_S2_ba82572f,VWC_3_raw_S2_B,B,3,18,2026-06-20 08:00:00,2026-06-20 17:03:00,10.0,10.0,11.5,9.05,65700.0,False,False,False,False,0.0,BattV_Min_S2_B,0.0,True,ok,0.5,12.618,13.233
2026,S1_S2,west,S2,2026-06-27_S1_S2_be4e641a,VWC_1_raw_S2_B,B,1,6,2026-06-27 11:05:00,2026-06-27 16:34:00,6.4167,6.4167,7.6667,5.4833,33511.0,False,False,False,False,0.0,BattV_Min_S2_B,0.0,True,ok,0.5,12.705,13.264
2026,S1_S2,west,S2,2026-06-27_S1_S2_be4e641a,VWC_2_raw_S2_B,B,2,12,2026-06-27 11:05:00,2026-06-27 16:34:00,8.1667,8.1667,8.4167,5.4833,33511.0,False,False,False,False,0.0,BattV_Min_S2_B,0.0,True,ok,0.5,12.705,13.264
2026,S1_S2,west,S2,2026-06-27_S1_S2_be4e641a,VWC_3_raw_S2_B,B,3,18,2026-06-27 11:05:00,2026-06-27 16:34:00,8.1667,8.1667,8.4167,5.4833,33511.0,False,False,False,False,0.0,BattV_Min_S2_B,0.0,True,ok,0.5,12.705,13.264
2026,S1_S2,west,S2,2026-07-24_S1_S2_63eb5228,VWC_1_raw_S2_B,B,1,6,2026-07-24 08:25:00,2026-07-24 15:43:00,8.0833,8.0833,18.0833,7.3,34125.0,False,False,False,False,0.0,BattV_Min_S2_B,0.0,True,ok,0.5,12.66,13.171
2026,S1_S2,west,S2,2026-07-24_S1_S2_63eb5228,VWC_2_raw_S2_B,B,2,12,2026-07-24 08:25:00,2026-07-24 15:43:00,8.0833,8.0833,18.0833,7.3,34125.0,False,False,False,False,0.0,BattV_Min_S2_B,0.0,True,ok,0.5,12.66,13.171
2026,S1_S2,west,S2,2026-07-24_S1_S2_63eb5228,VWC_3_raw_S2_B,B,3,18,2026-07-24 08:25:00,2026-07-24 15:43:00,8.0833,8.0833,12.0833,7.3,34125.0,False,False,False,False,0.0,BattV_Min_S2_B,0.0,True,ok,0.5,12.66,13.171
2026,S1_S2,west,S2,2026-08-14_S1_S2_72b4c1d7,VWC_1_raw_S2_B,B,1,6,2026-08-14 10:25:00,2026-08-14 13:47:00,5.0833,5.0833,13.3333,3.3667,21350.0,False,False,False,False,0.0,BattV_Min_S2_B,0.0,True,ok,0.5,12.708,13.309
2026,S1_S2,west,S2,2026-08-14_S1_S2_72b4c1d7,VWC_2_raw_S2_B,B,2,12,2026-08-14 10:25:00,2026-08-14 13:47:00,4.3333,4.3333,8.8333,3.3667,21350.0,False,False,False,False,0.0,BattV_Min_S2_B,0.0,True,ok,0.5,12.708,13.309
2026,S1_S2,west,S2,2026-08-14_S1_S2_72b4c1d7,VWC_3_raw_S2_B,B,3,18,2026-08-14 10:25:00,2026-08-14 13:47:00,4.0833,4.0833,8.0833,3.3667,21350.0,False,False,False,False,0.0,BattV_Min_S2_B,0.0,True,ok,0.5,12.708,13.309
2026,S3_S4,east,S3,2026-04-21_S3_S4_ed1ed131,VWC_1_raw_S3_B,B,1,6,2026-04-21 14:54:00,2026-04-22 08:52:00,19.85,19.85,20.1,17.9667,110850.0,False,False,False,False,0.0,BattV_Min_S3_B,0.0,True,ok,0.5,13.366,12.67
2026,S3_S4,east,S3,2026-04-21_S3_S4_ed1ed131,VWC_2_raw_S3_B,B,2,12,2026-04-21 14:54:00,2026-04-22 08:52:00,19.85,19.85,31.85,17.9667,110850.0,False,False,False,False,0.0,BattV_Min_S3_B,0.0,True,ok,0.5,13.366,12.67
2026,S3_S4,east,S3,2026-04-21_S3_S4_ed1ed131,VWC_3_raw_S3_B,B,3,18,2026-04-21 14:54:00,2026-04-22 08:52:00,6.85,6.85,7.1,17.9667,110850.0,False,False,False,False,0.0,BattV_Min_S3_B,0.0,True,ok,0.5,13.366,12.67
2026,S3_S4,east,S3,2026-05-08_S3_S4_989607cc,VWC_1_raw_S3_B,B,1,6,2026-05-08 09:00:00,2026-05-08 19:14:00,11.75,11.75,12.0,10.2333,90350.0,False,False,False,False,0.0,BattV_Min_S3_B,0.0,True,ok,0.5,12.559,13.32
2026,S3_S4,east,S3,2026-05-08_S3_S4_989607cc,VWC_2_raw_S3_B,B,2,12,2026-05-08 09:00:00,2026-05-08 19:14:00,12.0,12.0,20.5,10.2333,90350.0,False,False,False,False,0.0,BattV_Min_S3_B,0.0,True,ok,0.5,12.559,13.32
2026,S3_S4,east,S3,2026-05-08_S3_S4_989607cc,VWC_3_raw_S3_B,B,3,18,2026-05-08 09:00:00,2026-05-08 19:14:00,6.0,6.0,6.25,10.2333,90350.0,False,False,False,False,0.0,BattV_Min_S3_B,0.0,True,ok,0.5,12.559,13.32
2026,S3_S4,east,S3,2026-05-21_S3_S4_272f948e,VWC_1_raw_S3_B,B,1,6,2026-05-21 13:27:00,2026-05-21 19:54:00,7.3,7.3,7.55,6.45,59850.0,False,False,False,False,0.0,BattV_Min_S3_B,0.0,True,ok,0.5,13.249,13.377
2026,S3_S4,east,S3,2026-05-21_S3_S4_272f948e,VWC_2_raw_S3_B,B,2,12,2026-05-21 13:27:00,2026-05-21 19:54:00,7.05,7.05,7.3,6.45,59850.0,False,False,False,False,0.0,BattV_Min_S3_B,0.0,True,ok,0.5,13.249,13.377
2026,S3_S4,east,S3,2026-05-21_S3_S4_272f948e,VWC_3_raw_S3_B,B,3,18,2026-05-21 13:27:00,2026-05-21 19:54:00,5.3,5.3,9.3,6.45,59850.0,False,False,False,False,0.0,BattV_Min_S3_B,0.0,True,ok,0.5,13.249,13.377
2026,S3_S4,east,S3,2026-06-05_S3_S4_f5beba0a,VWC_1_raw_S3_B,B,1,6,2026-06-05 14:19:00,2026-06-05 20:47:00,8.9333,8.9333,12.9333,6.4667,53900.0,False,False,False,False,0.0,BattV_Min_S3_B,0.0,True,ok,0.5,13.242,13.147
2026,S3_S4,east,S3,2026-06-05_S3_S4_f5beba0a,VWC_2_raw_S3_B,B,2,12,2026-06-05 14:19:00,2026-06-05 20:47:00,8.4333,8.4333,16.1833,6.4667,53900.0,False,False,False,False,0.0,BattV_Min_S3_B,0.0,True,ok,0.5,13.242,13.147
2026,S3_S4,east,S3,2026-06-05_S3_S4_f5beba0a,VWC_3_raw_S3_B,B,3,18,2026-06-05 14:19:00,2026-06-05 20:47:00,7.9333,7.9333,11.9333,6.4667,53900.0,False,False,False,False,0.0,BattV_Min_S3_B,0.0,True,ok,0.5,13.242,13.147
2026,S3_S4,east,S3,2026-06-20_S3_S4_47159afc,VWC_1_raw_S3_B,B,1,6,2026-06-20 08:00:00,2026-06-20 17:03:00,9.5,9.5,11.5,9.05,65700.0,False,False,False,False,0.0,BattV_Min_S3_B,0.0,True,ok,0.5,12.581,13.247
2026,S3_S4,east,S3,2026-06-20_S3_S4_47159afc,VWC_2_raw_S3_B,B,2,12,2026-06-20 08:00:00,2026-06-20 17:03:00,15.75,15.75,16.0,9.05,65700.0,False,False,False,False,0.0,BattV_Min_S3_B,0.0,True,ok,0.5,12.581,13.247
2026,S3_S4,east,S3,2026-06-20_S3_S4_47159afc,VWC_3_raw_S3_B,B,3,18,2026-06-20 08:00:00,2026-06-20 17:03:00,12.5,12.5,12.75,9.05,65700.0,False,False,False,False,0.0,BattV_Min_S3_B,0.0,True,ok,0.5,12.581,13.247
2026,S3_S4,east,S3,2026-06-27_S3_S4_dc68d0eb,VWC_1_raw_S3_B,B,1,6,2026-06-27 11:05:00,2026-06-27 16:34:00,8.6667,8.6667,8.9167,5.4833,33511.0,False,False,False,False,0.0,BattV_Min_S3_B,0.0,True,ok,0.5,12.561,13.275
2026,S3_S4,east,S3,2026-06-27_S3_S4_dc68d0eb,VWC_2_raw_S3_B,B,2,12,2026-06-27 11:05:00,2026-06-27 16:34:00,14.9167,14.9167,15.1667,5.4833,33511.0,False,False,False,False,0.0,BattV_Min_S3_B,0.0,True,ok,0.5,12.561,13.275
2026,S3_S4,east,S3,2026-07-05_S3_S4_b3db7964,VWC_1_raw_S3_B,B,1,6,2026-07-05 11:24:00,2026-07-05 18:13:00,3.85,3.85,4.1,6.8167,56650.0,False,False,False,False,0.0,BattV_Min_S3_B,0.0,True,ok,0.5,12.537,13.19
2026,S3_S4,east,S3,2026-07-05_S3_S4_b3db7964,VWC_2_raw_S3_B,B,2,12,2026-07-05 11:24:00,2026-07-05 18:13:00,7.85,7.85,8.1,6.8167,56650.0,False,False,False,False,0.0,BattV_Min_S3_B,0.0,True,ok,0.5,12.537,13.19
2026,S3_S4,east,S3,2026-07-05_S3_S4_b3db7964,VWC_3_raw_S3_B,B,3,18,2026-07-05 11:24:00,2026-07-05 18:13:00,11.6,11.6,11.85,6.8167,56650.0,False,False,False,False,0.0,BattV_Min_S3_B,0.0,True,ok,0.5,12.537,13.19
2026,S3_S4,east,S4,2026-04-21_S3_S4_ed1ed131,VWC_2_raw_S4_B,B,2,12,2026-04-21 14:54:00,2026-04-22 08:52:00,18.35,18.35,30.85,17.9667,110850.0,False,False,False,False,0.0,BattV_Min_S4_B,0.0,True,ok,0.5,13.393,12.781
2026,S3_S4,east,S4,2026-04-21_S3_S4_ed1ed131,VWC_3_raw_S4_B,B,3,18,2026-04-21 14:54:00,2026-04-22 08:52:00,21.35,21.35,21.6,17.9667,110850.0,False,False,False,False,0.0,BattV_Min_S4_B,0.0,True,ok,0.5,13.393,12.781
2026,S3_S4,east,S4,2026-05-08_S3_S4_989607cc,VWC_1_raw_S4_B,B,1,6,2026-05-08 09:00:00,2026-05-08 19:14:00,9.5,9.5,23.75,10.2333,90350.0,False,False,False,False,0.0,BattV_Min_S4_B,0.0,True,ok,0.5,12.812,13.304
2026,S3_S4,east,S4,2026-05-08_S3_S4_989607cc,VWC_2_raw_S4_B,B,2,12,2026-05-08 09:00:00,2026-05-08 19:14:00,11.75,11.75,27.0,10.2333,90350.0,False,False,False,False,0.0,BattV_Min_S4_B,0.0,True,ok,0.5,12.812,13.304
2026,S3_S4,east,S4,2026-05-08_S3_S4_989607cc,VWC_3_raw_S4_B,B,3,18,2026-05-08 09:00:00,2026-05-08 19:14:00,13.5,13.5,17.5,10.2333,90350.0,False,False,False,False,0.0,BattV_Min_S4_B,0.0,True,ok,0.5,12.812,13.304
2026,S3_S4,east,S4,2026-05-21_S3_S4_272f948e,VWC_2_raw_S4_B,B,2,12,2026-05-21 13:27:00,2026-05-21 19:54:00,16.55,16.55,16.8,6.45,59850.0,False,False,False,False,0.0,BattV_Min_S4_B,0.0,True,ok,0.5,13.23,13.366
2026,S3_S4,east,S4,2026-05-21_S3_S4_272f948e,VWC_3_raw_S4_B,B,3,18,2026-05-21 13:27:00,2026-05-21 19:54:00,11.8,11.8,15.55,6.45,59850.0,False,False,False,False,0.0,BattV_Min_S4_B,0.0,True,ok,0.5,13.23,13.366
2026,S3_S4,east,S4,2026-06-05_S3_S4_f5beba0a,VWC_1_raw_S4_B,B,1,6,2026-06-05 14:19:00,2026-06-05 20:47:00,23.9333,23.9333,24.1833,6.4667,53900.0,False,False,False,False,0.0,BattV_Min_S4_B,0.0,True,ok,0.5,13.269,13.039
2026,S3_S4,east,S4,2026-06-05_S3_S4_f5beba0a,VWC_2_raw_S4_B,B,2,12,2026-06-05 14:19:00,2026-06-05 20:47:00,11.1833,11.1833,17.4333,6.4667,53900.0,False,False,False,False,0.0,BattV_Min_S4_B,0.0,True,ok,0.5,13.269,13.039
2026,S3_S4,east,S4,2026-06-05_S3_S4_f5beba0a,VWC_3_raw_S4_B,B,3,18,2026-06-05 14:19:00,2026-06-05 20:47:00,13.6833,13.6833,24.6833,6.4667,53900.0,False,False,False,False,0.0,BattV_Min_S4_B,0.0,True,ok,0.5,13.269,13.039
2026,S3_S4,east,S4,2026-06-20_S3_S4_47159afc,VWC_1_raw_S4_B,B,1,6,2026-06-20 08:00:00,2026-06-20 17:03:00,10.75,10.75,23.75,9.05,65700.0,False,False,False,False,0.0,BattV_Min_S4_B,0.0,True,ok,0.5,12.832,13.265
2026,S3_S4,east,S4,2026-06-20_S3_S4_47159afc,VWC_2_raw_S4_B,B,2,12,2026-06-20 08:00:00,2026-06-20 17:03:00,16.0,16.0,29.75,9.05,65700.0,False,False,False,False,0.0,BattV_Min_S4_B,0.0,True,ok,0.5,12.832,13.265
2026,S3_S4,east,S4,2026-06-20_S3_S4_47159afc,VWC_3_raw_S4_B,B,3,18,2026-06-20 08:00:00,2026-06-20 17:03:00,23.25,23.25,29.25,9.05,65700.0,False,False,False,False,0.0,BattV_Min_S4_B,0.0,True,ok,0.5,12.832,13.265
2026,S3_S4,east,S4,2026-06-27_S3_S4_dc68d0eb,VWC_1_raw_S4_B,B,1,6,2026-06-27 11:05:00,2026-06-27 16:34:00,8.1667,8.1667,15.9167,5.4833,33511.0,False,False,False,False,0.0,BattV_Min_S4_B,0.0,True,ok,0.5,12.868,13.302
2026,S3_S4,east,S4,2026-06-27_S3_S4_dc68d0eb,VWC_2_raw_S4_B,B,2,12,2026-06-27 11:05:00,2026-06-27 16:34:00,14.4167,14.4167,25.6667,5.4833,33511.0,False,False,False,False,0.0,BattV_Min_S4_B,0.0,True,ok,0.5,12.868,13.302
2026,S3_S4,east,S4,2026-06-27_S3_S4_dc68d0eb,VWC_3_raw_S4_B,B,3,18,2026-06-27 11:05:00,2026-06-27 16:34:00,5.4167,5.4167,,5.4833,33511.0,False,False,False,False,0.0,BattV_Min_S4_B,0.0,True,ok,0.5,12.868,13.302
2026,S3_S4,east,S4,2026-07-05_S3_S4_b3db7964,VWC_1_raw_S4_B,B,1,6,2026-07-05 11:24:00,2026-07-05 18:13:00,10.85,10.85,21.1,6.8167,56650.0,False,False,False,False,0.0,BattV_Min_S4_B,0.0,True,ok,0.5,12.848,13.218
2026,S3_S4,east,S4,2026-07-05_S3_S4_b3db7964,VWC_2_raw_S4_B,B,2,12,2026-07-05 11:24:00,2026-07-05 18:13:00,9.6,9.6,9.85,6.8167,56650.0,False,False,False,False,0.0,BattV_Min_S4_B,0.0,True,ok,0.5,12.848,13.218
2026,S3_S4,east,S4,2026-07-05_S3_S4_b3db7964,VWC_3_raw_S4_B,B,3,18,2026-07-05 11:24:00,2026-07-05 18:13:00,10.35,10.35,14.6,6.8167,56650.0,False,False,False,False,0.0,BattV_Min_S4_B,0.0,True,ok,0.5,12.848,13.218
2026,S3_S4,east,S4,2026-07-24_S3_S4_d28f9731,VWC_1_raw_S4_B,B,1,6,2026-07-24 08:25:00,2026-07-24 15:43:00,23.8333,23.8333,36.8333,7.3,34125.0,False,False,False,False,0.0,BattV_Min_S4_B,0.0,True,ok,0.5,12.87,13.195
2026,S3_S4,east,S4,2026-07-24_S3_S4_d28f9731,VWC_2_raw_S4_B,B,2,12,2026-07-24 08:25:00,2026-07-24 15:43:00,15.5833,15.5833,15.8333,7.3,34125.0,False,False,False,False,0.0,BattV_Min_S4_B,0.0,True,ok,0.5,12.87,13.195
2026,S3_S4,east,S4,2026-07-24_S3_S4_d28f9731,VWC_3_raw_S4_B,B,3,18,2026-07-24 08:25:00,2026-07-24 15:43:00,9.8333,9.8333,10.8333,7.3,34125.0,False,False,False,False,0.0,BattV_Min_S4_B,0.0,True,ok,0.5,12.87,13.195
2026,S3_S4,east,S4,2026-08-14_S3_S4_1912adab,VWC_1_raw_S4_B,B,1,6,2026-08-14 10:25:00,2026-08-14 13:47:00,7.3333,7.3333,7.5833,3.3667,21350.0,False,False,False,False,0.0,BattV_Min_S4_B,0.0,True,ok,0.5,12.861,13.359
2026,S3_S4,east,S4,2026-08-14_S3_S4_1912adab,VWC_2_raw_S4_B,B,2,12,2026-08-14 10:25:00,2026-08-14 13:47:00,8.5833,8.5833,,3.3667,21350.0,False,False,False,False,0.0,BattV_Min_S4_B,0.0,True,ok,0.5,12.861,13.359
2026,S3_S4,east,S4,2026-08-14_S3_S4_1912adab,VWC_3_raw_S4_B,B,3,18,2026-08-14 10:25:00,2026-08-14 13:47:00,14.5833,14.5833,15.5833,3.3667,21350.0,False,False,False,False,0.0,BattV_Min_S4_B,0.0,True,ok,0.5,12.861,13.359
2026,S1_S2,west,S1,2026-04-21_S1_S2_001c30f6,VWC_1_raw_S1_B,B,1,6,2026-04-21 14:54:00,2026-04-22 08:52:00,12.35,12.35,26.6,17.9667,110850.0,True,True,False,False,0.0,BattV_Min_S1_B,0.0,False,unexplained_pre_start_response,0.5,13.435,12.749
2026,S1_S2,west,S2,2026-04-21_S1_S2_001c30f6,VWC_1_raw_S2_B,B,1,6,2026-04-21 14:54:00,2026-04-22 08:52:00,19.35,19.35,23.35,17.9667,110850.0,True,True,False,False,0.0,BattV_Min_S2_B,0.0,False,unexplained_pre_start_response,0.5,13.325,12.695
2026,S3_S4,east,S3,2026-06-27_S3_S4_dc68d0eb,VWC_3_raw_S3_B,B,3,18,2026-06-27 11:05:00,2026-06-27 16:34:00,16.1667,16.1667,16.4167,5.4833,33511.0,True,True,False,False,0.0,BattV_Min_S3_B,0.0,False,unexplained_pre_start_response,0.5,12.561,13.275
2026,S3_S4,east,S3,2026-07-24_S3_S4_d28f9731,VWC_1_raw_S3_B,B,1,6,2026-07-24 08:25:00,2026-07-24 15:43:00,8.8333,8.8333,23.3333,7.3,34125.0,False,False,False,True,0.9167,BattV_Min_S3_B,0.0,False,possible_battery_or_logger_issue,0.5,13.421,13.146
2026,S3_S4,east,S3,2026-07-24_S3_S4_d28f9731,VWC_2_raw_S3_B,B,2,12,2026-07-24 08:25:00,2026-07-24 15:43:00,8.5833,8.5833,23.3333,7.3,34125.0,False,False,False,True,0.9167,BattV_Min_S3_B,0.0,False,possible_battery_or_logger_issue,0.5,13.421,13.146
2026,S3_S4,east,S3,2026-07-24_S3_S4_d28f9731,VWC_3_raw_S3_B,B,3,18,2026-07-24 08:25:00,2026-07-24 15:43:00,8.0833,8.0833,23.3333,7.3,34125.0,False,False,False,True,0.9167,BattV_Min_S3_B,0.0,False,possible_battery_or_logger_issue,0.5,13.421,13.146
2026,S3_S4,east,S3,2026-08-14_S3_S4_1912adab,VWC_1_raw_S3_B,B,1,6,2026-08-14 10:25:00,2026-08-14 13:47:00,4.8333,4.8333,,3.3667,21350.0,False,False,False,True,0.625,BattV_Min_S3_B,0.0,False,possible_battery_or_logger_issue,0.5,13.388,13.325
2026,S3_S4,east,S3,2026-08-14_S3_S4_1912adab,VWC_2_raw_S3_B,B,2,12,2026-08-14 10:25:00,2026-08-14 13:47:00,5.3333,5.3333,,3.3667,21350.0,False,False,False,True,0.625,BattV_Min_S3_B,0.0,False,possible_battery_or_logger_issue,0.5,13.388,13.325
2026,S3_S4,east,S3,2026-08-14_S3_S4_1912adab,VWC_3_raw_S3_B,B,3,18,2026-08-14 10:25:00,2026-08-14 13:47:00,4.8333,4.8333,,3.3667,21350.0,False,False,False,True,0.625,BattV_Min_S3_B,0.0,False,possible_battery_or_logger_issue,0.5,13.388,13.325
2026,S3_S4,east,S4,2026-04-21_S3_S4_ed1ed131,VWC_1_raw_S4_B,B,1,6,2026-04-21 14:54:00,2026-04-22 08:52:00,14.6,14.6,18.6,17.9667,110850.0,True,True,False,False,0.0,BattV_Min_S4_B,0.0,False,unexplained_pre_start_response,0.5,13.393,12.781
2026,S3_S4,east,S4,2026-05-21_S3_S4_272f948e,VWC_1_raw_S4_B,B,1,6,2026-05-21 13:27:00,2026-05-21 19:54:00,10.3,10.3,20.3,6.45,59850.0,True,True,False,False,0.0,BattV_Min_S4_B,0.0,False,unexplained_pre_start_response,0.5,13.23,13.366
