year,strip_group,location,strip,event_id,sensor_col,depth_index,depth_inches,logger_position,irrigation_start,irrigation_end,gallons_group,gallons_strip,event_duration_hours,avg_flow_gph_strip,baseline_vwc,peak_vwc,peak_increase,plateau_vwc,plateau_method,bottom_response_delay_hr,time_to_peak_hours,time_to_plateau_hours,lag_after_irrigation_hr,profile_baseline_storage_gal,profile_plateau_storage_gal,event_storage_gal,efficiency_strip,estimated_loss_gal_strip
2023.0000,S1_S2,west,S1,2023-05-23_S1_S2_176caf9a,VWC_1_raw_S1_B,1,6.0000,B,2023-05-23 15:25:00,2023-05-23 19:19:00,145000.0000,72500.0000,3.9000,18589.7400,14.7400,16.4300,1.6900,17.5300,flat_segment,23.8300,23.8300,28.8300,24.9300,5901.3000,6604.0100,702.7100,0.0100,71797.2900
2023.0000,S1_S2,west,S1,2023-05-23_S1_S2_176caf9a,VWC_2_raw_S1_B,2,12.0000,B,2023-05-23 15:25:00,2023-05-23 19:19:00,145000.0000,72500.0000,3.9000,18589.7400,16.3800,16.9600,0.5800,15.9300,flat_segment,0.8300,0.8300,2.3300,-1.5700,5901.3000,6604.0100,702.7100,0.0100,71797.2900
2023.0000,S1_S2,west,S1,2023-05-23_S1_S2_176caf9a,VWC_3_raw_S1_B,3,18.0000,B,2023-05-23 15:25:00,2023-05-23 19:19:00,145000.0000,72500.0000,3.9000,18589.7400,5.6300,7.5800,1.9500,7.6600,flat_segment,23.8300,23.8300,25.0800,21.1800,5901.3000,6604.0100,702.7100,0.0100,71797.2900
2023.0000,S1_S2,west,S1,2023-06-01_S1_S2_28dbbfca,VWC_1_raw_S1_B,1,6.0000,B,2023-06-01 12:16:00,2023-06-01 18:45:00,67300.0000,33650.0000,6.4800,5190.2300,19.6800,20.8100,1.1300,19.2600,flat_segment,7.2300,7.2300,17.2300,10.7500,7669.7900,3093.2900,-66.5600,-0.0000,33716.5600
2023.0000,S1_S2,west,S1,2023-06-01_S1_S2_28dbbfca,VWC_2_raw_S1_B,2,12.0000,B,2023-06-01 12:16:00,2023-06-01 18:45:00,67300.0000,33650.0000,6.4800,5190.2300,16.6300,16.8800,0.2400,,no_peak,7.9800,7.9800,,,7669.7900,3093.2900,-66.5600,-0.0000,33716.5600
2023.0000,S1_S2,west,S1,2023-06-01_S1_S2_28dbbfca,VWC_3_raw_S1_B,3,18.0000,B,2023-06-01 12:16:00,2023-06-01 18:45:00,67300.0000,33650.0000,6.4800,5190.2300,11.4500,11.7300,0.2800,,no_peak,12.2300,12.2300,,,7669.7900,3093.2900,-66.5600,-0.0000,33716.5600
2023.0000,S1_S2,west,S1,2023-06-26_S1_S2_69e5d9b6,VWC_1_raw_S1_B,1,6.0000,B,2023-06-26 09:31:00,2023-06-26 16:02:00,89400.0000,44700.0000,6.5200,6859.3400,18.1700,18.7800,0.6100,18.7500,flat_segment,9.2300,9.2300,9.4800,2.9700,9388.9000,6507.1800,138.9800,0.0000,44561.0200
2023.0000,S1_S2,west,S1,2023-06-26_S1_S2_69e5d9b6,VWC_2_raw_S1_B,2,12.0000,B,2023-06-26 09:31:00,2023-06-26 16:02:00,89400.0000,44700.0000,6.5200,6859.3400,21.4900,22.0000,0.5100,21.7700,flat_segment,13.9800,13.9800,14.9800,8.4700,9388.9000,6507.1800,138.9800,0.0000,44561.0200
2023.0000,S1_S2,west,S1,2023-06-26_S1_S2_69e5d9b6,VWC_3_raw_S1_B,3,18.0000,B,2023-06-26 09:31:00,2023-06-26 16:02:00,89400.0000,44700.0000,6.5200,6859.3400,18.8100,18.6700,-0.1400,,no_peak,0.2300,0.2300,,,9388.9000,6507.1800,138.9800,0.0000,44561.0200
2023.0000,S1_S2,west,S1,2023-07-17_S1_S2_ae0a89b4,VWC_1_raw_S1_B,1,6.0000,B,2023-07-17 08:04:00,2023-07-17 16:04:00,120900.0000,60450.0000,8.0000,7556.2500,20.3300,20.1500,-0.1800,,no_peak,0.1800,0.1800,,,11190.2200,13006.4000,5080.8100,0.0800,55369.1900
2023.0000,S1_S2,west,S1,2023-07-17_S1_S2_ae0a89b4,VWC_2_raw_S1_B,2,12.0000,B,2023-07-17 08:04:00,2023-07-17 16:04:00,120900.0000,60450.0000,8.0000,7556.2500,23.6400,43.7800,20.1400,46.3900,fallback_window,23.9300,23.9300,27.9300,19.9300,11190.2200,13006.4000,5080.8100,0.0800,55369.1900
2023.0000,S1_S2,west,S1,2023-07-17_S1_S2_ae0a89b4,VWC_3_raw_S1_B,3,18.0000,B,2023-07-17 08:04:00,2023-07-17 16:04:00,120900.0000,60450.0000,8.0000,7556.2500,25.7100,32.2700,6.5600,34.6100,fallback_window,23.9300,23.9300,27.9300,19.9300,11190.2200,13006.4000,5080.8100,0.0800,55369.1900
2023.0000,S1_S2,west,S1,2023-08-05_S1_S2_efaa9d14,VWC_1_raw_S1_B,1,6.0000,B,2023-08-05 08:48:00,2023-08-05 14:56:00,98500.0000,49250.0000,6.1300,8029.8900,23.9700,24.3100,0.3400,,no_peak,11.9500,11.9500,,,15301.2800,16083.2300,4631.3400,0.0900,44618.6600
2023.0000,S1_S2,west,S1,2023-08-05_S1_S2_efaa9d14,VWC_2_raw_S1_B,2,12.0000,B,2023-08-05 08:48:00,2023-08-05 14:56:00,98500.0000,49250.0000,6.1300,8029.8900,32.2400,50.4900,18.2500,50.4900,flat_segment,22.9500,22.9500,24.4500,18.3200,15301.2800,16083.2300,4631.3400,0.0900,44618.6600
2023.0000,S1_S2,west,S1,2023-08-05_S1_S2_efaa9d14,VWC_3_raw_S1_B,3,18.0000,B,2023-08-05 08:48:00,2023-08-05 14:56:00,98500.0000,49250.0000,6.1300,8029.8900,39.0800,50.1400,11.0700,49.6700,fallback_window,14.9500,14.9500,18.9500,12.8200,15301.2800,16083.2300,4631.3400,0.0900,44618.6600
2023.0000,S1_S2,west,S1,2023-08-24_S1_S2_6cc99259,VWC_1_raw_S1_B,1,6.0000,B,2023-08-24 13:47:00,2023-08-24 18:16:00,60250.0000,30125.0000,4.4800,6719.3300,25.7500,26.4800,0.7300,23.8700,flat_segment,3.4700,3.4700,16.7200,12.2300,15870.8600,3832.6900,-302.7000,-0.0100,30427.7000
2023.0000,S1_S2,west,S1,2023-08-24_S1_S2_6cc99259,VWC_2_raw_S1_B,2,12.0000,B,2023-08-24 13:47:00,2023-08-24 18:16:00,60250.0000,30125.0000,4.4800,6719.3300,33.4100,33.8000,0.3900,,no_peak,7.4700,7.4700,,,15870.8600,3832.6900,-302.7000,-0.0100,30427.7000
2023.0000,S1_S2,west,S1,2023-08-24_S1_S2_6cc99259,VWC_3_raw_S1_B,3,18.0000,B,2023-08-24 13:47:00,2023-08-24 18:16:00,60250.0000,30125.0000,4.4800,6719.3300,39.6700,39.8600,0.1900,,no_peak,4.4700,4.4700,,,15870.8600,3832.6900,-302.7000,-0.0100,30427.7000
2023.0000,S1_S2,west,S1,2023-09-21_S1_S2_6dbb0789,VWC_1_raw_S1_B,1,6.0000,B,2023-09-21 09:07:00,2023-09-21 16:09:00,75300.0000,37650.0000,7.0300,5353.0800,21.6300,21.8900,0.2600,,no_peak,4.6300,4.6300,,,12802.0600,9622.8700,294.5900,0.0100,37355.4100
2023.0000,S1_S2,west,S1,2023-09-21_S1_S2_6dbb0789,VWC_2_raw_S1_B,2,12.0000,B,2023-09-21 09:07:00,2023-09-21 16:09:00,75300.0000,37650.0000,7.0300,5353.0800,25.6800,26.5600,0.8700,26.4600,flat_segment,16.1300,16.1300,16.3800,9.3500,12802.0600,9622.8700,294.5900,0.0100,37355.4100
2023.0000,S1_S2,west,S1,2023-09-21_S1_S2_6dbb0789,VWC_3_raw_S1_B,3,18.0000,B,2023-09-21 09:07:00,2023-09-21 16:09:00,75300.0000,37650.0000,7.0300,5353.0800,32.4100,33.3300,0.9300,33.4700,flat_segment,23.8800,23.8800,26.1300,19.1000,12802.0600,9622.8700,294.5900,0.0100,37355.4100
2023.0000,S1_S2,west,S2,2023-05-23_S1_S2_176caf9a,VWC_1_raw_S2_B,1,6.0000,B,2023-05-23 15:25:00,2023-05-23 19:19:00,145000.0000,72500.0000,3.9000,18589.7400,8.8900,39.2600,30.3700,34.3400,flat_segment,5.5800,5.5800,17.0800,13.1800,3638.7000,16314.4700,12675.7700,0.1700,59824.2300
2023.0000,S1_S2,west,S2,2023-05-23_S1_S2_176caf9a,VWC_2_raw_S2_B,2,12.0000,B,2023-05-23 15:25:00,2023-05-23 19:19:00,145000.0000,72500.0000,3.9000,18589.7400,7.6000,36.3000,28.7000,33.2400,flat_segment,6.0800,6.0800,13.0800,9.1800,3638.7000,16314.4700,12675.7700,0.1700,59824.2300
2023.0000,S1_S2,west,S2,2023-05-23_S1_S2_176caf9a,VWC_3_raw_S2_B,3,18.0000,B,2023-05-23 15:25:00,2023-05-23 19:19:00,145000.0000,72500.0000,3.9000,18589.7400,6.1700,35.9400,29.7700,34.0200,fallback_window,5.5800,5.5800,9.5800,5.6800,3638.7000,16314.4700,12675.7700,0.1700,59824.2300
2023.0000,S1_S2,west,S2,2023-06-01_S1_S2_28dbbfca,VWC_1_raw_S2_B,1,6.0000,B,2023-06-01 12:16:00,2023-06-01 18:45:00,67300.0000,33650.0000,6.4800,5190.2300,24.2800,35.6900,11.4100,32.8500,flat_segment,7.7300,7.7300,13.9800,7.5000,12210.1600,15969.1400,3758.9800,0.1100,29891.0200
2023.0000,S1_S2,west,S2,2023-06-01_S1_S2_28dbbfca,VWC_2_raw_S2_B,2,12.0000,B,2023-06-01 12:16:00,2023-06-01 18:45:00,67300.0000,33650.0000,6.4800,5190.2300,25.9400,34.0500,8.1100,31.4600,flat_segment,7.9800,7.9800,12.7300,6.2500,12210.1600,15969.1400,3758.9800,0.1100,29891.0200
2023.0000,S1_S2,west,S2,2023-06-01_S1_S2_28dbbfca,VWC_3_raw_S2_B,3,18.0000,B,2023-06-01 12:16:00,2023-06-01 18:45:00,67300.0000,33650.0000,6.4800,5190.2300,25.8200,39.0600,13.2400,35.1400,fallback_window,7.7300,7.7300,11.7300,5.2500,12210.1600,15969.1400,3758.9800,0.1100,29891.0200
2023.0000,S1_S2,west,S2,2023-06-26_S1_S2_69e5d9b6,VWC_1_raw_S2_B,1,6.0000,B,2023-06-26 09:31:00,2023-06-26 16:02:00,89400.0000,44700.0000,6.5200,6859.3400,8.5800,41.1400,32.5500,31.1800,flat_segment,7.9800,7.9800,22.2300,15.7200,4128.6400,15556.2800,11427.6400,0.2600,33272.3600
2023.0000,S1_S2,west,S2,2023-06-26_S1_S2_69e5d9b6,VWC_2_raw_S2_B,2,12.0000,B,2023-06-26 09:31:00,2023-06-26 16:02:00,89400.0000,44700.0000,6.5200,6859.3400,7.1600,36.6900,29.5300,31.1400,flat_segment,7.4800,7.4800,17.2300,10.7200,4128.6400,15556.2800,11427.6400,0.2600,33272.3600
2023.0000,S1_S2,west,S2,2023-06-26_S1_S2_69e5d9b6,VWC_3_raw_S2_B,3,18.0000,B,2023-06-26 09:31:00,2023-06-26 16:02:00,89400.0000,44700.0000,6.5200,6859.3400,9.9700,40.7900,30.8200,34.5500,fallback_window,7.9800,7.9800,11.9800,5.4700,4128.6400,15556.2800,11427.6400,0.2600,33272.3600
2023.0000,S1_S2,west,S2,2023-07-17_S1_S2_ae0a89b4,VWC_1_raw_S2_B,1,6.0000,B,2023-07-17 08:04:00,2023-07-17 16:04:00,120900.0000,60450.0000,8.0000,7556.2500,8.5500,39.9700,31.4200,36.3800,fallback_window,8.4300,8.4300,12.4300,4.4300,3652.2700,17029.3800,13377.1100,0.2200,47072.8900
2023.0000,S1_S2,west,S2,2023-07-17_S1_S2_ae0a89b4,VWC_2_raw_S2_B,2,12.0000,B,2023-07-17 08:04:00,2023-07-17 16:04:00,120900.0000,60450.0000,8.0000,7556.2500,6.9300,35.2300,28.3000,35.1900,flat_segment,8.4300,8.4300,8.6800,0.6800,3652.2700,17029.3800,13377.1100,0.2200,47072.8900
2023.0000,S1_S2,west,S2,2023-07-17_S1_S2_ae0a89b4,VWC_3_raw_S2_B,3,18.0000,B,2023-07-17 08:04:00,2023-07-17 16:04:00,120900.0000,60450.0000,8.0000,7556.2500,7.2700,36.8500,29.5800,34.4800,fallback_window,9.4300,9.4300,13.4300,5.4300,3652.2700,17029.3800,13377.1100,0.2200,47072.8900
2023.0000,S1_S2,west,S2,2023-08-05_S1_S2_efaa9d14,VWC_1_raw_S2_B,1,6.0000,B,2023-08-05 08:48:00,2023-08-05 14:56:00,98500.0000,49250.0000,6.1300,8029.8900,9.6300,39.8500,30.2200,30.3800,flat_segment,7.4500,7.4500,20.9500,14.8200,5906.0400,15286.8300,9380.7900,0.1900,39869.2100
2023.0000,S1_S2,west,S2,2023-08-05_S1_S2_efaa9d14,VWC_2_raw_S2_B,2,12.0000,B,2023-08-05 08:48:00,2023-08-05 14:56:00,98500.0000,49250.0000,6.1300,8029.8900,8.9200,35.9800,27.0700,29.8100,flat_segment,7.7000,7.7000,17.4500,11.3200,5906.0400,15286.8300,9380.7900,0.1900,39869.2100
2023.0000,S1_S2,west,S2,2023-08-05_S1_S2_efaa9d14,VWC_3_raw_S2_B,3,18.0000,B,2023-08-05 08:48:00,2023-08-05 14:56:00,98500.0000,49250.0000,6.1300,8029.8900,18.2300,39.6600,21.4300,35.0100,fallback_window,7.7000,7.7000,11.7000,5.5700,5906.0400,15286.8300,9380.7900,0.1900,39869.2100
2023.0000,S1_S2,west,S2,2023-08-24_S1_S2_6cc99259,VWC_1_raw_S2_B,1,6.0000,B,2023-08-24 13:47:00,2023-08-24 18:16:00,60250.0000,30125.0000,4.4800,6719.3300,9.2000,39.1300,29.9300,30.1900,flat_segment,5.7200,5.7200,17.2200,12.7300,5800.6200,14868.9100,9068.3000,0.3000,21056.7000
2023.0000,S1_S2,west,S2,2023-08-24_S1_S2_6cc99259,VWC_2_raw_S2_B,2,12.0000,B,2023-08-24 13:47:00,2023-08-24 18:16:00,60250.0000,30125.0000,4.4800,6719.3300,8.2400,35.4900,27.2500,29.0100,flat_segment,5.9700,5.9700,15.9700,11.4800,5800.6200,14868.9100,9068.3000,0.3000,21056.7000
2023.0000,S1_S2,west,S2,2023-08-24_S1_S2_6cc99259,VWC_3_raw_S2_B,3,18.0000,B,2023-08-24 13:47:00,2023-08-24 18:16:00,60250.0000,30125.0000,4.4800,6719.3300,18.6800,39.7300,21.0500,33.4000,fallback_window,5.9700,5.9700,9.9700,5.4800,5800.6200,14868.9100,9068.3000,0.3000,21056.7000
2023.0000,S1_S2,west,S2,2023-09-21_S1_S2_6dbb0789,VWC_1_raw_S2_B,1,6.0000,B,2023-09-21 09:07:00,2023-09-21 16:09:00,75300.0000,37650.0000,7.0300,5353.0800,8.3200,35.8400,27.5200,29.5600,flat_segment,8.3800,8.3800,22.1300,15.1000,3713.3700,14425.9500,10712.5700,0.2800,26937.4300
2023.0000,S1_S2,west,S2,2023-09-21_S1_S2_6dbb0789,VWC_2_raw_S2_B,2,12.0000,B,2023-09-21 09:07:00,2023-09-21 16:09:00,75300.0000,37650.0000,7.0300,5353.0800,6.9800,34.0000,27.0100,28.8700,flat_segment,8.3800,8.3800,20.8800,13.8500,3713.3700,14425.9500,10712.5700,0.2800,26937.4300
2023.0000,S1_S2,west,S2,2023-09-21_S1_S2_6dbb0789,VWC_3_raw_S2_B,3,18.0000,B,2023-09-21 09:07:00,2023-09-21 16:09:00,75300.0000,37650.0000,7.0300,5353.0800,7.8200,38.1400,30.3200,31.4100,fallback_window,8.3800,8.3800,12.3800,5.3500,3713.3700,14425.9500,10712.5700,0.2800,26937.4300
2023.0000,S3_S4,east,S3,2023-05-24_S3_S4_31cada45,VWC_1_raw_S3_B,1,6.0000,B,2023-05-24 09:25:00,2023-05-24 13:19:00,146600.0000,73300.0000,3.9000,18794.8700,6.2700,27.9600,21.7000,27.9200,flat_segment,15.3300,15.3300,15.5800,11.6800,2882.4400,9600.3000,6717.8600,0.0900,66582.1400
2023.0000,S3_S4,east,S3,2023-05-24_S3_S4_31cada45,VWC_2_raw_S3_B,2,12.0000,B,2023-05-24 09:25:00,2023-05-24 13:19:00,146600.0000,73300.0000,3.9000,18794.8700,6.8400,17.0700,10.2200,17.0700,flat_segment,23.8300,23.8300,24.0800,20.1800,2882.4400,9600.3000,6717.8600,0.0900,66582.1400
2023.0000,S3_S4,east,S3,2023-05-24_S3_S4_31cada45,VWC_3_raw_S3_B,3,18.0000,B,2023-05-24 09:25:00,2023-05-24 13:19:00,146600.0000,73300.0000,3.9000,18794.8700,4.8400,14.8200,9.9800,14.8000,flat_segment,8.8300,8.8300,9.0800,5.1800,2882.4400,9600.3000,6717.8600,0.0900,66582.1400
2023.0000,S3_S4,east,S3,2023-06-02_S3_S4_e824e1bc,VWC_1_raw_S3_B,1,6.0000,B,2023-06-02 15:43:00,2023-06-02 22:12:00,67500.0000,33750.0000,6.4800,5205.6600,20.2300,37.6500,17.4100,33.4600,flat_segment,5.0300,5.0300,11.2800,4.8000,7604.0300,13278.2700,5674.2400,0.1700,28075.7600
2023.0000,S3_S4,east,S3,2023-06-02_S3_S4_e824e1bc,VWC_2_raw_S3_B,2,12.0000,B,2023-06-02 15:43:00,2023-06-02 22:12:00,67500.0000,33750.0000,6.4800,5205.6600,16.8500,31.2400,14.3900,30.2200,flat_segment,7.0300,7.0300,9.5300,3.0500,7604.0300,13278.2700,5674.2400,0.1700,28075.7600
2023.0000,S3_S4,east,S3,2023-06-02_S3_S4_e824e1bc,VWC_3_raw_S3_B,3,18.0000,B,2023-06-02 15:43:00,2023-06-02 22:12:00,67500.0000,33750.0000,6.4800,5205.6600,10.2700,23.1500,12.8800,19.0200,flat_segment,5.2800,5.2800,18.7800,12.3000,7604.0300,13278.2700,5674.2400,0.1700,28075.7600
2023.0000,S3_S4,east,S3,2023-06-14_S3_S4_71ac748b,VWC_1_raw_S3_B,1,6.0000,B,2023-06-14 08:25:00,2023-06-14 17:29:00,128200.0000,64100.0000,9.0700,7069.8500,16.8100,37.1400,20.3300,37.0600,flat_segment,8.5800,8.5800,8.8300,-0.2300,7939.4900,15178.5900,7239.1100,0.1100,56860.8900
2023.0000,S3_S4,east,S3,2023-06-14_S3_S4_71ac748b,VWC_2_raw_S3_B,2,12.0000,B,2023-06-14 08:25:00,2023-06-14 17:29:00,128200.0000,64100.0000,9.0700,7069.8500,19.7200,35.1200,15.4000,33.1300,flat_segment,9.5800,9.5800,15.3300,6.2700,7939.4900,15178.5900,7239.1100,0.1100,56860.8900
2023.0000,S3_S4,east,S3,2023-06-14_S3_S4_71ac748b,VWC_3_raw_S3_B,3,18.0000,B,2023-06-14 08:25:00,2023-06-14 17:29:00,128200.0000,64100.0000,9.0700,7069.8500,12.9100,28.3900,15.4800,24.3400,fallback_window,9.5800,9.5800,13.5800,4.5200,7939.4900,15178.5900,7239.1100,0.1100,56860.8900
2023.0000,S3_S4,east,S3,2023-06-27_S3_S4_87f629e2,VWC_1_raw_S3_B,1,6.0000,B,2023-06-27 07:53:00,2023-06-27 16:14:00,135700.0000,67850.0000,8.3500,8125.7500,12.0100,36.5400,24.5300,33.0900,flat_segment,8.6200,8.6200,19.8700,11.5200,6871.4600,14374.8800,7503.4300,0.1100,60346.5700
2023.0000,S3_S4,east,S3,2023-06-27_S3_S4_87f629e2,VWC_2_raw_S3_B,2,12.0000,B,2023-06-27 07:53:00,2023-06-27 16:14:00,135700.0000,67850.0000,8.3500,8125.7500,17.0400,34.8000,17.7700,32.3200,flat_segment,8.8700,8.8700,14.1200,5.7700,6871.4600,14374.8800,7503.4300,0.1100,60346.5700
2023.0000,S3_S4,east,S3,2023-06-27_S3_S4_87f629e2,VWC_3_raw_S3_B,3,18.0000,B,2023-06-27 07:53:00,2023-06-27 16:14:00,135700.0000,67850.0000,8.3500,8125.7500,13.7500,29.0800,15.3400,24.1100,fallback_window,8.8700,8.8700,12.8700,4.5200,6871.4600,14374.8800,7503.4300,0.1100,60346.5700
2023.0000,S3_S4,east,S3,2023-07-07_S3_S4_bf19b251,VWC_1_raw_S3_B,1,6.0000,B,2023-07-07 07:46:00,2023-07-07 15:46:00,128500.0000,64250.0000,8.0000,8031.2500,13.1400,35.9800,22.8400,32.2200,flat_segment,8.4800,8.4800,21.4800,13.4800,7145.6500,15234.8000,8089.1500,0.1300,56160.8500
2023.0000,S3_S4,east,S3,2023-07-07_S3_S4_bf19b251,VWC_2_raw_S3_B,2,12.0000,B,2023-07-07 07:46:00,2023-07-07 15:46:00,128500.0000,64250.0000,8.0000,8031.2500,17.2900,33.9400,16.6500,31.4500,flat_segment,8.4800,8.4800,13.7300,5.7300,7145.6500,15234.8000,8089.1500,0.1300,56160.8500
2023.0000,S3_S4,east,S3,2023-07-07_S3_S4_bf19b251,VWC_3_raw_S3_B,3,18.0000,B,2023-07-07 07:46:00,2023-07-07 15:46:00,128500.0000,64250.0000,8.0000,8031.2500,14.0700,32.7700,18.7000,31.2100,flat_segment,3.7300,3.7300,6.4800,-1.5200,7145.6500,15234.8000,8089.1500,0.1300,56160.8500
2023.0000,S3_S4,east,S3,2023-07-17_S3_S4_a04fe807,VWC_1_raw_S3_B,1,6.0000,B,2023-07-17 19:19:00,2023-07-18 05:53:00,160900.0000,80450.0000,10.5700,7613.5600,10.7600,36.9900,26.2400,34.9200,fallback_window,11.1800,11.1800,15.1800,4.6200,5132.5200,14284.4800,9151.9600,0.1100,71298.0400
2023.0000,S3_S4,east,S3,2023-07-17_S3_S4_a04fe807,VWC_2_raw_S3_B,2,12.0000,B,2023-07-17 19:19:00,2023-07-18 05:53:00,160900.0000,80450.0000,10.5700,7613.5600,11.0100,35.0600,24.0400,30.3500,flat_segment,10.9300,10.9300,24.9300,14.3700,5132.5200,14284.4800,9151.9600,0.1100,71298.0400
2023.0000,S3_S4,east,S3,2023-07-17_S3_S4_a04fe807,VWC_3_raw_S3_B,3,18.0000,B,2023-07-17 19:19:00,2023-07-18 05:53:00,160900.0000,80450.0000,10.5700,7613.5600,10.2000,28.0200,17.8200,23.6800,fallback_window,11.1800,11.1800,15.1800,4.6200,5132.5200,14284.4800,9151.9600,0.1100,71298.0400
2023.0000,S3_S4,east,S3,2023-07-27_S3_S4_89a0fecc,VWC_1_raw_S3_B,1,6.0000,B,2023-07-27 10:00:00,2023-07-27 17:29:00,50400.0000,25200.0000,7.4800,3367.4800,13.1200,35.8500,22.7300,32.0100,flat_segment,8.5000,8.5000,20.2500,12.7700,7118.2700,13946.1300,6827.8600,0.2700,18372.1400
2023.0000,S3_S4,east,S3,2023-07-27_S3_S4_89a0fecc,VWC_2_raw_S3_B,2,12.0000,B,2023-07-27 10:00:00,2023-07-27 17:29:00,50400.0000,25200.0000,7.4800,3367.4800,17.1400,33.5200,16.3800,31.0000,flat_segment,8.2500,8.2500,13.7500,6.2700,7118.2700,13946.1300,6827.8600,0.2700,18372.1400
2023.0000,S3_S4,east,S3,2023-07-27_S3_S4_89a0fecc,VWC_3_raw_S3_B,3,18.0000,B,2023-07-27 10:00:00,2023-07-27 17:29:00,50400.0000,25200.0000,7.4800,3367.4800,14.0700,27.6000,13.5300,23.8400,fallback_window,8.2500,8.2500,12.2500,4.7700,7118.2700,13946.1300,6827.8600,0.2700,18372.1400
2023.0000,S3_S4,east,S3,2023-08-05_S3_S4_0f92146d,VWC_1_raw_S3_B,1,6.0000,B,2023-08-05 08:51:00,2023-08-05 11:03:00,36600.0000,18300.0000,2.2000,8318.1800,20.0800,34.9000,14.8200,29.1900,flat_segment,2.6500,2.6500,12.1500,9.9500,9757.6700,12907.4100,3149.7300,0.1700,15150.2700
2023.0000,S3_S4,east,S3,2023-08-05_S3_S4_0f92146d,VWC_2_raw_S3_B,2,12.0000,B,2023-08-05 08:51:00,2023-08-05 11:03:00,36600.0000,18300.0000,2.2000,8318.1800,24.6400,33.7100,9.0700,29.2700,flat_segment,2.6500,2.6500,9.9000,7.7000,9757.6700,12907.4100,3149.7300,0.1700,15150.2700
2023.0000,S3_S4,east,S3,2023-08-05_S3_S4_0f92146d,VWC_3_raw_S3_B,3,18.0000,B,2023-08-05 08:51:00,2023-08-05 11:03:00,36600.0000,18300.0000,2.2000,8318.1800,16.0500,28.3000,12.2500,21.9200,fallback_window,2.6500,2.6500,6.6500,4.4500,9757.6700,12907.4100,3149.7300,0.1700,15150.2700
2023.0000,S3_S4,east,S3,2023-08-10_S3_S4_7fce3d7b,VWC_1_raw_S3_B,1,6.0000,B,2023-08-10 13:57:00,2023-08-10 19:37:00,105700.0000,52850.0000,5.6700,9326.4700,19.7700,35.1000,15.3300,31.0300,flat_segment,6.3000,6.3000,15.3000,9.6300,9802.7200,13904.8600,4102.1400,0.0800,48747.8600
2023.0000,S3_S4,east,S3,2023-08-10_S3_S4_7fce3d7b,VWC_2_raw_S3_B,2,12.0000,B,2023-08-10 13:57:00,2023-08-10 19:37:00,105700.0000,52850.0000,5.6700,9326.4700,24.9000,33.8200,8.9300,30.7900,flat_segment,6.3000,6.3000,14.0500,8.3800,9802.7200,13904.8600,4102.1400,0.0800,48747.8600
2023.0000,S3_S4,east,S3,2023-08-10_S3_S4_7fce3d7b,VWC_3_raw_S3_B,3,18.0000,B,2023-08-10 13:57:00,2023-08-10 19:37:00,105700.0000,52850.0000,5.6700,9326.4700,16.3800,28.4500,12.0700,24.7600,fallback_window,6.0500,6.0500,10.0500,4.3800,9802.7200,13904.8600,4102.1400,0.0800,48747.8600
2023.0000,S3_S4,east,S3,2023-08-24_S3_S4_a4b6ae2a,VWC_1_raw_S3_B,1,6.0000,B,2023-08-24 13:47:00,2023-08-24 18:16:00,60250.0000,30125.0000,4.4800,6719.3300,11.0500,34.3400,23.2900,30.6000,flat_segment,4.9700,4.9700,14.9700,10.4800,6075.3700,13019.6500,6944.2800,0.2300,23180.7200
2023.0000,S3_S4,east,S3,2023-08-24_S3_S4_a4b6ae2a,VWC_2_raw_S3_B,2,12.0000,B,2023-08-24 13:47:00,2023-08-24 18:16:00,60250.0000,30125.0000,4.4800,6719.3300,13.0600,31.9400,18.8800,28.5100,flat_segment,5.2200,5.2200,11.9700,7.4800,6075.3700,13019.6500,6944.2800,0.2300,23180.7200
2023.0000,S3_S4,east,S3,2023-08-24_S3_S4_a4b6ae2a,VWC_3_raw_S3_B,3,18.0000,B,2023-08-24 13:47:00,2023-08-24 18:16:00,60250.0000,30125.0000,4.4800,6719.3300,13.7200,26.7600,13.0400,21.9700,fallback_window,4.9700,4.9700,8.9700,4.4800,6075.3700,13019.6500,6944.2800,0.2300,23180.7200
2023.0000,S3_S4,east,S3,2023-09-07_S3_S4_ea877a99,VWC_1_raw_S3_B,1,6.0000,B,2023-09-07 07:38:00,2023-09-07 18:19:00,157700.0000,78850.0000,10.6800,7380.6600,11.5300,33.8600,22.3200,33.7500,flat_segment,6.8700,6.8700,7.1200,-3.5700,6251.2100,14039.9100,7788.7000,0.1000,71061.3000
2023.0000,S3_S4,east,S3,2023-09-07_S3_S4_ea877a99,VWC_2_raw_S3_B,2,12.0000,B,2023-09-07 07:38:00,2023-09-07 18:19:00,157700.0000,78850.0000,10.6800,7380.6600,14.3600,32.2300,17.8600,29.8400,flat_segment,11.1200,11.1200,18.1200,7.4300,6251.2100,14039.9100,7788.7000,0.1000,71061.3000
2023.0000,S3_S4,east,S3,2023-09-07_S3_S4_ea877a99,VWC_3_raw_S3_B,3,18.0000,B,2023-09-07 07:38:00,2023-09-07 18:19:00,157700.0000,78850.0000,10.6800,7380.6600,13.0300,28.3200,15.2900,23.8400,fallback_window,11.1200,11.1200,15.1200,4.4300,6251.2100,14039.9100,7788.7000,0.1000,71061.3000
2023.0000,S3_S4,east,S3,2023-09-22_S3_S4_157133f5,VWC_1_raw_S3_B,1,6.0000,B,2023-09-22 07:20:00,2023-09-22 16:18:00,144600.0000,72300.0000,8.9700,8063.2000,15.8000,33.4300,17.6300,29.6200,flat_segment,9.6700,9.6700,22.6700,13.7000,7831.9000,13188.8300,5356.9300,0.0700,66943.0700
2023.0000,S3_S4,east,S3,2023-09-22_S3_S4_157133f5,VWC_2_raw_S3_B,2,12.0000,B,2023-09-22 07:20:00,2023-09-22 16:18:00,144600.0000,72300.0000,8.9700,8063.2000,19.6800,32.1500,12.4600,29.0900,flat_segment,9.6700,9.6700,19.9200,10.9500,7831.9000,13188.8300,5356.9300,0.0700,66943.0700
2023.0000,S3_S4,east,S3,2023-09-22_S3_S4_157133f5,VWC_3_raw_S3_B,3,18.0000,B,2023-09-22 07:20:00,2023-09-22 16:18:00,144600.0000,72300.0000,8.9700,8063.2000,13.2900,27.3500,14.0600,23.4300,fallback_window,9.4200,9.4200,13.4200,4.4500,7831.9000,13188.8300,5356.9300,0.0700,66943.0700
2023.0000,S3_S4,east,S4,2023-05-24_S3_S4_31cada45,VWC_1_raw_S4_B,1,6.0000,B,2023-05-24 09:25:00,2023-05-24 13:19:00,146600.0000,73300.0000,3.9000,18794.8700,6.5900,23.5200,16.9300,23.4700,flat_segment,19.0800,19.0800,19.3300,15.4300,6123.0600,5453.2800,2822.1500,0.0400,70477.8500
2023.0000,S3_S4,east,S4,2023-05-24_S3_S4_31cada45,VWC_2_raw_S4_B,2,12.0000,B,2023-05-24 09:25:00,2023-05-24 13:19:00,146600.0000,73300.0000,3.9000,18794.8700,21.7500,21.6300,-0.1200,,no_peak,0.0800,0.0800,,,6123.0600,5453.2800,2822.1500,0.0400,70477.8500
2023.0000,S3_S4,east,S4,2023-05-24_S3_S4_31cada45,VWC_3_raw_S4_B,3,18.0000,B,2023-05-24 09:25:00,2023-05-24 13:19:00,146600.0000,73300.0000,3.9000,18794.8700,9.8000,10.5100,0.7100,10.4900,flat_segment,23.5800,23.5800,23.8300,19.9300,6123.0600,5453.2800,2822.1500,0.0400,70477.8500
2023.0000,S3_S4,east,S4,2023-06-02_S3_S4_e824e1bc,VWC_1_raw_S4_B,1,6.0000,B,2023-06-02 15:43:00,2023-06-02 22:12:00,67500.0000,33750.0000,6.4800,5205.6600,12.7600,12.7400,-0.0200,,no_peak,0.0300,0.0300,,,7411.3300,0.0000,0.0000,0.0000,33750.0000
2023.0000,S3_S4,east,S4,2023-06-02_S3_S4_e824e1bc,VWC_2_raw_S4_B,2,12.0000,B,2023-06-02 15:43:00,2023-06-02 22:12:00,67500.0000,33750.0000,6.4800,5205.6600,21.3400,21.7600,0.4200,,no_peak,6.5300,6.5300,,,7411.3300,0.0000,0.0000,0.0000,33750.0000
2023.0000,S3_S4,east,S4,2023-06-02_S3_S4_e824e1bc,VWC_3_raw_S4_B,3,18.0000,B,2023-06-02 15:43:00,2023-06-02 22:12:00,67500.0000,33750.0000,6.4800,5205.6600,12.0500,12.2300,0.1800,,no_peak,20.2800,20.2800,,,7411.3300,0.0000,0.0000,0.0000,33750.0000
2023.0000,S3_S4,east,S4,2023-06-14_S3_S4_71ac748b,VWC_1_raw_S4_B,1,6.0000,B,2023-06-14 08:25:00,2023-06-14 17:29:00,128200.0000,64100.0000,9.0700,7069.8500,8.2100,24.6300,16.4200,24.5800,flat_segment,16.8300,16.8300,17.0800,8.0200,6871.7000,11098.1300,4226.4300,0.0700,59873.5700
2023.0000,S3_S4,east,S4,2023-06-14_S3_S4_71ac748b,VWC_2_raw_S4_B,2,12.0000,B,2023-06-14 08:25:00,2023-06-14 17:29:00,128200.0000,64100.0000,9.0700,7069.8500,22.4900,27.9000,5.4100,27.7300,flat_segment,13.3300,13.3300,14.5800,5.5200,6871.7000,11098.1300,4226.4300,0.0700,59873.5700
2023.0000,S3_S4,east,S4,2023-06-14_S3_S4_71ac748b,VWC_3_raw_S4_B,3,18.0000,B,2023-06-14 08:25:00,2023-06-14 17:29:00,128200.0000,64100.0000,9.0700,7069.8500,12.1000,13.7100,1.6100,16.8000,flat_segment,23.8300,23.8300,37.8300,28.7700,6871.7000,11098.1300,4226.4300,0.0700,59873.5700
2023.0000,S3_S4,east,S4,2023-06-27_S3_S4_87f629e2,VWC_1_raw_S4_B,1,6.0000,B,2023-06-27 07:53:00,2023-06-27 16:14:00,135700.0000,67850.0000,8.3500,8125.7500,,27.0000,,25.6600,flat_segment,11.3700,11.3700,26.6200,18.2700,0.0000,13568.6000,0.0000,0.0000,67850.0000
2023.0000,S3_S4,east,S4,2023-06-27_S3_S4_87f629e2,VWC_2_raw_S4_B,2,12.0000,B,2023-06-27 07:53:00,2023-06-27 16:14:00,135700.0000,67850.0000,8.3500,8125.7500,,31.3000,,30.2000,flat_segment,12.8700,12.8700,27.8700,19.5200,0.0000,13568.6000,0.0000,0.0000,67850.0000
2023.0000,S3_S4,east,S4,2023-06-27_S3_S4_87f629e2,VWC_3_raw_S4_B,3,18.0000,B,2023-06-27 07:53:00,2023-06-27 16:14:00,135700.0000,67850.0000,8.3500,8125.7500,,26.3600,,28.6300,flat_segment,13.1200,13.1200,26.6200,18.2700,0.0000,13568.6000,0.0000,0.0000,67850.0000
2023.0000,S3_S4,east,S4,2023-07-07_S3_S4_bf19b251,VWC_1_raw_S4_B,1,6.0000,B,2023-07-07 07:46:00,2023-07-07 15:46:00,128500.0000,64250.0000,8.0000,8031.2500,,28.1300,,26.0200,fallback_window,10.7300,10.7300,25.9800,17.9800,0.0000,14048.5800,0.0000,0.0000,64250.0000
2023.0000,S3_S4,east,S4,2023-07-07_S3_S4_bf19b251,VWC_2_raw_S4_B,2,12.0000,B,2023-07-07 07:46:00,2023-07-07 15:46:00,128500.0000,64250.0000,8.0000,8031.2500,,33.3200,,32.5000,fallback_window,8.2300,8.2300,12.2300,4.2300,0.0000,14048.5800,0.0000,0.0000,64250.0000
2023.0000,S3_S4,east,S4,2023-07-07_S3_S4_bf19b251,VWC_3_raw_S4_B,3,18.0000,B,2023-07-07 07:46:00,2023-07-07 15:46:00,128500.0000,64250.0000,8.0000,8031.2500,,35.8700,,28.9600,fallback_window,8.4800,8.4800,12.4800,4.4800,0.0000,14048.5800,0.0000,0.0000,64250.0000
2023.0000,S3_S4,east,S4,2023-07-17_S3_S4_a04fe807,VWC_1_raw_S4_B,1,6.0000,B,2023-07-17 19:19:00,2023-07-18 05:53:00,160900.0000,80450.0000,10.5700,7613.5600,8.2900,29.4400,21.1600,27.9700,fallback_window,13.6800,13.6800,17.6800,7.1200,7958.7600,13137.2000,5178.4400,0.0600,75271.5600
2023.0000,S3_S4,east,S4,2023-07-17_S3_S4_a04fe807,VWC_2_raw_S4_B,2,12.0000,B,2023-07-17 19:19:00,2023-07-18 05:53:00,160900.0000,80450.0000,10.5700,7613.5600,24.6800,29.5000,4.8200,29.4000,flat_segment,23.9300,23.9300,24.1800,13.6200,7958.7600,13137.2000,5178.4400,0.0600,75271.5600
2023.0000,S3_S4,east,S4,2023-07-17_S3_S4_a04fe807,VWC_3_raw_S4_B,3,18.0000,B,2023-07-17 19:19:00,2023-07-18 05:53:00,160900.0000,80450.0000,10.5700,7613.5600,16.6000,26.1200,9.5200,24.4400,fallback_window,13.6800,13.6800,17.6800,7.1200,7958.7600,13137.2000,5178.4400,0.0600,75271.5600
2023.0000,S3_S4,east,S4,2023-07-27_S3_S4_89a0fecc,VWC_1_raw_S4_B,1,6.0000,B,2023-07-27 10:00:00,2023-07-27 17:29:00,50400.0000,25200.0000,7.4800,3367.4800,7.8800,8.5800,0.7000,8.5200,flat_segment,8.2500,8.2500,8.5000,1.0200,8989.8500,1367.6000,102.0500,0.0000,25097.9500
2023.0000,S3_S4,east,S4,2023-07-27_S3_S4_89a0fecc,VWC_2_raw_S4_B,2,12.0000,B,2023-07-27 10:00:00,2023-07-27 17:29:00,50400.0000,25200.0000,7.4800,3367.4800,28.0600,28.1700,0.1100,,no_peak,0.7500,0.7500,,,8989.8500,1367.6000,102.0500,0.0000,25097.9500
2023.0000,S3_S4,east,S4,2023-07-27_S3_S4_89a0fecc,VWC_3_raw_S4_B,3,18.0000,B,2023-07-27 10:00:00,2023-07-27 17:29:00,50400.0000,25200.0000,7.4800,3367.4800,20.0400,20.0400,-0.0000,,no_peak,0.0000,0.0000,,,8989.8500,1367.6000,102.0500,0.0000,25097.9500
2023.0000,S3_S4,east,S4,2023-08-05_S3_S4_0f92146d,VWC_1_raw_S4_B,1,6.0000,B,2023-08-05 08:51:00,2023-08-05 11:03:00,36600.0000,18300.0000,2.2000,8318.1800,,8.1100,,8.0900,flat_segment,8.9000,8.9000,9.1500,6.9500,0.0000,8050.5300,0.0000,0.0000,18300.0000
2023.0000,S3_S4,east,S4,2023-08-05_S3_S4_0f92146d,VWC_2_raw_S4_B,2,12.0000,B,2023-08-05 08:51:00,2023-08-05 11:03:00,36600.0000,18300.0000,2.2000,8318.1800,,23.6600,,23.6000,flat_segment,11.4000,11.4000,24.6500,22.4500,0.0000,8050.5300,0.0000,0.0000,18300.0000
2023.0000,S3_S4,east,S4,2023-08-05_S3_S4_0f92146d,VWC_3_raw_S4_B,3,18.0000,B,2023-08-05 08:51:00,2023-08-05 11:03:00,36600.0000,18300.0000,2.2000,8318.1800,,19.3500,,18.4400,flat_segment,0.6500,0.6500,7.4000,5.2000,0.0000,8050.5300,0.0000,0.0000,18300.0000
2023.0000,S3_S4,east,S4,2023-08-10_S3_S4_7fce3d7b,VWC_1_raw_S4_B,1,6.0000,B,2023-08-10 13:57:00,2023-08-10 19:37:00,105700.0000,52850.0000,5.6700,9326.4700,7.4500,27.3000,19.8400,27.2300,flat_segment,19.5500,19.5500,19.8000,14.1300,7681.5900,13542.1100,5860.5100,0.1100,46989.4900
2023.0000,S3_S4,east,S4,2023-08-10_S3_S4_7fce3d7b,VWC_2_raw_S4_B,2,12.0000,B,2023-08-10 13:57:00,2023-08-10 19:37:00,105700.0000,52850.0000,5.6700,9326.4700,23.7700,30.7800,7.0000,30.7300,flat_segment,19.5500,19.5500,19.8000,14.1300,7681.5900,13542.1100,5860.5100,0.1100,46989.4900
2023.0000,S3_S4,east,S4,2023-08-10_S3_S4_7fce3d7b,VWC_3_raw_S4_B,3,18.0000,B,2023-08-10 13:57:00,2023-08-10 19:37:00,105700.0000,52850.0000,5.6700,9326.4700,16.6100,28.0400,11.4300,26.3700,flat_segment,19.5500,19.5500,28.8000,23.1300,7681.5900,13542.1100,5860.5100,0.1100,46989.4900
2023.0000,S3_S4,east,S4,2023-08-24_S3_S4_a4b6ae2a,VWC_1_raw_S4_B,1,6.0000,B,2023-08-24 13:47:00,2023-08-24 18:16:00,60250.0000,30125.0000,4.4800,6719.3300,7.5600,7.8000,0.2400,,no_peak,3.7200,3.7200,,,8579.3200,0.0000,0.0000,0.0000,30125.0000
2023.0000,S3_S4,east,S4,2023-08-24_S3_S4_a4b6ae2a,VWC_2_raw_S4_B,2,12.0000,B,2023-08-24 13:47:00,2023-08-24 18:16:00,60250.0000,30125.0000,4.4800,6719.3300,26.8900,26.7800,-0.1000,,no_peak,0.2200,0.2200,,,8579.3200,0.0000,0.0000,0.0000,30125.0000
2023.0000,S3_S4,east,S4,2023-08-24_S3_S4_a4b6ae2a,VWC_3_raw_S4_B,3,18.0000,B,2023-08-24 13:47:00,2023-08-24 18:16:00,60250.0000,30125.0000,4.4800,6719.3300,18.9800,19.2100,0.2300,,no_peak,23.2200,23.2200,,,8579.3200,0.0000,0.0000,0.0000,30125.0000
2023.0000,S3_S4,east,S4,2023-09-07_S3_S4_ea877a99,VWC_1_raw_S4_B,1,6.0000,B,2023-09-07 07:38:00,2023-09-07 18:19:00,157700.0000,78850.0000,10.6800,7380.6600,,34.5900,,28.2800,flat_segment,11.1200,11.1200,26.3700,15.6800,0.0000,10422.3200,0.0000,0.0000,78850.0000
2023.0000,S3_S4,east,S4,2023-09-07_S3_S4_ea877a99,VWC_2_raw_S4_B,2,12.0000,B,2023-09-07 07:38:00,2023-09-07 18:19:00,157700.0000,78850.0000,10.6800,7380.6600,,45.2000,,36.6200,fallback_window,11.1200,11.1200,25.6200,14.9300,0.0000,10422.3200,0.0000,0.0000,78850.0000
2023.0000,S3_S4,east,S4,2023-09-07_S3_S4_ea877a99,VWC_3_raw_S4_B,3,18.0000,B,2023-09-07 07:38:00,2023-09-07 18:19:00,157700.0000,78850.0000,10.6800,7380.6600,,34.4400,,,fallback_empty,9.3700,9.3700,,,0.0000,10422.3200,0.0000,0.0000,78850.0000
2023.0000,S3_S4,east,S4,2023-09-22_S3_S4_157133f5,VWC_1_raw_S4_B,1,6.0000,B,2023-09-22 07:20:00,2023-09-22 16:18:00,144600.0000,72300.0000,8.9700,8063.2000,7.1900,31.3300,24.1400,,fallback_empty,7.4200,7.4200,,,9309.4100,0.0000,0.0000,0.0000,72300.0000
2023.0000,S3_S4,east,S4,2023-09-22_S3_S4_157133f5,VWC_2_raw_S4_B,2,12.0000,B,2023-09-22 07:20:00,2023-09-22 16:18:00,144600.0000,72300.0000,8.9700,8063.2000,28.8000,37.0900,8.2900,,fallback_empty,7.4200,7.4200,,,9309.4100,0.0000,0.0000,0.0000,72300.0000
2023.0000,S3_S4,east,S4,2023-09-22_S3_S4_157133f5,VWC_3_raw_S4_B,3,18.0000,B,2023-09-22 07:20:00,2023-09-22 16:18:00,144600.0000,72300.0000,8.9700,8063.2000,21.9800,34.6400,12.6600,,fallback_empty,5.6700,5.6700,,,9309.4100,0.0000,0.0000,0.0000,72300.0000
