year,date,start_timestamp,end_timestamp,strip_group,location,strip,total_meter_gallons,flow_allocation_fraction,strip_allocation_fraction,gallons_group,gallons_strip,avg_flow_gpm_group,avg_flow_gpm_strip,avg_flow_gph_strip,event_duration_hours,start_flow_gpm,end_flow_gpm,start_totalizer_gal_x100,end_totalizer_gal_x100,entered_by,event_id,notes
2023,2023-05-23,2023-05-23 15:25:00,2023-05-23 19:19:00,S1_S2,west,S1,145000.0,1.0,0.5,145000.0,72500.0,619.7,309.8,18589.7,3.9,550.0,550.0,160574.0,162024.0,master_workbook,2023-05-23_S1_S2_176caf9a,STRIP 1 NEVER REALLY RAN OFF END OF FIELD AND YOU COULD WALK ON HILLS. STRIP 2 RAN OFF END OF FIELD IN ABOUT 1.5 HOURS INTO WATERING AND FURROWS AND HILLS WERE COMPLETELY FLOODED. SOME WATER FROM STRIP 1 RAN OFF ONTO SRI'S FIELD.
2023,2023-05-23,2023-05-23 15:25:00,2023-05-23 19:19:00,S1_S2,west,S2,145000.0,1.0,0.5,145000.0,72500.0,619.7,309.8,18589.7,3.9,550.0,550.0,160574.0,162024.0,master_workbook,2023-05-23_S1_S2_176caf9a,STRIP 1 NEVER REALLY RAN OFF END OF FIELD AND YOU COULD WALK ON HILLS. STRIP 2 RAN OFF END OF FIELD IN ABOUT 1.5 HOURS INTO WATERING AND FURROWS AND HILLS WERE COMPLETELY FLOODED. SOME WATER FROM STRIP 1 RAN OFF ONTO SRI'S FIELD.
2023,2023-05-24,2023-05-24 09:25:00,2023-05-24 13:19:00,S3_S4,east,S3,146600.0,1.0,0.5,146600.0,73300.0,626.5,313.2,18794.9,3.9,575.0,700.0,162026.0,163492.0,master_workbook,2023-05-24_S3_S4_31cada45,STRIP 4 WAS LOSING WATER TO NE CORNER OF FIELD AND DIDN’T WATER ABOUT 2-3 FURROWS WEST FROM EAST SIDE. STRIPS 3 & 4 WERE RUNNING ONTO STRIP 2 AS WELL. WATER MOVEMENT WAS S-SW.
2023,2023-05-24,2023-05-24 09:25:00,2023-05-24 13:19:00,S3_S4,east,S4,146600.0,1.0,0.5,146600.0,73300.0,626.5,313.2,18794.9,3.9,575.0,700.0,162026.0,163492.0,master_workbook,2023-05-24_S3_S4_31cada45,STRIP 4 WAS LOSING WATER TO NE CORNER OF FIELD AND DIDN’T WATER ABOUT 2-3 FURROWS WEST FROM EAST SIDE. STRIPS 3 & 4 WERE RUNNING ONTO STRIP 2 AS WELL. WATER MOVEMENT WAS S-SW.
2023,2023-06-01,2023-06-01 11:16:08,2023-06-01 18:45:00,S1_S2,west,S1,67300.0,1.0,0.5,67300.0,33650.0,173.0,86.5,4497.995,7.4811,200.0,290.0,163494.0,164167.0,master_workbook,2023-06-01_S1_S2_5b27ce31,"STARTED WATER AT 11:16AM NOTICED WATER STOPPED AT 2:07PM FOR UNKNOWN AMOUNT OF TIME. THE CANAL VALVE WAS OFF SO WATER WAS NOT FLOWING IN SYSTEM. TURNED ON AGAIN AT 3:07 PM AND FINALLY OFF AT 6:45 PM. ONLY A TINY BIT OF WATER AT THE VERY END RAN ONTO SRI'S FIELD, SHOULD NOT BE AN ISSUE. ALL BERMS WORKED GOOD. AT 2:10PM, WATER IS BARLEY PAST S1B WHEREAS S2B IS FLOODED WELL PAST IN ALL FURROWS."
2023,2023-06-01,2023-06-01 11:16:08,2023-06-01 18:45:00,S1_S2,west,S2,67300.0,1.0,0.5,67300.0,33650.0,173.0,86.5,4497.995,7.4811,200.0,290.0,163494.0,164167.0,master_workbook,2023-06-01_S1_S2_5b27ce31,"STARTED WATER AT 11:16AM NOTICED WATER STOPPED AT 2:07PM FOR UNKNOWN AMOUNT OF TIME. THE CANAL VALVE WAS OFF SO WATER WAS NOT FLOWING IN SYSTEM. TURNED ON AGAIN AT 3:07 PM AND FINALLY OFF AT 6:45 PM. ONLY A TINY BIT OF WATER AT THE VERY END RAN ONTO SRI'S FIELD, SHOULD NOT BE AN ISSUE. ALL BERMS WORKED GOOD. AT 2:10PM, WATER IS BARLEY PAST S1B WHEREAS S2B IS FLOODED WELL PAST IN ALL FURROWS."
2023,2023-06-02,2023-06-02 15:43:00,2023-06-02 22:12:00,S3_S4,east,S3,67500.0,1.0,0.5,67500.0,33750.0,173.5,86.8,5205.7,6.4833,260.0,250.0,164171.0,164846.0,master_workbook,2023-06-02_S3_S4_e824e1bc,"WATER WAS CLEAN COMING OUT OF PIPE. FIELD IS GOOD AND SATURATED. THERE WAS NO SIDE MOVEMENT OF WATER, WATER RAN DOWN RESPECTIVE FURROWS SO 1&2 WERE NOT INFLUENCED FROM THIS WATERING UNLIKE THE FIRST WATERING."
2023,2023-06-02,2023-06-02 15:43:00,2023-06-02 22:12:00,S3_S4,east,S4,67500.0,1.0,0.5,67500.0,33750.0,173.5,86.8,5205.7,6.4833,260.0,250.0,164171.0,164846.0,master_workbook,2023-06-02_S3_S4_e824e1bc,"WATER WAS CLEAN COMING OUT OF PIPE. FIELD IS GOOD AND SATURATED. THERE WAS NO SIDE MOVEMENT OF WATER, WATER RAN DOWN RESPECTIVE FURROWS SO 1&2 WERE NOT INFLUENCED FROM THIS WATERING UNLIKE THE FIRST WATERING."
2023,2023-06-14,2023-06-14 08:25:00,2023-06-14 17:29:00,S3_S4,east,S3,128200.0,1.0,0.5,128200.0,64100.0,235.7,117.8,7069.9,9.0667,250.0,250.0,164847.0,166129.0,master_workbook,2023-06-14_S3_S4_71ac748b,"4B FURROWS ARE WET, HILLS ARE PARTIALLY DRY/WET. BOTTOM OF 3&4 ARE WET. WATER REACHED EXTREME SOUTHEAST PORTION OF CATCH DITCH. AT 2:13PM JERRY AND BILL ADJUSTED GATES SO THAT EAST END OF GATES ARE FLOWING. THEY WERE FLOWING AT THE START OF WATERING BUT FLOW REDUCED OVER TIME AND THEY STOPPED AT SOME POINT."
2023,2023-06-14,2023-06-14 08:25:00,2023-06-14 17:29:00,S3_S4,east,S4,128200.0,1.0,0.5,128200.0,64100.0,235.7,117.8,7069.9,9.0667,250.0,250.0,164847.0,166129.0,master_workbook,2023-06-14_S3_S4_71ac748b,"4B FURROWS ARE WET, HILLS ARE PARTIALLY DRY/WET. BOTTOM OF 3&4 ARE WET. WATER REACHED EXTREME SOUTHEAST PORTION OF CATCH DITCH. AT 2:13PM JERRY AND BILL ADJUSTED GATES SO THAT EAST END OF GATES ARE FLOWING. THEY WERE FLOWING AT THE START OF WATERING BUT FLOW REDUCED OVER TIME AND THEY STOPPED AT SOME POINT."
2023,2023-06-26,2023-06-26 09:31:00,2023-06-26 16:02:00,S1_S2,west,S1,89400.0,1.0,0.5,89400.0,44700.0,228.6,114.3,6859.3,6.5167,225.0,225.0,166136.0,167030.0,master_workbook,2023-06-26_S1_S2_69e5d9b6,"S1B AND S2B FURROWS ARE SOAKED. FIELD APPEARED TO BE EVENLY WATERED. PIPE IS LEVEL, GATES ADJUSTED TO THUMBWIDTH OPENING AS USUAL. JIMMY NEEDED WATER OFF BY 4:30PM (HE CALLED) SO THEY COULD SET WATER ONTO ANOTHER FIELD FOR WATERING OVERNIGHT. COULD NOT WATER ON SUNDAY AS JIMMY AND PERRY SAID THERE WAS SOME WATER ISSUES (LEAKS) ON FRIDAY SO THEY ARE BEHIND WATERING SCHEDULE. VISUALLY STRIP 2 LOOKS DRY AND IS NOT AS GREEN OR THICK AS STRIP 1."
2023,2023-06-26,2023-06-26 09:31:00,2023-06-26 16:02:00,S1_S2,west,S2,89400.0,1.0,0.5,89400.0,44700.0,228.6,114.3,6859.3,6.5167,225.0,225.0,166136.0,167030.0,master_workbook,2023-06-26_S1_S2_69e5d9b6,"S1B AND S2B FURROWS ARE SOAKED. FIELD APPEARED TO BE EVENLY WATERED. PIPE IS LEVEL, GATES ADJUSTED TO THUMBWIDTH OPENING AS USUAL. JIMMY NEEDED WATER OFF BY 4:30PM (HE CALLED) SO THEY COULD SET WATER ONTO ANOTHER FIELD FOR WATERING OVERNIGHT. COULD NOT WATER ON SUNDAY AS JIMMY AND PERRY SAID THERE WAS SOME WATER ISSUES (LEAKS) ON FRIDAY SO THEY ARE BEHIND WATERING SCHEDULE. VISUALLY STRIP 2 LOOKS DRY AND IS NOT AS GREEN OR THICK AS STRIP 1."
2023,2023-06-27,2023-06-27 07:53:00,2023-06-27 16:14:00,S3_S4,east,S3,135700.0,1.0,0.5,135700.0,67850.0,270.9,135.4,8125.7,8.35,275.0,275.0,167039.0,168396.0,master_workbook,2023-06-27_S3_S4_87f629e2,VISUALLY STRIP 3 APPEARS MORE GREEN AND THICK THAN STRIP 4. WATER REACHED END OF FIELD. THE AREA AROUND S4B SENSORS IS MOIST BUT AREA WHERE WIRES DIVE INTO GROUND IS DRY. WATER WAS EVENLY DISTRIBUTED IN PIPE AND FURROWS.
2023,2023-06-27,2023-06-27 07:53:00,2023-06-27 16:14:00,S3_S4,east,S4,135700.0,1.0,0.5,135700.0,67850.0,270.9,135.4,8125.7,8.35,275.0,275.0,167039.0,168396.0,master_workbook,2023-06-27_S3_S4_87f629e2,VISUALLY STRIP 3 APPEARS MORE GREEN AND THICK THAN STRIP 4. WATER REACHED END OF FIELD. THE AREA AROUND S4B SENSORS IS MOIST BUT AREA WHERE WIRES DIVE INTO GROUND IS DRY. WATER WAS EVENLY DISTRIBUTED IN PIPE AND FURROWS.
2023,2023-07-07,2023-07-07 07:46:00,2023-07-07 15:46:00,S3_S4,east,S3,128500.0,1.0,0.5,128500.0,64250.0,267.7,133.9,8031.2,8.0,300.0,250.0,168398.0,169683.0,master_workbook,2023-07-07_S3_S4_bf19b251,"LINEAR SPRINKLER AND SRI WERE WATERING FIELD. AFTER SRI STARTED HIS WATER IT MOST CERTAINLY DECREASED OUR FLOW RATE ON N1. WATER WAS UNIFORM AND EVEN, REACHED BOTTOM OF S3 AND S4. AIR VENT LEAKING NEAR SE CORNER OF FIELD."
2023,2023-07-07,2023-07-07 07:46:00,2023-07-07 15:46:00,S3_S4,east,S4,128500.0,1.0,0.5,128500.0,64250.0,267.7,133.9,8031.2,8.0,300.0,250.0,168398.0,169683.0,master_workbook,2023-07-07_S3_S4_bf19b251,"LINEAR SPRINKLER AND SRI WERE WATERING FIELD. AFTER SRI STARTED HIS WATER IT MOST CERTAINLY DECREASED OUR FLOW RATE ON N1. WATER WAS UNIFORM AND EVEN, REACHED BOTTOM OF S3 AND S4. AIR VENT LEAKING NEAR SE CORNER OF FIELD."
2023,2023-07-17,2023-07-17 08:04:00,2023-07-17 16:04:00,S1_S2,west,S1,120900.0,1.0,0.5,120900.0,60450.0,251.9,125.9,7556.2,8.0,295.0,250.0,169684.0,170893.0,master_workbook,2023-07-17_S1_S2_ae0a89b4,"VISUALLY ALL APPEAR MOSTLY DRY, ALTHOUGH 3 LOOKS THE BEST FOLLOWED BY 4, THEN 1 AND THEN 2. S2M HAS LOTS OF HORSETAIL WEEDS SURROUNDING IT. BILL AND I DISCUSSED SPRAYING FIELD WITH HERBICIDE SOON."
2023,2023-07-17,2023-07-17 08:04:00,2023-07-17 16:04:00,S1_S2,west,S2,120900.0,1.0,0.5,120900.0,60450.0,251.9,125.9,7556.2,8.0,295.0,250.0,169684.0,170893.0,master_workbook,2023-07-17_S1_S2_ae0a89b4,"VISUALLY ALL APPEAR MOSTLY DRY, ALTHOUGH 3 LOOKS THE BEST FOLLOWED BY 4, THEN 1 AND THEN 2. S2M HAS LOTS OF HORSETAIL WEEDS SURROUNDING IT. BILL AND I DISCUSSED SPRAYING FIELD WITH HERBICIDE SOON."
2023,2023-07-17,2023-07-17 19:19:00,2023-07-18 05:53:00,S3_S4,east,S3,160900.0,1.0,0.5,160900.0,80450.0,253.8,126.9,7613.6,10.5667,225.0,290.0,170904.0,172513.0,master_workbook,2023-07-17_S3_S4_a04fe807,STARTED WATER IN EVENING AND WATERED OVERNIGHT.
2023,2023-07-17,2023-07-17 19:19:00,2023-07-18 05:53:00,S3_S4,east,S4,160900.0,1.0,0.5,160900.0,80450.0,253.8,126.9,7613.6,10.5667,225.0,290.0,170904.0,172513.0,master_workbook,2023-07-17_S3_S4_a04fe807,STARTED WATER IN EVENING AND WATERED OVERNIGHT.
2023,2023-07-27,2023-07-27 10:00:00,2023-07-27 17:29:00,S3_S4,east,S3,50400.0,1.0,0.5,50400.0,25200.0,112.2,56.1,3367.5,7.4833,200.0,90.0,172515.0,173019.0,master_workbook,2023-07-27_S3_S4_89a0fecc,STARTED WATER AFTER MOWING STRIPS 3&4. FLOW DROPPED PRIOR TO LEAVING SO I OPENED GATE VALVE EVEN MORE TO INCREASE FLOW BACK TO 200 GPM. JIMMY CALLED AT 4:13 PM TO LET ME KNOW HE SHUT OURS DOWN SO THEY COULD WATER OTHER FIELDS. THIS WAS AFTER CONFIRMING THIS DAY WAS A GOOD DAY TO WATER. LOTS OF RAIN 7/31-8/2.
2023,2023-07-27,2023-07-27 10:00:00,2023-07-27 17:29:00,S3_S4,east,S4,50400.0,1.0,0.5,50400.0,25200.0,112.2,56.1,3367.5,7.4833,200.0,90.0,172515.0,173019.0,master_workbook,2023-07-27_S3_S4_89a0fecc,STARTED WATER AFTER MOWING STRIPS 3&4. FLOW DROPPED PRIOR TO LEAVING SO I OPENED GATE VALVE EVEN MORE TO INCREASE FLOW BACK TO 200 GPM. JIMMY CALLED AT 4:13 PM TO LET ME KNOW HE SHUT OURS DOWN SO THEY COULD WATER OTHER FIELDS. THIS WAS AFTER CONFIRMING THIS DAY WAS A GOOD DAY TO WATER. LOTS OF RAIN 7/31-8/2.
2023,2023-08-05,2023-08-05 08:48:00,2023-08-05 14:56:00,S1_S2,west,S1,135100.0,1.0,0.5,98500.0,49250.0,267.7,133.8,8029.9,6.1333,275.0,250.0,173025.0,174376.0,master_workbook,2023-08-05_S1_S2_efaa9d14,WATERED SIMULTANEOULSY WITH STRIPS 3&4 FOR A PORTION OF THE MORNING. DOUBLE CHECK NUMBERS AT END OF TRIAL. WATERED EVENLY DOWN TO END OF FIELD.
2023,2023-08-05,2023-08-05 08:48:00,2023-08-05 14:56:00,S1_S2,west,S2,135100.0,1.0,0.5,98500.0,49250.0,267.7,133.8,8029.9,6.1333,275.0,250.0,173025.0,174376.0,master_workbook,2023-08-05_S1_S2_efaa9d14,WATERED SIMULTANEOULSY WITH STRIPS 3&4 FOR A PORTION OF THE MORNING. DOUBLE CHECK NUMBERS AT END OF TRIAL. WATERED EVENLY DOWN TO END OF FIELD.
2023,2023-08-05,2023-08-05 08:51:00,2023-08-05 11:03:00,S3_S4,east,S3,36600.0,1.0,0.5,36600.0,18300.0,277.3,138.6,8318.2,2.2,250.0,175.0,173262.0,173628.0,master_workbook,2023-08-05_S3_S4_0f92146d,"JIM AND PERRY CALLED ABOUT 10AM AND SAID LINEAR SYSTEM SHUT OFF. MAY OR MAY NOT BE DUE TO WATERING BOTH FIELDS AT ONCE. PERRY SAID LINEAR LIKELY SHUT OFF IN MIDDLE OF NIGHT SO PROBABLY NOT. BUT I TURNED OFF STRIPS 3&4 ANYWAYS. VISUALLY, EAST SIDE OF STRIP 4 IS DRY DUE TO FLOWS DROPPING DURING PREVIOUS WATERINGS. THIS AREA DIDNT GET SOAKED AGAIN DUE TO HAVING TO TURN OFF WATER PREMATURELY."
2023,2023-08-05,2023-08-05 08:51:00,2023-08-05 11:03:00,S3_S4,east,S4,36600.0,1.0,0.5,36600.0,18300.0,277.3,138.6,8318.2,2.2,250.0,175.0,173262.0,173628.0,master_workbook,2023-08-05_S3_S4_0f92146d,"JIM AND PERRY CALLED ABOUT 10AM AND SAID LINEAR SYSTEM SHUT OFF. MAY OR MAY NOT BE DUE TO WATERING BOTH FIELDS AT ONCE. PERRY SAID LINEAR LIKELY SHUT OFF IN MIDDLE OF NIGHT SO PROBABLY NOT. BUT I TURNED OFF STRIPS 3&4 ANYWAYS. VISUALLY, EAST SIDE OF STRIP 4 IS DRY DUE TO FLOWS DROPPING DURING PREVIOUS WATERINGS. THIS AREA DIDNT GET SOAKED AGAIN DUE TO HAVING TO TURN OFF WATER PREMATURELY."
2023,2023-08-10,2023-08-10 13:57:00,2023-08-10 19:37:00,S3_S4,east,S3,105700.0,1.0,0.5,105700.0,52850.0,310.9,155.4,9326.5,5.6667,300.0,325.0,174384.0,175441.0,master_workbook,2023-08-10_S3_S4_7fce3d7b,HOLLY STARTED THE WATER AND I TURNED IT OFF. EAST HALF OF STRIP 4 GOT SOME WATER BUT STILL NOT GREAT WATERING. IVE DETERMINED WATER IS LEAKING NEAR THE GATED PIPE TRAVELING  BACK UP AND THEN DOWN OTHER FURROWS. I STARTED MOVING DIRT TO CORRECT THIS ON 8/16/23
2023,2023-08-10,2023-08-10 13:57:00,2023-08-10 19:37:00,S3_S4,east,S4,105700.0,1.0,0.5,105700.0,52850.0,310.9,155.4,9326.5,5.6667,300.0,325.0,174384.0,175441.0,master_workbook,2023-08-10_S3_S4_7fce3d7b,HOLLY STARTED THE WATER AND I TURNED IT OFF. EAST HALF OF STRIP 4 GOT SOME WATER BUT STILL NOT GREAT WATERING. IVE DETERMINED WATER IS LEAKING NEAR THE GATED PIPE TRAVELING  BACK UP AND THEN DOWN OTHER FURROWS. I STARTED MOVING DIRT TO CORRECT THIS ON 8/16/23
2023,2023-08-24,2023-08-24 13:47:00,2023-08-24 18:16:00,S1_S2,west,S1,120500.0,0.5,0.5,60250.0,30125.0,224.0,112.0,6719.3,4.4833,225.0,225.0,175450.0,176655.0,master_workbook,2023-08-24_S1_S2_6cc99259,"WATERED SIMULTANEOULSY WITH STRIPS 3&4. DOUBLE CHECK NUMBERS AT END OF TRIAL. STARTED WATER AFTER DIRTWORK, FIELD NOT LEAKING, FURROWS FILLING MUCH BETTER."
2023,2023-08-24,2023-08-24 13:47:00,2023-08-24 18:16:00,S1_S2,west,S2,120500.0,0.5,0.5,60250.0,30125.0,224.0,112.0,6719.3,4.4833,225.0,225.0,175450.0,176655.0,master_workbook,2023-08-24_S1_S2_6cc99259,"WATERED SIMULTANEOULSY WITH STRIPS 3&4. DOUBLE CHECK NUMBERS AT END OF TRIAL. STARTED WATER AFTER DIRTWORK, FIELD NOT LEAKING, FURROWS FILLING MUCH BETTER."
2023,2023-08-24,2023-08-24 13:47:00,2023-08-24 18:16:00,S3_S4,east,S3,120500.0,0.5,0.5,60250.0,30125.0,224.0,112.0,6719.3,4.4833,225.0,225.0,175450.0,176655.0,master_workbook,2023-08-24_S3_S4_a4b6ae2a,"WATERED SIMULTANEOULSY WITH STRIPS 3&4. DOUBLE CHECK NUMBERS AT END OF TRIAL. STARTED WATER AFTER DIRTWORK, FIELD NOT LEAKING, FURROWS FILLING MUCH BETTER."
2023,2023-08-24,2023-08-24 13:47:00,2023-08-24 18:16:00,S3_S4,east,S4,120500.0,0.5,0.5,60250.0,30125.0,224.0,112.0,6719.3,4.4833,225.0,225.0,175450.0,176655.0,master_workbook,2023-08-24_S3_S4_a4b6ae2a,"WATERED SIMULTANEOULSY WITH STRIPS 3&4. DOUBLE CHECK NUMBERS AT END OF TRIAL. STARTED WATER AFTER DIRTWORK, FIELD NOT LEAKING, FURROWS FILLING MUCH BETTER."
2023,2023-09-07,2023-09-07 07:38:00,2023-09-07 18:19:00,S3_S4,east,S3,157700.0,1.0,0.5,157700.0,78850.0,246.0,123.0,7380.7,10.6833,240.0,280.0,176662.0,178239.0,master_workbook,2023-09-07_S3_S4_ea877a99,"LONG WATERING, FURROWS FULL OF WATER ALL THE WAY TO END AND IN EASTERN-MOST FURROWS."
2023,2023-09-07,2023-09-07 07:38:00,2023-09-07 18:19:00,S3_S4,east,S4,157700.0,1.0,0.5,157700.0,78850.0,246.0,123.0,7380.7,10.6833,240.0,280.0,176662.0,178239.0,master_workbook,2023-09-07_S3_S4_ea877a99,"LONG WATERING, FURROWS FULL OF WATER ALL THE WAY TO END AND IN EASTERN-MOST FURROWS."
2023,2023-09-21,2023-09-21 09:07:00,2023-09-21 16:09:00,S1_S2,west,S1,75300.0,1.0,0.5,75300.0,37650.0,178.4,89.2,5353.1,7.0333,275.0,150.0,178252.0,179005.0,master_workbook,2023-09-21_S1_S2_6dbb0789,FLOW WAS NOT ENOUGH TO WATER ALL STRIPS AT SAME TIME DUE TO SRI WATERING HIS FIELDS AT THE SAME TIME.
2023,2023-09-21,2023-09-21 09:07:00,2023-09-21 16:09:00,S1_S2,west,S2,75300.0,1.0,0.5,75300.0,37650.0,178.4,89.2,5353.1,7.0333,275.0,150.0,178252.0,179005.0,master_workbook,2023-09-21_S1_S2_6dbb0789,FLOW WAS NOT ENOUGH TO WATER ALL STRIPS AT SAME TIME DUE TO SRI WATERING HIS FIELDS AT THE SAME TIME.
2023,2023-09-22,2023-09-22 07:20:00,2023-09-22 16:18:00,S3_S4,east,S3,144600.0,1.0,0.5,144600.0,72300.0,268.8,134.4,8063.2,8.9667,200.0,390.0,179007.0,180453.0,master_workbook,2023-09-22_S3_S4_157133f5,WATER VALVE OPENED QUITE A WAYS TO ACHIEVE EVEN 200 GPM. OTHER FIELDS LIKELY DRAWING FLOWS. WOULD NOT GO ABOVE 200 GPM. INCREASE IN FLOW RATE MEANS SOMEONE ELSE TURNED WATER OFF DURING THIS WATERING SESSION.
2023,2023-09-22,2023-09-22 07:20:00,2023-09-22 16:18:00,S3_S4,east,S4,144600.0,1.0,0.5,144600.0,72300.0,268.8,134.4,8063.2,8.9667,200.0,390.0,179007.0,180453.0,master_workbook,2023-09-22_S3_S4_157133f5,WATER VALVE OPENED QUITE A WAYS TO ACHIEVE EVEN 200 GPM. OTHER FIELDS LIKELY DRAWING FLOWS. WOULD NOT GO ABOVE 200 GPM. INCREASE IN FLOW RATE MEANS SOMEONE ELSE TURNED WATER OFF DURING THIS WATERING SESSION.
2024,2024-04-19,2024-04-19 14:14:00,2024-04-19 21:33:00,S3_S4,east,S3,0.0,1.0,0.5,109750.0,54875.0,250.0,125.0,7500.0,7.3167,250.0,250.0,180455.0,180455.0,master_workbook,2024-04-19_S3_S4_c5bf8374,"Flow meter was restricted due to a pack rat nest, thus no data is available. All data estimated. Flushed pipes prior to irrigation and removed rat nests from both ends of gated pipes."
2024,2024-04-19,2024-04-19 14:14:00,2024-04-19 21:33:00,S3_S4,east,S4,0.0,1.0,0.5,109750.0,54875.0,250.0,125.0,7500.0,7.3167,250.0,250.0,180455.0,180455.0,master_workbook,2024-04-19_S3_S4_c5bf8374,"Flow meter was restricted due to a pack rat nest, thus no data is available. All data estimated. Flushed pipes prior to irrigation and removed rat nests from both ends of gated pipes."
2024,2024-04-20,2024-04-20 10:11:00,2024-04-20 17:54:00,S1_S2,west,S1,125900.0,1.0,0.5,125900.0,62950.0,271.9,136.0,8157.7,7.7167,250.0,260.0,180455.0,181714.0,master_workbook,2024-04-20_S1_S2_5f2fb725,Repaired meter prior to watering.
2024,2024-04-20,2024-04-20 10:11:00,2024-04-20 17:54:00,S1_S2,west,S2,125900.0,1.0,0.5,125900.0,62950.0,271.9,136.0,8157.7,7.7167,250.0,260.0,180455.0,181714.0,master_workbook,2024-04-20_S1_S2_5f2fb725,Repaired meter prior to watering.
2024,2024-05-03,2024-05-03 08:37:00,2024-05-03 15:28:00,S3_S4,west,S3,89200.0,1.0,0.5,89200.0,44600.0,217.0,108.5,6510.9,6.85,225.0,225.0,181716.0,182608.0,master_workbook,2024-05-03_S3_S4_13e4749a,Some HOBO sensors did not get submerged in water.
2024,2024-05-03,2024-05-03 08:37:00,2024-05-03 15:28:00,S3_S4,west,S4,89200.0,1.0,0.5,89200.0,44600.0,217.0,108.5,6510.9,6.85,225.0,225.0,181716.0,182608.0,master_workbook,2024-05-03_S3_S4_13e4749a,Some HOBO sensors did not get submerged in water.
2024,2024-05-11,2024-05-11 06:55:00,2024-05-11 16:18:00,S1_S2,west,S1,133000.0,1.0,0.5,133000.0,66500.0,236.2,118.1,7087.0,9.3833,225.0,225.0,182609.0,183939.0,master_workbook,2024-05-11_S1_S2_4c1cd284,HOBO sensors accidentaly placed in Strips 3 & 4.
2024,2024-05-11,2024-05-11 06:55:00,2024-05-11 16:18:00,S1_S2,west,S2,133000.0,1.0,0.5,133000.0,66500.0,236.2,118.1,7087.0,9.3833,225.0,225.0,182609.0,183939.0,master_workbook,2024-05-11_S1_S2_4c1cd284,HOBO sensors accidentaly placed in Strips 3 & 4.
2024,2024-05-17,2024-05-17 13:31:00,2024-05-17 19:09:00,S3_S4,west,S3,95100.0,1.0,0.5,95100.0,47550.0,281.4,140.7,8440.8,5.6333,250.0,290.0,183943.0,184894.0,master_workbook,2024-05-17_S3_S4_09c73fc7,Did not use HOBOs. Seen I needed to water that very day.
2024,2024-05-17,2024-05-17 13:31:00,2024-05-17 19:09:00,S3_S4,west,S4,95100.0,1.0,0.5,95100.0,47550.0,281.4,140.7,8440.8,5.6333,250.0,290.0,183943.0,184894.0,master_workbook,2024-05-17_S3_S4_09c73fc7,Did not use HOBOs. Seen I needed to water that very day.
2024,2024-06-01,2024-06-01 08:29:00,2024-06-01 17:57:00,S3_S4,west,S3,122900.0,1.0,0.5,122900.0,61450.0,216.4,108.2,6491.2,9.4667,240.0,210.0,184900.0,186129.0,master_workbook,2024-06-01_S3_S4_0880f850,Jerry placed hobos on Thursday.
2024,2024-06-01,2024-06-01 08:29:00,2024-06-01 17:57:00,S3_S4,west,S4,122900.0,1.0,0.5,122900.0,61450.0,216.4,108.2,6491.2,9.4667,240.0,210.0,184900.0,186129.0,master_workbook,2024-06-01_S3_S4_0880f850,Jerry placed hobos on Thursday.
2024,2024-06-01,2024-06-01 18:05:00,2024-06-02 07:46:00,S1_S2,west,S1,162500.0,1.0,0.5,162500.0,81250.0,197.9,99.0,5937.9,13.6833,200.0,190.0,186135.0,187760.0,master_workbook,2024-06-01_S1_S2_ef46e32f,Turned off morning of 6/2 @ 7:46am
2024,2024-06-01,2024-06-01 18:05:00,2024-06-02 07:46:00,S1_S2,west,S2,162500.0,1.0,0.5,162500.0,81250.0,197.9,99.0,5937.9,13.6833,200.0,190.0,186135.0,187760.0,master_workbook,2024-06-01_S1_S2_ef46e32f,Turned off morning of 6/2 @ 7:46am
2024,2024-06-15,2024-06-15 07:29:00,2024-06-15 16:13:00,S3_S4,west,S3,105000.0,1.0,0.5,105000.0,52500.0,200.4,100.2,6011.5,8.7333,210.0,200.0,187764.0,188814.0,master_workbook,2024-06-15_S3_S4_b6aa9839,HOBO sensors were used and collected.
2024,2024-06-15,2024-06-15 07:29:00,2024-06-15 16:13:00,S3_S4,west,S4,105000.0,1.0,0.5,105000.0,52500.0,200.4,100.2,6011.5,8.7333,210.0,200.0,187764.0,188814.0,master_workbook,2024-06-15_S3_S4_b6aa9839,HOBO sensors were used and collected.
2024,2024-06-22,2024-06-22 08:00:00,2024-06-22 15:49:00,S1_S2,west,S1,94200.0,1.0,0.5,94200.0,47100.0,200.9,100.4,6025.6,7.8167,225.0,190.0,188814.0,189756.0,master_workbook,2024-06-22_S1_S2_e95bd875,HOBO sensors used and collected. Jerry placed and Michael collected.
2024,2024-06-22,2024-06-22 08:00:00,2024-06-22 15:49:00,S1_S2,west,S2,94200.0,1.0,0.5,94200.0,47100.0,200.9,100.4,6025.6,7.8167,225.0,190.0,188814.0,189756.0,master_workbook,2024-06-22_S1_S2_e95bd875,HOBO sensors used and collected. Jerry placed and Michael collected.
2024,2024-06-28,2024-06-28 08:19:00,2024-06-28 14:44:00,S3_S4,west,S3,79300.0,1.0,0.5,79300.0,39650.0,206.0,103.0,6179.2,6.4167,195.0,205.0,189759.0,190552.0,master_workbook,2024-06-28_S3_S4_14b9d993,HOBO sensors used and collected. Michael placed and collected.
2024,2024-06-28,2024-06-28 08:19:00,2024-06-28 14:44:00,S3_S4,west,S4,79300.0,1.0,0.5,79300.0,39650.0,206.0,103.0,6179.2,6.4167,195.0,205.0,189759.0,190552.0,master_workbook,2024-06-28_S3_S4_14b9d993,HOBO sensors used and collected. Michael placed and collected.
2024,2024-07-11,2024-07-11 10:01:00,2024-07-11 17:39:00,S3_S4,west,S3,93100.0,1.0,0.5,93100.0,46550.0,203.3,101.6,6098.3,7.6333,210.0,200.0,190554.0,191485.0,master_workbook,2024-07-11_S3_S4_d29231ea,"Jerry and I removed 6"" sensor from S4B on Friday afternoon. Will replace sensor on 7/13/24."
2024,2024-07-11,2024-07-11 10:01:00,2024-07-11 17:39:00,S3_S4,west,S4,93100.0,1.0,0.5,93100.0,46550.0,203.3,101.6,6098.3,7.6333,210.0,200.0,190554.0,191485.0,master_workbook,2024-07-11_S3_S4_d29231ea,"Jerry and I removed 6"" sensor from S4B on Friday afternoon. Will replace sensor on 7/13/24."
2024,2024-07-20,2024-07-20 08:54:00,2024-07-20 17:43:00,S1_S2,west,S1,111100.0,1.0,0.5,111100.0,55550.0,210.0,105.0,6300.6,8.8167,225.0,200.0,191486.0,192597.0,master_workbook,2024-07-20_S1_S2_6d735351,
2024,2024-07-20,2024-07-20 08:54:00,2024-07-20 17:43:00,S1_S2,west,S2,111100.0,1.0,0.5,111100.0,55550.0,210.0,105.0,6300.6,8.8167,225.0,200.0,191486.0,192597.0,master_workbook,2024-07-20_S1_S2_6d735351,
2024,2024-07-26,2024-07-26 19:02:00,2024-07-27 07:21:00,S3_S4,west,S3,143700.0,1.0,0.5,143700.0,71850.0,194.5,97.2,5833.6,12.3167,200.0,190.0,192599.0,194036.0,master_workbook,2024-07-26_S3_S4_fd133a4c,Watered overnight.
2024,2024-07-26,2024-07-26 19:02:00,2024-07-27 07:21:00,S3_S4,west,S4,143700.0,1.0,0.5,143700.0,71850.0,194.5,97.2,5833.6,12.3167,200.0,190.0,192599.0,194036.0,master_workbook,2024-07-26_S3_S4_fd133a4c,Watered overnight.
2024,2024-08-09,2024-08-09 08:45:00,2024-08-09 15:50:00,S3_S4,west,S3,93800.0,1.0,0.5,93800.0,46900.0,220.7,110.4,6621.2,7.0833,200.0,250.0,194037.0,194975.0,master_workbook,2024-08-09_S3_S4_fd100e26,
2024,2024-08-09,2024-08-09 08:45:00,2024-08-09 15:50:00,S3_S4,west,S4,93800.0,1.0,0.5,93800.0,46900.0,220.7,110.4,6621.2,7.0833,200.0,250.0,194037.0,194975.0,master_workbook,2024-08-09_S3_S4_fd100e26,
2024,2024-08-10,2024-08-10 08:50:00,2024-08-10 20:38:00,S1_S2,west,S1,169400.0,1.0,0.5,169400.0,84700.0,239.3,119.6,7178.0,11.8,240.0,240.0,194979.0,196673.0,master_workbook,2024-08-10_S1_S2_de427086,
2024,2024-08-10,2024-08-10 08:50:00,2024-08-10 20:38:00,S1_S2,west,S2,169400.0,1.0,0.5,169400.0,84700.0,239.3,119.6,7178.0,11.8,240.0,240.0,194979.0,196673.0,master_workbook,2024-08-10_S1_S2_de427086,
2024,2024-08-23,2024-08-23 09:32:00,2024-08-23 15:04:00,S3_S4,west,S3,60300.0,1.0,0.5,60300.0,30150.0,181.6,90.8,5448.8,5.5333,200.0,175.0,196675.0,197278.0,master_workbook,2024-08-23_S3_S4_0b64e5f5,
2024,2024-08-23,2024-08-23 09:32:00,2024-08-23 15:04:00,S3_S4,west,S4,60300.0,1.0,0.5,60300.0,30150.0,181.6,90.8,5448.8,5.5333,200.0,175.0,196675.0,197278.0,master_workbook,2024-08-23_S3_S4_0b64e5f5,
2024,2024-09-06,2024-09-06 09:33:00,2024-09-06 16:29:00,S3_S4,west,S3,97900.0,1.0,0.5,97900.0,48950.0,235.3,117.7,7060.1,6.9333,190.0,245.0,197279.0,198258.0,master_workbook,2024-09-06_S3_S4_9e0ce675,
2024,2024-09-06,2024-09-06 09:33:00,2024-09-06 16:29:00,S3_S4,west,S4,97900.0,1.0,0.5,97900.0,48950.0,235.3,117.7,7060.1,6.9333,190.0,245.0,197279.0,198258.0,master_workbook,2024-09-06_S3_S4_9e0ce675,
2024,2024-09-07,2024-09-07 08:23:00,2024-09-07 16:16:00,S1_S2,west,S1,106000.0,1.0,0.5,106000.0,53000.0,224.1,112.1,6723.0,7.8833,190.0,210.0,198259.0,199319.0,master_workbook,2024-09-07_S1_S2_b15b9a0a,
2024,2024-09-07,2024-09-07 08:23:00,2024-09-07 16:16:00,S1_S2,west,S2,106000.0,1.0,0.5,106000.0,53000.0,224.1,112.1,6723.0,7.8833,190.0,210.0,198259.0,199319.0,master_workbook,2024-09-07_S1_S2_b15b9a0a,
2024,2024-09-20,2024-09-20 14:27:00,2024-09-20 17:52:00,S3_S4,west,S3,32900.0,1.0,0.5,32900.0,16450.0,160.5,80.2,4814.6,3.4167,190.0,200.0,199324.0,199653.0,master_workbook,2024-09-20_S3_S4_032d9e33,Had issues with linear which forced me to interupt watering session.
2024,2024-09-20,2024-09-20 14:27:00,2024-09-20 17:52:00,S3_S4,west,S4,32900.0,1.0,0.5,32900.0,16450.0,160.5,80.2,4814.6,3.4167,190.0,200.0,199324.0,199653.0,master_workbook,2024-09-20_S3_S4_032d9e33,Had issues with linear which forced me to interupt watering session.
2024,2024-10-04,2024-10-04 11:55:00,2024-10-04 18:02:00,S3_S4,west,S3,94400.0,1.0,0.5,94400.0,47200.0,257.2,128.6,7716.6,6.1167,250.0,250.0,199653.0,200597.0,master_workbook,2024-10-04_S3_S4_bf53dc9a,
2024,2024-10-04,2024-10-04 11:55:00,2024-10-04 18:02:00,S3_S4,west,S4,94400.0,1.0,0.5,94400.0,47200.0,257.2,128.6,7716.6,6.1167,250.0,250.0,199653.0,200597.0,master_workbook,2024-10-04_S3_S4_bf53dc9a,
2024,2024-10-18,2024-10-18 09:34:00,2024-10-18 17:17:00,S3_S4,west,S3,107100.0,1.0,0.5,107100.0,53550.0,231.3,115.7,6939.5,7.7167,210.0,225.0,200597.0,201668.0,master_workbook,2024-10-18_S3_S4_e3314155,"Performed surface runoff test with acclima sensors. Loggers did not log data, so no results."
2024,2024-10-18,2024-10-18 09:34:00,2024-10-18 17:17:00,S3_S4,west,S4,107100.0,1.0,0.5,107100.0,53550.0,231.3,115.7,6939.5,7.7167,210.0,225.0,200597.0,201668.0,master_workbook,2024-10-18_S3_S4_e3314155,"Performed surface runoff test with acclima sensors. Loggers did not log data, so no results."
2025,2025-04-20,2025-04-20 08:15:00,2025-04-21 06:28:00,S1_S2,west,S1,529200.0,0.5,0.5,264600.0,132300.0,198.5,99.2,5955.0,22.2167,350.0,400.0,201790.0,207082.0,master_workbook,2025-04-20_S1_S2_f3457ada,RAN OVERNIGHT. FLOW METER AT 400GPM.
2025,2025-04-20,2025-04-20 08:15:00,2025-04-21 06:28:00,S1_S2,west,S2,529200.0,0.5,0.5,264600.0,132300.0,198.5,99.2,5955.0,22.2167,350.0,400.0,201790.0,207082.0,master_workbook,2025-04-20_S1_S2_f3457ada,RAN OVERNIGHT. FLOW METER AT 400GPM.
2025,2025-04-20,2025-04-20 08:15:00,2025-04-21 06:28:00,S3_S4,east,S3,529200.0,0.5,0.5,264600.0,132300.0,198.5,99.2,5955.0,22.2167,350.0,400.0,201790.0,207082.0,master_workbook,2025-04-20_S3_S4_ead0e049,RAN OVERNIGHT. FLOW METER AT 400GPM.
2025,2025-04-20,2025-04-20 08:15:00,2025-04-21 06:28:00,S3_S4,east,S4,529200.0,0.5,0.5,264600.0,132300.0,198.5,99.2,5955.0,22.2167,350.0,400.0,201790.0,207082.0,master_workbook,2025-04-20_S3_S4_ead0e049,RAN OVERNIGHT. FLOW METER AT 400GPM.
2025,2025-05-02,2025-05-02 19:10:02,2025-05-03 08:21:02,S3_S4,east,S3,153500.0,1.0,0.5,153500.0,76750.0,194.1,97.0,5821.745,13.1833,210.0,195.0,207088.0,208623.0,master_workbook,2025-05-02_S3_S4_3cb33cbf,STARTED FRIDAY EVENING RAN OVERNIGHT.
2025,2025-05-02,2025-05-02 19:10:02,2025-05-03 08:21:02,S3_S4,east,S4,153500.0,1.0,0.5,153500.0,76750.0,194.1,97.0,5821.745,13.1833,210.0,195.0,207088.0,208623.0,master_workbook,2025-05-02_S3_S4_3cb33cbf,STARTED FRIDAY EVENING RAN OVERNIGHT.
2025,2025-05-16,2025-05-16 15:36:41,2025-05-17 07:37:42,S1_S2,west,S1,184900.0,1.0,0.5,184900.0,92450.0,192.4,96.2,5772.012,16.0169,200.0,190.0,208624.0,210473.0,master_workbook,2025-05-16_S1_S2_799859ac,STARTED FRIDAY EVENING RAN OVERNIGHT.
2025,2025-05-16,2025-05-16 15:36:41,2025-05-17 07:37:42,S1_S2,west,S2,184900.0,1.0,0.5,184900.0,92450.0,192.4,96.2,5772.012,16.0169,200.0,190.0,208624.0,210473.0,master_workbook,2025-05-16_S1_S2_799859ac,STARTED FRIDAY EVENING RAN OVERNIGHT.
2025,2025-05-28,2025-05-28 18:58:00,2025-05-29 07:30:00,S1_S2,west,S1,257000.0,0.5,0.5,128500.0,64250.0,170.9,85.4,5126.3,12.5333,205.0,90.0,210475.0,213045.0,master_workbook,2025-05-28_S1_S2_ca363c43,WATERED OVERNIGHT.
2025,2025-05-28,2025-05-28 18:58:00,2025-05-29 07:30:00,S1_S2,west,S2,257000.0,0.5,0.5,128500.0,64250.0,170.9,85.4,5126.3,12.5333,205.0,90.0,210475.0,213045.0,master_workbook,2025-05-28_S1_S2_ca363c43,WATERED OVERNIGHT.
2025,2025-05-28,2025-05-28 18:58:00,2025-05-29 07:30:00,S3_S4,east,S3,257000.0,0.5,0.5,128500.0,64250.0,170.9,85.4,5126.3,12.5333,205.0,90.0,210475.0,213045.0,master_workbook,2025-05-28_S3_S4_120d46ab,WATERED OVERNIGHT.
2025,2025-05-28,2025-05-28 18:58:00,2025-05-29 07:30:00,S3_S4,east,S4,257000.0,0.5,0.5,128500.0,64250.0,170.9,85.4,5126.3,12.5333,205.0,90.0,210475.0,213045.0,master_workbook,2025-05-28_S3_S4_120d46ab,WATERED OVERNIGHT.
2025,2025-06-13,2025-06-13 10:49:00,2025-06-13 19:16:00,S3_S4,east,S3,113800.0,1.0,0.5,113800.0,56900.0,224.5,112.2,6733.7,8.45,200.0,225.0,213056.0,214194.0,master_workbook,2025-06-13_S3_S4_29345c78,STAFF TURNED ON VALVE TEMPORARILY WHEN REPAIRING A NEARBY VALVE: REASON FOR METER GALLONS DISCREPANCY.
2025,2025-06-13,2025-06-13 10:49:00,2025-06-13 19:16:00,S3_S4,east,S4,113800.0,1.0,0.5,113800.0,56900.0,224.5,112.2,6733.7,8.45,200.0,225.0,213056.0,214194.0,master_workbook,2025-06-13_S3_S4_29345c78,STAFF TURNED ON VALVE TEMPORARILY WHEN REPAIRING A NEARBY VALVE: REASON FOR METER GALLONS DISCREPANCY.
2025,2025-06-27,2025-06-27 15:33:00,2025-06-28 07:49:00,S1_S2,west,S1,191000.0,1.0,0.5,191000.0,95500.0,195.7,97.8,5870.9,16.2667,210.0,200.0,214195.0,216105.0,master_workbook,2025-06-27_S1_S2_ff537961,RAN OVERNIGHT.
2025,2025-06-27,2025-06-27 15:33:00,2025-06-28 07:49:00,S1_S2,west,S2,191000.0,1.0,0.5,191000.0,95500.0,195.7,97.8,5870.9,16.2667,210.0,200.0,214195.0,216105.0,master_workbook,2025-06-27_S1_S2_ff537961,RAN OVERNIGHT.
2025,2025-06-28,2025-06-28 08:50:00,2025-06-28 16:15:00,S3_S4,east,S3,87100.0,1.0,0.5,87100.0,43550.0,195.7,97.9,5871.9,7.4167,200.0,120.0,216105.0,216976.0,master_workbook,2025-06-28_S3_S4_d9252a87,
2025,2025-06-28,2025-06-28 08:50:00,2025-06-28 16:15:00,S3_S4,east,S4,87100.0,1.0,0.5,87100.0,43550.0,195.7,97.9,5871.9,7.4167,200.0,120.0,216105.0,216976.0,master_workbook,2025-06-28_S3_S4_d9252a87,
2025,2025-07-11,2025-07-11 08:30:00,2025-07-11 18:12:00,S3_S4,east,S3,92800.0,1.0,0.5,92800.0,46400.0,159.5,79.7,4783.5,9.7,190.0,180.0,216979.0,217907.0,master_workbook,2025-07-11_S3_S4_e179d57e,
2025,2025-07-11,2025-07-11 08:30:00,2025-07-11 18:12:00,S3_S4,east,S4,92800.0,1.0,0.5,92800.0,46400.0,159.5,79.7,4783.5,9.7,190.0,180.0,216979.0,217907.0,master_workbook,2025-07-11_S3_S4_e179d57e,
2025,2025-07-26,2025-07-26 08:45:00,2025-07-26 17:50:00,S1_S2,west,S1,212900.0,0.5,0.5,106450.0,53225.0,195.3,97.7,5859.6,9.0833,350.0,290.0,217908.0,220037.0,master_workbook,2025-07-26_S1_S2_98e2053f,
2025,2025-07-26,2025-07-26 08:45:00,2025-07-26 17:50:00,S1_S2,west,S2,212900.0,0.5,0.5,106450.0,53225.0,195.3,97.7,5859.6,9.0833,350.0,290.0,217908.0,220037.0,master_workbook,2025-07-26_S1_S2_98e2053f,
2025,2025-07-26,2025-07-26 08:45:00,2025-07-26 17:50:00,S3_S4,east,S3,212900.0,0.5,0.5,106450.0,53225.0,195.3,97.7,5859.6,9.0833,350.0,290.0,217908.0,220037.0,master_workbook,2025-07-26_S3_S4_b4053dcf,
2025,2025-07-26,2025-07-26 08:45:00,2025-07-26 17:50:00,S3_S4,east,S4,212900.0,0.5,0.5,106450.0,53225.0,195.3,97.7,5859.6,9.0833,350.0,290.0,217908.0,220037.0,master_workbook,2025-07-26_S3_S4_b4053dcf,
2025,2025-08-08,2025-08-08 13:14:00,2025-08-08 19:28:00,S3_S4,east,S3,77500.0,1.0,0.5,77500.0,38750.0,207.2,103.6,6216.6,6.2333,150.0,240.0,220037.0,220812.0,master_workbook,2025-08-08_S3_S4_7c793582,
2025,2025-08-08,2025-08-08 13:14:00,2025-08-08 19:28:00,S3_S4,east,S4,77500.0,1.0,0.5,77500.0,38750.0,207.2,103.6,6216.6,6.2333,150.0,240.0,220037.0,220812.0,master_workbook,2025-08-08_S3_S4_7c793582,
2025,2025-08-22,2025-08-22 09:07:00,2025-08-22 19:04:00,S1_S2,west,S1,122500.0,0.5,0.5,61250.0,30625.0,102.6,51.3,3077.9,9.95,200.0,300.0,220815.0,222040.0,master_workbook,2025-08-22_S1_S2_9f8675d7,TURNED OFF FROM APX. 9:45AM - 11AM FOR SYSTEM REPAIRS.
2025,2025-08-22,2025-08-22 09:07:00,2025-08-22 19:04:00,S1_S2,west,S2,122500.0,0.5,0.5,61250.0,30625.0,102.6,51.3,3077.9,9.95,200.0,300.0,220815.0,222040.0,master_workbook,2025-08-22_S1_S2_9f8675d7,TURNED OFF FROM APX. 9:45AM - 11AM FOR SYSTEM REPAIRS.
2025,2025-08-22,2025-08-22 09:07:00,2025-08-22 19:04:00,S3_S4,east,S3,122500.0,0.5,0.5,61250.0,30625.0,102.6,51.3,3077.9,9.95,200.0,300.0,220815.0,222040.0,master_workbook,2025-08-22_S3_S4_1b405e4b,TURNED OFF FROM APX. 9:45AM - 11AM FOR SYSTEM REPAIRS.
2025,2025-08-22,2025-08-22 09:07:00,2025-08-22 19:04:00,S3_S4,east,S4,122500.0,0.5,0.5,61250.0,30625.0,102.6,51.3,3077.9,9.95,200.0,300.0,220815.0,222040.0,master_workbook,2025-08-22_S3_S4_1b405e4b,TURNED OFF FROM APX. 9:45AM - 11AM FOR SYSTEM REPAIRS.
2025,2025-09-20,2025-09-20 10:42:00,2025-09-20 17:31:00,S1_S2,west,S1,344400.0,0.5,0.5,172200.0,86100.0,421.0,210.5,12630.8,6.8167,160.0,175.0,220045.0,223489.0,master_workbook,2025-09-20_S1_S2_81d8ab0f,WATERED AT THE SAME TIME.
2025,2025-09-20,2025-09-20 10:42:00,2025-09-20 17:31:00,S1_S2,west,S2,344400.0,0.5,0.5,172200.0,86100.0,421.0,210.5,12630.8,6.8167,160.0,175.0,220045.0,223489.0,master_workbook,2025-09-20_S1_S2_81d8ab0f,WATERED AT THE SAME TIME.
2025,2025-09-20,2025-09-20 10:42:00,2025-09-20 17:31:00,S3_S4,east,S3,344400.0,0.5,0.5,172200.0,86100.0,421.0,210.5,12630.8,6.8167,160.0,175.0,220045.0,223489.0,master_workbook,2025-09-20_S3_S4_f86ee2c5,WATERED AT THE SAME TIME.
2025,2025-09-20,2025-09-20 10:42:00,2025-09-20 17:31:00,S3_S4,east,S4,344400.0,0.5,0.5,172200.0,86100.0,421.0,210.5,12630.8,6.8167,160.0,175.0,220045.0,223489.0,master_workbook,2025-09-20_S3_S4_f86ee2c5,WATERED AT THE SAME TIME.
2025,2025-10-04,2025-10-04 10:12:00,2025-10-04 17:06:00,S3_S4,east,S3,103600.0,1.0,0.5,103600.0,51800.0,250.2,125.1,7507.2,6.9,250.0,250.0,223491.0,224527.0,master_workbook,2025-10-04_S3_S4_4439230e,
2025,2025-10-04,2025-10-04 10:12:00,2025-10-04 17:06:00,S3_S4,east,S4,103600.0,1.0,0.5,103600.0,51800.0,250.2,125.1,7507.2,6.9,250.0,250.0,223491.0,224527.0,master_workbook,2025-10-04_S3_S4_4439230e,
2026,2026-04-21,2026-04-21 14:54:00,2026-04-22 08:52:00,S1_S2,west,S1,443400.0,0.5,0.5,221700.0,110850.0,205.7,102.8,6169.8,17.9667,410.0,310.0,224578.0,229012.0,master_workbook,2026-04-21_S1_S2_001c30f6,Ran overnight.
2026,2026-04-21,2026-04-21 14:54:00,2026-04-22 08:52:00,S1_S2,west,S2,443400.0,0.5,0.5,221700.0,110850.0,205.7,102.8,6169.8,17.9667,410.0,310.0,224578.0,229012.0,master_workbook,2026-04-21_S1_S2_001c30f6,Ran overnight.
2026,2026-04-21,2026-04-21 14:54:00,2026-04-22 08:52:00,S3_S4,east,S3,443400.0,0.5,0.5,221700.0,110850.0,205.7,102.8,6169.8,17.9667,410.0,310.0,224578.0,229012.0,master_workbook,2026-04-21_S3_S4_ed1ed131,Ran overnight.
2026,2026-04-21,2026-04-21 14:54:00,2026-04-22 08:52:00,S3_S4,east,S4,443400.0,0.5,0.5,221700.0,110850.0,205.7,102.8,6169.8,17.9667,410.0,310.0,224578.0,229012.0,master_workbook,2026-04-21_S3_S4_ed1ed131,Ran overnight.
2026,2026-05-08,2026-05-08 09:00:00,2026-05-08 19:14:00,S3_S4,east,S3,180700.0,1.0,0.5,180700.0,90350.0,294.3,147.1,8829.0,10.2333,240.0,375.0,229014.0,230821.0,master_workbook,2026-05-08_S3_S4_989607cc,
2026,2026-05-08,2026-05-08 09:00:00,2026-05-08 19:14:00,S3_S4,east,S4,180700.0,1.0,0.5,180700.0,90350.0,294.3,147.1,8829.0,10.2333,240.0,375.0,229014.0,230821.0,master_workbook,2026-05-08_S3_S4_989607cc,
2026,2026-05-20,2026-05-20 11:23:00,2026-05-20 17:53:00,S1_S2,west,S1,108800.0,1.0,0.5,108800.0,54400.0,279.0,139.5,8369.2,6.5,250.0,275.0,230822.0,231910.0,master_workbook,2026-05-20_S1_S2_49743b7c,
2026,2026-05-20,2026-05-20 11:23:00,2026-05-20 17:53:00,S1_S2,west,S2,108800.0,1.0,0.5,108800.0,54400.0,279.0,139.5,8369.2,6.5,250.0,275.0,230822.0,231910.0,master_workbook,2026-05-20_S1_S2_49743b7c,
2026,2026-05-21,2026-05-21 13:27:00,2026-05-21 19:54:00,S3_S4,east,S3,119700.0,1.0,0.5,119700.0,59850.0,309.3,154.7,9279.1,6.45,325.0,300.0,231914.0,233111.0,master_workbook,2026-05-21_S3_S4_272f948e,
2026,2026-05-21,2026-05-21 13:27:00,2026-05-21 19:54:00,S3_S4,east,S4,119700.0,1.0,0.5,119700.0,59850.0,309.3,154.7,9279.1,6.45,325.0,300.0,231914.0,233111.0,master_workbook,2026-05-21_S3_S4_272f948e,
2026,2026-06-05,2026-06-05 14:19:00,2026-06-05 20:47:00,S3_S4,east,S3,107800.0,1.0,0.5,107800.0,53900.0,277.8,138.9,8335.1,6.4667,260.0,250.0,233112.0,234190.0,master_workbook,2026-06-05_S3_S4_f5beba0a,
2026,2026-06-05,2026-06-05 14:19:00,2026-06-05 20:47:00,S3_S4,east,S4,107800.0,1.0,0.5,107800.0,53900.0,277.8,138.9,8335.1,6.4667,260.0,250.0,233112.0,234190.0,master_workbook,2026-06-05_S3_S4_f5beba0a,
2026,2026-06-20,2026-06-20 08:00:00,2026-06-20 17:03:00,S1_S2,west,S1,262800.0,0.5,0.5,131400.0,65700.0,242.0,121.0,7259.7,9.05,425.0,500.0,234205.0,236833.0,master_workbook,2026-06-20_S1_S2_ba82572f,
2026,2026-06-20,2026-06-20 08:00:00,2026-06-20 17:03:00,S1_S2,west,S2,262800.0,0.5,0.5,131400.0,65700.0,242.0,121.0,7259.7,9.05,425.0,500.0,234205.0,236833.0,master_workbook,2026-06-20_S1_S2_ba82572f,
2026,2026-06-20,2026-06-20 08:00:00,2026-06-20 17:03:00,S3_S4,east,S3,262800.0,0.5,0.5,131400.0,65700.0,242.0,121.0,7259.7,9.05,425.0,500.0,234205.0,236833.0,master_workbook,2026-06-20_S3_S4_47159afc,
2026,2026-06-20,2026-06-20 08:00:00,2026-06-20 17:03:00,S3_S4,east,S4,262800.0,0.5,0.5,131400.0,65700.0,242.0,121.0,7259.7,9.05,425.0,500.0,234205.0,236833.0,master_workbook,2026-06-20_S3_S4_47159afc,
2026,2026-07-05,2026-07-05 11:24:00,2026-07-05 18:13:00,S3_S4,east,S3,113300.0,1.0,0.5,113300.0,56650.0,277.0,138.5,8310.5,6.8167,250.0,325.0,236835.0,237968.0,master_workbook,2026-07-05_S3_S4_b3db7964,"Repaired flow meter, due to a piece of gravel."
2026,2026-07-05,2026-07-05 11:24:00,2026-07-05 18:13:00,S3_S4,east,S4,113300.0,1.0,0.5,113300.0,56650.0,277.0,138.5,8310.5,6.8167,250.0,325.0,236835.0,237968.0,master_workbook,2026-07-05_S3_S4_b3db7964,"Repaired flow meter, due to a piece of gravel."
2026,2026-07-24,2026-07-24 08:25:00,2026-07-24 15:43:00,S1_S2,west,S1,136500.0,0.5,0.5,68250.0,34125.0,155.8,77.9,4674.7,7.3,275.0,350.0,237972.0,239337.0,master_workbook,2026-07-24_S1_S2_63eb5228,
2026,2026-07-24,2026-07-24 08:25:00,2026-07-24 15:43:00,S1_S2,west,S2,136500.0,0.5,0.5,68250.0,34125.0,155.8,77.9,4674.7,7.3,275.0,350.0,237972.0,239337.0,master_workbook,2026-07-24_S1_S2_63eb5228,
2026,2026-07-24,2026-07-24 08:25:00,2026-07-24 15:43:00,S3_S4,east,S3,136500.0,0.5,0.5,68250.0,34125.0,155.8,77.9,4674.7,7.3,275.0,350.0,237972.0,239337.0,master_workbook,2026-07-24_S3_S4_d28f9731,
2026,2026-07-24,2026-07-24 08:25:00,2026-07-24 15:43:00,S3_S4,east,S4,136500.0,0.5,0.5,68250.0,34125.0,155.8,77.9,4674.7,7.3,275.0,350.0,237972.0,239337.0,master_workbook,2026-07-24_S3_S4_d28f9731,
2026,2026-08-14,2026-08-14 10:25:00,2026-08-14 13:47:00,S1_S2,west,S1,85400.0,0.5,0.5,42700.0,21350.0,211.4,105.7,6341.6,3.3667,280.0,425.0,239338.0,240192.0,master_workbook,2026-08-14_S1_S2_72b4c1d7,Irrigated together after cutting and raking so we can spray broadleafs. Also received significant rain.
2026,2026-08-14,2026-08-14 10:25:00,2026-08-14 13:47:00,S1_S2,west,S2,85400.0,0.5,0.5,42700.0,21350.0,211.4,105.7,6341.6,3.3667,280.0,425.0,239338.0,240192.0,master_workbook,2026-08-14_S1_S2_72b4c1d7,Irrigated together after cutting and raking so we can spray broadleafs. Also received significant rain.
2026,2026-08-14,2026-08-14 10:25:00,2026-08-14 13:47:00,S3_S4,east,S3,85400.0,0.5,0.5,42700.0,21350.0,211.4,105.7,6341.6,3.3667,280.0,425.0,239338.0,240192.0,master_workbook,2026-08-14_S3_S4_1912adab,Irrigated together after cutting and raking so we can spray broadleafs. Also received significant rain.
2026,2026-08-14,2026-08-14 10:25:00,2026-08-14 13:47:00,S3_S4,east,S4,85400.0,0.5,0.5,42700.0,21350.0,211.4,105.7,6341.6,3.3667,280.0,425.0,239338.0,240192.0,master_workbook,2026-08-14_S3_S4_1912adab,Irrigated together after cutting and raking so we can spray broadleafs. Also received significant rain.
