Row,TimestampUTC,TimestampLocal,BattV_Min,VWC_1_Avg,EC_1_Avg,T_1_Avg,VWC_2_Avg,EC_2_Avg,T_2_Avg,VWC_3_Avg,EC_3_Avg,T_3_Avg
0,2025-08-25 08:30:00,2025-08-25 02:30:00-0600,13.574565887451172,0.14158667623996735,0.23483997583389282,22.459033966064453,0.1614733189344406,0.2999266982078552,23.493452072143555,0.3490133285522461,0.5901666879653931,23.43967628479004
1,2025-08-25 08:15:00,2025-08-25 02:15:00-0600,13.526718139648438,0.1415800154209137,0.23486000299453735,22.393016815185547,0.1614999771118164,0.2996533513069153,23.47171974182129,0.34872666001319885,0.5900866985321045,23.430492401123047
2,2025-08-25 08:00:00,2025-08-25 02:00:00-0600,13.480548858642578,0.14125999808311462,0.23454666137695312,22.352327346801758,0.16155332326889038,0.29940667748451233,23.434911727905273,0.3483133316040039,0.5899266600608826,23.43325424194336
3,2025-08-25 07:45:00,2025-08-25 01:45:00-0600,13.44697093963623,0.14086668193340302,0.23414000868797302,22.30851173400879,0.16131332516670227,0.29901331663131714,23.404348373413086,0.34827330708503723,0.5903133153915405,23.406574249267578
4,,,13.425146102905273,0.14091333746910095,0.2339800000190735,22.279367446899414,0.16083332896232605,0.29854002594947815,23.370487213134766,0.3482866585254669,0.5901400446891785,23.410614013671875
5,,,13.412553787231445,0.14090000092983246,0.23400664329528809,22.26215171813965,0.16088667511940002,0.2981800138950348,23.349124908447266,0.3482666611671448,0.5905800461769104,23.391460418701172
6,,,13.389888763427734,0.14087334275245667,0.23411330580711365,22.248228073120117,0.16092665493488312,0.29776668548583984,23.327999114990234,0.34826669096946716,0.5906199812889099,23.38153839111328
7,,,13.35966968536377,0.14092665910720825,0.23381999135017395,22.241092681884766,0.1607999950647354,0.2971533238887787,23.295772552490234,0.3481733202934265,0.5916200280189514,23.37029457092285
8,,,13.346238136291504,0.14086666703224182,0.23413333296775818,22.251874923706055,0.16025333106517792,0.2967333197593689,23.278486251831055,0.3481599986553192,0.591866672039032,23.365882873535156
9,,,13.326091766357422,0.1408199965953827,0.23455998301506042,22.265439987182617,0.1603066772222519,0.29630663990974426,23.238035202026367,0.3481200337409973,0.5924466252326965,23.346385955810547
10,,,13.317697525024414,0.14110665023326874,0.23469334840774536,22.299528121948242,0.16007332503795624,0.2956799864768982,23.22129249572754,0.3480733633041382,0.5928066372871399,23.334054946899414
11,,,13.289996147155762,0.14149999618530273,0.23535333573818207,22.334901809692383,0.159620001912117,0.2953599989414215,23.194814682006836,0.34804004430770874,0.5935133695602417,23.33424949645996
12,,,13.2908353805542,0.1414533257484436,0.23576666414737701,22.37175750732422,0.15970666706562042,0.2947666347026825,23.177160263061523,0.3480066955089569,0.5938800573348999,23.314180374145508
13,2025-08-25 08:15:00,2025-08-25 02:15:00-0600,13.574565887451172,0.14158667623996735,0.23483997583389282,22.459033966064453,0.1614733189344406,0.2999266982078552,23.493452072143555,0.3490133285522461,0.5901666879653931,23.43967628479004
14,2025-08-25 08:00:00,2025-08-25 02:00:00-0600,13.526718139648438,0.1415800154209137,0.23486000299453735,22.393016815185547,0.1614999771118164,0.2996533513069153,23.47171974182129,0.34872666001319885,0.5900866985321045,23.430492401123047
15,2025-08-25 07:45:00,2025-08-25 01:45:00-0600,13.480548858642578,0.14125999808311462,0.23454666137695312,22.352327346801758,0.16155332326889038,0.29940667748451233,23.434911727905273,0.3483133316040039,0.5899266600608826,23.43325424194336
16,2025-08-25 07:30:00,2025-08-25 01:30:00-0600,13.44697093963623,0.14086668193340302,0.23414000868797302,22.30851173400879,0.16131332516670227,0.29901331663131714,23.404348373413086,0.34827330708503723,0.5903133153915405,23.406574249267578
17,2025-08-25 08:00:00,2025-08-25 02:00:00-0600,13.574565887451172,0.14158667623996735,0.23483997583389282,22.459033966064453,0.1614733189344406,0.2999266982078552,23.493452072143555,0.3490133285522461,0.5901666879653931,23.43967628479004
18,2025-08-25 07:45:00,2025-08-25 01:45:00-0600,13.526718139648438,0.1415800154209137,0.23486000299453735,22.393016815185547,0.1614999771118164,0.2996533513069153,23.47171974182129,0.34872666001319885,0.5900866985321045,23.430492401123047
19,2025-08-25 07:30:00,2025-08-25 01:30:00-0600,13.480548858642578,0.14125999808311462,0.23454666137695312,22.352327346801758,0.16155332326889038,0.29940667748451233,23.434911727905273,0.3483133316040039,0.5899266600608826,23.43325424194336
20,2025-08-25 07:45:00,2025-08-25 01:45:00-0600,13.574565887451172,0.14158667623996735,0.23483997583389282,22.459033966064453,0.1614733189344406,0.2999266982078552,23.493452072143555,0.3490133285522461,0.5901666879653931,23.43967628479004
21,2025-08-25 07:30:00,2025-08-25 01:30:00-0600,13.526718139648438,0.1415800154209137,0.23486000299453735,22.393016815185547,0.1614999771118164,0.2996533513069153,23.47171974182129,0.34872666001319885,0.5900866985321045,23.430492401123047
22,2025-08-25 07:15:00,2025-08-25 01:15:00-0600,13.480548858642578,0.14125999808311462,0.23454666137695312,22.352327346801758,0.16155332326889038,0.29940667748451233,23.434911727905273,0.3483133316040039,0.5899266600608826,23.43325424194336
23,2025-08-25 07:00:00,2025-08-25 01:00:00-0600,13.44697093963623,0.14086668193340302,0.23414000868797302,22.30851173400879,0.16131332516670227,0.29901331663131714,23.404348373413086,0.34827330708503723,0.5903133153915405,23.406574249267578
24,2025-08-25 07:30:00,2025-08-25 01:30:00-0600,13.574565887451172,0.14158667623996735,0.23483997583389282,22.459033966064453,0.1614733189344406,0.2999266982078552,23.493452072143555,0.3490133285522461,0.5901666879653931,23.43967628479004
25,2025-08-25 07:15:00,2025-08-25 01:15:00-0600,13.526718139648438,0.1415800154209137,0.23486000299453735,22.393016815185547,0.1614999771118164,0.2996533513069153,23.47171974182129,0.34872666001319885,0.5900866985321045,23.430492401123047
26,2025-08-25 07:00:00,2025-08-25 01:00:00-0600,13.480548858642578,0.14125999808311462,0.23454666137695312,22.352327346801758,0.16155332326889038,0.29940667748451233,23.434911727905273,0.3483133316040039,0.5899266600608826,23.43325424194336
27,2025-08-25 06:45:00,2025-08-25 00:45:00-0600,13.44697093963623,0.14086668193340302,0.23414000868797302,22.30851173400879,0.16131332516670227,0.29901331663131714,23.404348373413086,0.34827330708503723,0.5903133153915405,23.406574249267578
28,2025-08-25 07:15:00,2025-08-25 01:15:00-0600,13.574565887451172,0.14158667623996735,0.23483997583389282,22.459033966064453,0.1614733189344406,0.2999266982078552,23.493452072143555,0.3490133285522461,0.5901666879653931,23.43967628479004
29,2025-08-25 07:00:00,2025-08-25 01:00:00-0600,13.526718139648438,0.1415800154209137,0.23486000299453735,22.393016815185547,0.1614999771118164,0.2996533513069153,23.47171974182129,0.34872666001319885,0.5900866985321045,23.430492401123047
30,2025-08-25 06:45:00,2025-08-25 00:45:00-0600,13.480548858642578,0.14125999808311462,0.23454666137695312,22.352327346801758,0.16155332326889038,0.29940667748451233,23.434911727905273,0.3483133316040039,0.5899266600608826,23.43325424194336
31,2025-08-25 06:30:00,2025-08-25 00:30:00-0600,13.44697093963623,0.14086668193340302,0.23414000868797302,22.30851173400879,0.16131332516670227,0.29901331663131714,23.404348373413086,0.34827330708503723,0.5903133153915405,23.406574249267578
32,2025-08-25 07:00:00,2025-08-25 01:00:00-0600,13.574565887451172,0.14158667623996735,0.23483997583389282,22.459033966064453,0.1614733189344406,0.2999266982078552,23.493452072143555,0.3490133285522461,0.5901666879653931,23.43967628479004
33,2025-08-25 06:45:00,2025-08-25 00:45:00-0600,13.526718139648438,0.1415800154209137,0.23486000299453735,22.393016815185547,0.1614999771118164,0.2996533513069153,23.47171974182129,0.34872666001319885,0.5900866985321045,23.430492401123047
34,2025-08-25 06:30:00,2025-08-25 00:30:00-0600,13.480548858642578,0.14125999808311462,0.23454666137695312,22.352327346801758,0.16155332326889038,0.29940667748451233,23.434911727905273,0.3483133316040039,0.5899266600608826,23.43325424194336
35,2025-08-25 06:15:00,2025-08-25 00:15:00-0600,13.44697093963623,0.14086668193340302,0.23414000868797302,22.30851173400879,0.16131332516670227,0.29901331663131714,23.404348373413086,0.34827330708503723,0.5903133153915405,23.406574249267578
36,2025-08-25 06:45:00,2025-08-25 00:45:00-0600,13.574565887451172,0.14158667623996735,0.23483997583389282,22.459033966064453,0.1614733189344406,0.2999266982078552,23.493452072143555,0.3490133285522461,0.5901666879653931,23.43967628479004
37,2025-08-25 06:30:00,2025-08-25 00:30:00-0600,13.526718139648438,0.1415800154209137,0.23486000299453735,22.393016815185547,0.1614999771118164,0.2996533513069153,23.47171974182129,0.34872666001319885,0.5900866985321045,23.430492401123047
38,2025-08-25 06:15:00,2025-08-25 00:15:00-0600,13.480548858642578,0.14125999808311462,0.23454666137695312,22.352327346801758,0.16155332326889038,0.29940667748451233,23.434911727905273,0.3483133316040039,0.5899266600608826,23.43325424194336
39,2025-08-25 06:15:00,2025-08-25 00:15:00-0600,13.425146102905273,0.14091333746910095,0.2339800000190735,22.279367446899414,0.16083332896232605,0.29854002594947815,23.370487213134766,0.3482866585254669,0.5901400446891785,23.410614013671875
40,2025-08-25 06:00:00,2025-08-25 00:00:00-0600,13.412553787231445,0.14090000092983246,0.23400664329528809,22.26215171813965,0.16088667511940002,0.2981800138950348,23.349124908447266,0.3482666611671448,0.5905800461769104,23.391460418701172
41,2025-08-25 05:45:00,2025-08-24 23:45:00-0600,13.389888763427734,0.14087334275245667,0.23411330580711365,22.248228073120117,0.16092665493488312,0.29776668548583984,23.327999114990234,0.34826669096946716,0.5906199812889099,23.38153839111328
42,,,13.574565887451172,0.14158667623996735,0.23483997583389282,22.459033966064453,0.1614733189344406,0.2999266982078552,23.493452072143555,0.3490133285522461,0.5901666879653931,23.43967628479004
43,,,13.526718139648438,0.1415800154209137,0.23486000299453735,22.393016815185547,0.1614999771118164,0.2996533513069153,23.47171974182129,0.34872666001319885,0.5900866985321045,23.430492401123047
44,,,13.480548858642578,0.14125999808311462,0.23454666137695312,22.352327346801758,0.16155332326889038,0.29940667748451233,23.434911727905273,0.3483133316040039,0.5899266600608826,23.43325424194336
45,,,13.44697093963623,0.14086668193340302,0.23414000868797302,22.30851173400879,0.16131332516670227,0.29901331663131714,23.404348373413086,0.34827330708503723,0.5903133153915405,23.406574249267578
46,2025-08-25 06:15:00,2025-08-25 00:15:00-0600,13.574565887451172,0.14158667623996735,0.23483997583389282,22.459033966064453,0.1614733189344406,0.2999266982078552,23.493452072143555,0.3490133285522461,0.5901666879653931,23.43967628479004
47,2025-08-25 06:00:00,2025-08-25 00:00:00-0600,13.526718139648438,0.1415800154209137,0.23486000299453735,22.393016815185547,0.1614999771118164,0.2996533513069153,23.47171974182129,0.34872666001319885,0.5900866985321045,23.430492401123047
48,2025-08-25 05:45:00,2025-08-24 23:45:00-0600,13.480548858642578,0.14125999808311462,0.23454666137695312,22.352327346801758,0.16155332326889038,0.29940667748451233,23.434911727905273,0.3483133316040039,0.5899266600608826,23.43325424194336
49,2025-08-25 05:30:00,2025-08-24 23:30:00-0600,13.44697093963623,0.14086668193340302,0.23414000868797302,22.30851173400879,0.16131332516670227,0.29901331663131714,23.404348373413086,0.34827330708503723,0.5903133153915405,23.406574249267578
50,2025-08-25 06:00:00,2025-08-25 00:00:00-0600,13.574565887451172,0.14158667623996735,0.23483997583389282,22.459033966064453,0.1614733189344406,0.2999266982078552,23.493452072143555,0.3490133285522461,0.5901666879653931,23.43967628479004
51,2025-08-25 05:45:00,2025-08-24 23:45:00-0600,13.526718139648438,0.1415800154209137,0.23486000299453735,22.393016815185547,0.1614999771118164,0.2996533513069153,23.47171974182129,0.34872666001319885,0.5900866985321045,23.430492401123047
52,2025-08-25 05:30:00,2025-08-24 23:30:00-0600,13.480548858642578,0.14125999808311462,0.23454666137695312,22.352327346801758,0.16155332326889038,0.29940667748451233,23.434911727905273,0.3483133316040039,0.5899266600608826,23.43325424194336
53,2025-08-25 05:15:00,2025-08-24 23:15:00-0600,13.44697093963623,0.14086668193340302,0.23414000868797302,22.30851173400879,0.16131332516670227,0.29901331663131714,23.404348373413086,0.34827330708503723,0.5903133153915405,23.406574249267578
54,2025-08-25 05:45:00,2025-08-24 23:45:00-0600,13.574565887451172,0.14158667623996735,0.23483997583389282,22.459033966064453,0.1614733189344406,0.2999266982078552,23.493452072143555,0.3490133285522461,0.5901666879653931,23.43967628479004
55,2025-08-25 05:30:00,2025-08-24 23:30:00-0600,13.526718139648438,0.1415800154209137,0.23486000299453735,22.393016815185547,0.1614999771118164,0.2996533513069153,23.47171974182129,0.34872666001319885,0.5900866985321045,23.430492401123047
56,2025-08-25 05:15:00,2025-08-24 23:15:00-0600,13.480548858642578,0.14125999808311462,0.23454666137695312,22.352327346801758,0.16155332326889038,0.29940667748451233,23.434911727905273,0.3483133316040039,0.5899266600608826,23.43325424194336
57,2025-08-25 05:30:00,2025-08-24 23:30:00-0600,13.574565887451172,0.14158667623996735,0.23483997583389282,22.459033966064453,0.1614733189344406,0.2999266982078552,23.493452072143555,0.3490133285522461,0.5901666879653931,23.43967628479004
58,2025-08-25 05:15:00,2025-08-24 23:15:00-0600,13.526718139648438,0.1415800154209137,0.23486000299453735,22.393016815185547,0.1614999771118164,0.2996533513069153,23.47171974182129,0.34872666001319885,0.5900866985321045,23.430492401123047
59,2025-08-25 05:00:00,2025-08-24 23:00:00-0600,13.480548858642578,0.14125999808311462,0.23454666137695312,22.352327346801758,0.16155332326889038,0.29940667748451233,23.434911727905273,0.3483133316040039,0.5899266600608826,23.43325424194336
60,2025-08-25 04:45:00,2025-08-24 22:45:00-0600,13.44697093963623,0.14086668193340302,0.23414000868797302,22.30851173400879,0.16131332516670227,0.29901331663131714,23.404348373413086,0.34827330708503723,0.5903133153915405,23.406574249267578
61,2025-08-25 05:15:00,2025-08-24 23:15:00-0600,13.574565887451172,0.14158667623996735,0.23483997583389282,22.459033966064453,0.1614733189344406,0.2999266982078552,23.493452072143555,0.3490133285522461,0.5901666879653931,23.43967628479004
62,2025-08-25 05:00:00,2025-08-24 23:00:00-0600,13.526718139648438,0.1415800154209137,0.23486000299453735,22.393016815185547,0.1614999771118164,0.2996533513069153,23.47171974182129,0.34872666001319885,0.5900866985321045,23.430492401123047
63,2025-08-25 04:45:00,2025-08-24 22:45:00-0600,13.480548858642578,0.14125999808311462,0.23454666137695312,22.352327346801758,0.16155332326889038,0.29940667748451233,23.434911727905273,0.3483133316040039,0.5899266600608826,23.43325424194336
64,2025-08-25 04:30:00,2025-08-24 22:30:00-0600,13.44697093963623,0.14086668193340302,0.23414000868797302,22.30851173400879,0.16131332516670227,0.29901331663131714,23.404348373413086,0.34827330708503723,0.5903133153915405,23.406574249267578
65,2025-08-25 05:00:00,2025-08-24 23:00:00-0600,13.574565887451172,0.14158667623996735,0.23483997583389282,22.459033966064453,0.1614733189344406,0.2999266982078552,23.493452072143555,0.3490133285522461,0.5901666879653931,23.43967628479004
66,2025-08-25 04:45:00,2025-08-24 22:45:00-0600,13.526718139648438,0.1415800154209137,0.23486000299453735,22.393016815185547,0.1614999771118164,0.2996533513069153,23.47171974182129,0.34872666001319885,0.5900866985321045,23.430492401123047
67,2025-08-25 04:30:00,2025-08-24 22:30:00-0600,13.480548858642578,0.14125999808311462,0.23454666137695312,22.352327346801758,0.16155332326889038,0.29940667748451233,23.434911727905273,0.3483133316040039,0.5899266600608826,23.43325424194336
68,2025-08-25 04:15:00,2025-08-24 22:15:00-0600,13.44697093963623,0.14086668193340302,0.23414000868797302,22.30851173400879,0.16131332516670227,0.29901331663131714,23.404348373413086,0.34827330708503723,0.5903133153915405,23.406574249267578
69,2025-08-25 04:45:00,2025-08-24 22:45:00-0600,13.574565887451172,0.14158667623996735,0.23483997583389282,22.459033966064453,0.1614733189344406,0.2999266982078552,23.493452072143555,0.3490133285522461,0.5901666879653931,23.43967628479004
70,2025-08-25 04:30:00,2025-08-24 22:30:00-0600,13.526718139648438,0.1415800154209137,0.23486000299453735,22.393016815185547,0.1614999771118164,0.2996533513069153,23.47171974182129,0.34872666001319885,0.5900866985321045,23.430492401123047
71,2025-08-25 04:15:00,2025-08-24 22:15:00-0600,13.480548858642578,0.14125999808311462,0.23454666137695312,22.352327346801758,0.16155332326889038,0.29940667748451233,23.434911727905273,0.3483133316040039,0.5899266600608826,23.43325424194336
72,2025-08-25 04:00:00,2025-08-24 22:00:00-0600,13.44697093963623,0.14086668193340302,0.23414000868797302,22.30851173400879,0.16131332516670227,0.29901331663131714,23.404348373413086,0.34827330708503723,0.5903133153915405,23.406574249267578
73,2025-08-25 04:30:00,2025-08-24 22:30:00-0600,13.574565887451172,0.14158667623996735,0.23483997583389282,22.459033966064453,0.1614733189344406,0.2999266982078552,23.493452072143555,0.3490133285522461,0.5901666879653931,23.43967628479004
74,2025-08-25 04:15:00,2025-08-24 22:15:00-0600,13.526718139648438,0.1415800154209137,0.23486000299453735,22.393016815185547,0.1614999771118164,0.2996533513069153,23.47171974182129,0.34872666001319885,0.5900866985321045,23.430492401123047
75,2025-08-25 04:00:00,2025-08-24 22:00:00-0600,13.480548858642578,0.14125999808311462,0.23454666137695312,22.352327346801758,0.16155332326889038,0.29940667748451233,23.434911727905273,0.3483133316040039,0.5899266600608826,23.43325424194336
76,2025-08-25 03:45:00,2025-08-24 21:45:00-0600,13.44697093963623,0.14086668193340302,0.23414000868797302,22.30851173400879,0.16131332516670227,0.29901331663131714,23.404348373413086,0.34827330708503723,0.5903133153915405,23.406574249267578
77,2025-08-25 04:15:00,2025-08-24 22:15:00-0600,13.574565887451172,0.14158667623996735,0.23483997583389282,22.459033966064453,0.1614733189344406,0.2999266982078552,23.493452072143555,0.3490133285522461,0.5901666879653931,23.43967628479004
78,2025-08-25 04:00:00,2025-08-24 22:00:00-0600,13.526718139648438,0.1415800154209137,0.23486000299453735,22.393016815185547,0.1614999771118164,0.2996533513069153,23.47171974182129,0.34872666001319885,0.5900866985321045,23.430492401123047
79,2025-08-25 03:45:00,2025-08-24 21:45:00-0600,13.480548858642578,0.14125999808311462,0.23454666137695312,22.352327346801758,0.16155332326889038,0.29940667748451233,23.434911727905273,0.3483133316040039,0.5899266600608826,23.43325424194336
80,2025-08-25 03:30:00,2025-08-24 21:30:00-0600,13.44697093963623,0.14086668193340302,0.23414000868797302,22.30851173400879,0.16131332516670227,0.29901331663131714,23.404348373413086,0.34827330708503723,0.5903133153915405,23.406574249267578
81,2025-08-25 04:00:00,2025-08-24 22:00:00-0600,13.574565887451172,0.14158667623996735,0.23483997583389282,22.459033966064453,0.1614733189344406,0.2999266982078552,23.493452072143555,0.3490133285522461,0.5901666879653931,23.43967628479004
82,2025-08-25 03:45:00,2025-08-24 21:45:00-0600,13.526718139648438,0.1415800154209137,0.23486000299453735,22.393016815185547,0.1614999771118164,0.2996533513069153,23.47171974182129,0.34872666001319885,0.5900866985321045,23.430492401123047
83,2025-08-25 03:30:00,2025-08-24 21:30:00-0600,13.480548858642578,0.14125999808311462,0.23454666137695312,22.352327346801758,0.16155332326889038,0.29940667748451233,23.434911727905273,0.3483133316040039,0.5899266600608826,23.43325424194336
84,2025-08-25 03:45:00,2025-08-24 21:45:00-0600,13.574565887451172,0.14158667623996735,0.23483997583389282,22.459033966064453,0.1614733189344406,0.2999266982078552,23.493452072143555,0.3490133285522461,0.5901666879653931,23.43967628479004
85,2025-08-25 03:30:00,2025-08-24 21:30:00-0600,13.526718139648438,0.1415800154209137,0.23486000299453735,22.393016815185547,0.1614999771118164,0.2996533513069153,23.47171974182129,0.34872666001319885,0.5900866985321045,23.430492401123047
86,2025-08-25 03:15:00,2025-08-24 21:15:00-0600,13.480548858642578,0.14125999808311462,0.23454666137695312,22.352327346801758,0.16155332326889038,0.29940667748451233,23.434911727905273,0.3483133316040039,0.5899266600608826,23.43325424194336
87,2025-08-25 03:00:00,2025-08-24 21:00:00-0600,13.44697093963623,0.14086668193340302,0.23414000868797302,22.30851173400879,0.16131332516670227,0.29901331663131714,23.404348373413086,0.34827330708503723,0.5903133153915405,23.406574249267578
88,2025-08-25 03:30:00,2025-08-24 21:30:00-0600,13.574565887451172,0.14158667623996735,0.23483997583389282,22.459033966064453,0.1614733189344406,0.2999266982078552,23.493452072143555,0.3490133285522461,0.5901666879653931,23.43967628479004
89,2025-08-25 03:15:00,2025-08-24 21:15:00-0600,13.526718139648438,0.1415800154209137,0.23486000299453735,22.393016815185547,0.1614999771118164,0.2996533513069153,23.47171974182129,0.34872666001319885,0.5900866985321045,23.430492401123047
90,2025-08-25 03:00:00,2025-08-24 21:00:00-0600,13.480548858642578,0.14125999808311462,0.23454666137695312,22.352327346801758,0.16155332326889038,0.29940667748451233,23.434911727905273,0.3483133316040039,0.5899266600608826,23.43325424194336
91,2025-08-25 02:45:00,2025-08-24 20:45:00-0600,13.44697093963623,0.14086668193340302,0.23414000868797302,22.30851173400879,0.16131332516670227,0.29901331663131714,23.404348373413086,0.34827330708503723,0.5903133153915405,23.406574249267578
92,2025-08-25 03:15:00,2025-08-24 21:15:00-0600,13.574565887451172,0.14158667623996735,0.23483997583389282,22.459033966064453,0.1614733189344406,0.2999266982078552,23.493452072143555,0.3490133285522461,0.5901666879653931,23.43967628479004
93,2025-08-25 03:00:00,2025-08-24 21:00:00-0600,13.526718139648438,0.1415800154209137,0.23486000299453735,22.393016815185547,0.1614999771118164,0.2996533513069153,23.47171974182129,0.34872666001319885,0.5900866985321045,23.430492401123047
94,2025-08-25 02:45:00,2025-08-24 20:45:00-0600,13.480548858642578,0.14125999808311462,0.23454666137695312,22.352327346801758,0.16155332326889038,0.29940667748451233,23.434911727905273,0.3483133316040039,0.5899266600608826,23.43325424194336
95,2025-08-25 02:30:00,2025-08-24 20:30:00-0600,13.44697093963623,0.14086668193340302,0.23414000868797302,22.30851173400879,0.16131332516670227,0.29901331663131714,23.404348373413086,0.34827330708503723,0.5903133153915405,23.406574249267578
96,2025-08-25 03:00:00,2025-08-24 21:00:00-0600,13.574565887451172,0.14158667623996735,0.23483997583389282,22.459033966064453,0.1614733189344406,0.2999266982078552,23.493452072143555,0.3490133285522461,0.5901666879653931,23.43967628479004
97,2025-08-25 02:45:00,2025-08-24 20:45:00-0600,13.526718139648438,0.1415800154209137,0.23486000299453735,22.393016815185547,0.1614999771118164,0.2996533513069153,23.47171974182129,0.34872666001319885,0.5900866985321045,23.430492401123047
98,2025-08-25 02:30:00,2025-08-24 20:30:00-0600,13.480548858642578,0.14125999808311462,0.23454666137695312,22.352327346801758,0.16155332326889038,0.29940667748451233,23.434911727905273,0.3483133316040039,0.5899266600608826,23.43325424194336
99,2025-08-25 02:15:00,2025-08-24 20:15:00-0600,13.44697093963623,0.14086668193340302,0.23414000868797302,22.30851173400879,0.16131332516670227,0.29901331663131714,23.404348373413086,0.34827330708503723,0.5903133153915405,23.406574249267578
100,2025-08-25 02:45:00,2025-08-24 20:45:00-0600,13.574565887451172,0.14158667623996735,0.23483997583389282,22.459033966064453,0.1614733189344406,0.2999266982078552,23.493452072143555,0.3490133285522461,0.5901666879653931,23.43967628479004
101,2025-08-25 02:30:00,2025-08-24 20:30:00-0600,13.526718139648438,0.1415800154209137,0.23486000299453735,22.393016815185547,0.1614999771118164,0.2996533513069153,23.47171974182129,0.34872666001319885,0.5900866985321045,23.430492401123047
102,2025-08-25 02:15:00,2025-08-24 20:15:00-0600,13.480548858642578,0.14125999808311462,0.23454666137695312,22.352327346801758,0.16155332326889038,0.29940667748451233,23.434911727905273,0.3483133316040039,0.5899266600608826,23.43325424194336
103,2025-08-25 02:00:00,2025-08-24 20:00:00-0600,13.44697093963623,0.14086668193340302,0.23414000868797302,22.30851173400879,0.16131332516670227,0.29901331663131714,23.404348373413086,0.34827330708503723,0.5903133153915405,23.406574249267578
104,2025-08-25 02:30:00,2025-08-24 20:30:00-0600,13.574565887451172,0.14158667623996735,0.23483997583389282,22.459033966064453,0.1614733189344406,0.2999266982078552,23.493452072143555,0.3490133285522461,0.5901666879653931,23.43967628479004
105,2025-08-25 02:15:00,2025-08-24 20:15:00-0600,13.526718139648438,0.1415800154209137,0.23486000299453735,22.393016815185547,0.1614999771118164,0.2996533513069153,23.47171974182129,0.34872666001319885,0.5900866985321045,23.430492401123047
106,2025-08-25 02:00:00,2025-08-24 20:00:00-0600,13.480548858642578,0.14125999808311462,0.23454666137695312,22.352327346801758,0.16155332326889038,0.29940667748451233,23.434911727905273,0.3483133316040039,0.5899266600608826,23.43325424194336
107,2025-08-25 01:45:00,2025-08-24 19:45:00-0600,13.44697093963623,0.14086668193340302,0.23414000868797302,22.30851173400879,0.16131332516670227,0.29901331663131714,23.404348373413086,0.34827330708503723,0.5903133153915405,23.406574249267578
108,2025-08-25 02:15:00,2025-08-24 20:15:00-0600,13.574565887451172,0.14158667623996735,0.23483997583389282,22.459033966064453,0.1614733189344406,0.2999266982078552,23.493452072143555,0.3490133285522461,0.5901666879653931,23.43967628479004
109,2025-08-25 02:00:00,2025-08-24 20:00:00-0600,13.526718139648438,0.1415800154209137,0.23486000299453735,22.393016815185547,0.1614999771118164,0.2996533513069153,23.47171974182129,0.34872666001319885,0.5900866985321045,23.430492401123047
110,2025-08-25 01:45:00,2025-08-24 19:45:00-0600,13.480548858642578,0.14125999808311462,0.23454666137695312,22.352327346801758,0.16155332326889038,0.29940667748451233,23.434911727905273,0.3483133316040039,0.5899266600608826,23.43325424194336
111,2025-08-25 01:30:00,2025-08-24 19:30:00-0600,13.44697093963623,0.14086668193340302,0.23414000868797302,22.30851173400879,0.16131332516670227,0.29901331663131714,23.404348373413086,0.34827330708503723,0.5903133153915405,23.406574249267578
112,2025-08-25 02:00:00,2025-08-24 20:00:00-0600,13.574565887451172,0.14158667623996735,0.23483997583389282,22.459033966064453,0.1614733189344406,0.2999266982078552,23.493452072143555,0.3490133285522461,0.5901666879653931,23.43967628479004
113,2025-08-25 01:45:00,2025-08-24 19:45:00-0600,13.526718139648438,0.1415800154209137,0.23486000299453735,22.393016815185547,0.1614999771118164,0.2996533513069153,23.47171974182129,0.34872666001319885,0.5900866985321045,23.430492401123047
114,2025-08-25 01:30:00,2025-08-24 19:30:00-0600,13.480548858642578,0.14125999808311462,0.23454666137695312,22.352327346801758,0.16155332326889038,0.29940667748451233,23.434911727905273,0.3483133316040039,0.5899266600608826,23.43325424194336
115,2025-08-25 01:15:00,2025-08-24 19:15:00-0600,13.44697093963623,0.14086668193340302,0.23414000868797302,22.30851173400879,0.16131332516670227,0.29901331663131714,23.404348373413086,0.34827330708503723,0.5903133153915405,23.406574249267578
116,2025-08-25 01:45:00,2025-08-24 19:45:00-0600,13.574565887451172,0.14158667623996735,0.23483997583389282,22.459033966064453,0.1614733189344406,0.2999266982078552,23.493452072143555,0.3490133285522461,0.5901666879653931,23.43967628479004
117,2025-08-25 01:30:00,2025-08-24 19:30:00-0600,13.526718139648438,0.1415800154209137,0.23486000299453735,22.393016815185547,0.1614999771118164,0.2996533513069153,23.47171974182129,0.34872666001319885,0.5900866985321045,23.430492401123047
118,2025-08-25 01:15:00,2025-08-24 19:15:00-0600,13.480548858642578,0.14125999808311462,0.23454666137695312,22.352327346801758,0.16155332326889038,0.29940667748451233,23.434911727905273,0.3483133316040039,0.5899266600608826,23.43325424194336
119,2025-08-25 01:00:00,2025-08-24 19:00:00-0600,13.44697093963623,0.14086668193340302,0.23414000868797302,22.30851173400879,0.16131332516670227,0.29901331663131714,23.404348373413086,0.34827330708503723,0.5903133153915405,23.406574249267578
120,2025-08-25 01:30:00,2025-08-24 19:30:00-0600,13.574565887451172,0.14158667623996735,0.23483997583389282,22.459033966064453,0.1614733189344406,0.2999266982078552,23.493452072143555,0.3490133285522461,0.5901666879653931,23.43967628479004
121,2025-08-25 01:15:00,2025-08-24 19:15:00-0600,13.526718139648438,0.1415800154209137,0.23486000299453735,22.393016815185547,0.1614999771118164,0.2996533513069153,23.47171974182129,0.34872666001319885,0.5900866985321045,23.430492401123047
122,2025-08-25 01:00:00,2025-08-24 19:00:00-0600,13.480548858642578,0.14125999808311462,0.23454666137695312,22.352327346801758,0.16155332326889038,0.29940667748451233,23.434911727905273,0.3483133316040039,0.5899266600608826,23.43325424194336
123,2025-08-25 00:45:00,2025-08-24 18:45:00-0600,13.44697093963623,0.14086668193340302,0.23414000868797302,22.30851173400879,0.16131332516670227,0.29901331663131714,23.404348373413086,0.34827330708503723,0.5903133153915405,23.406574249267578
124,2025-08-25 01:15:00,2025-08-24 19:15:00-0600,13.574565887451172,0.14158667623996735,0.23483997583389282,22.459033966064453,0.1614733189344406,0.2999266982078552,23.493452072143555,0.3490133285522461,0.5901666879653931,23.43967628479004
125,2025-08-25 01:00:00,2025-08-24 19:00:00-0600,13.526718139648438,0.1415800154209137,0.23486000299453735,22.393016815185547,0.1614999771118164,0.2996533513069153,23.47171974182129,0.34872666001319885,0.5900866985321045,23.430492401123047
126,2025-08-25 00:45:00,2025-08-24 18:45:00-0600,13.480548858642578,0.14125999808311462,0.23454666137695312,22.352327346801758,0.16155332326889038,0.29940667748451233,23.434911727905273,0.3483133316040039,0.5899266600608826,23.43325424194336
127,2025-08-25 00:30:00,2025-08-24 18:30:00-0600,13.44697093963623,0.14086668193340302,0.23414000868797302,22.30851173400879,0.16131332516670227,0.29901331663131714,23.404348373413086,0.34827330708503723,0.5903133153915405,23.406574249267578
128,2025-08-25 01:00:00,2025-08-24 19:00:00-0600,13.574565887451172,0.14158667623996735,0.23483997583389282,22.459033966064453,0.1614733189344406,0.2999266982078552,23.493452072143555,0.3490133285522461,0.5901666879653931,23.43967628479004
129,2025-08-25 00:45:00,2025-08-24 18:45:00-0600,13.526718139648438,0.1415800154209137,0.23486000299453735,22.393016815185547,0.1614999771118164,0.2996533513069153,23.47171974182129,0.34872666001319885,0.5900866985321045,23.430492401123047
130,2025-08-25 00:30:00,2025-08-24 18:30:00-0600,13.480548858642578,0.14125999808311462,0.23454666137695312,22.352327346801758,0.16155332326889038,0.29940667748451233,23.434911727905273,0.3483133316040039,0.5899266600608826,23.43325424194336
131,2025-08-25 00:15:00,2025-08-24 18:15:00-0600,13.44697093963623,0.14086668193340302,0.23414000868797302,22.30851173400879,0.16131332516670227,0.29901331663131714,23.404348373413086,0.34827330708503723,0.5903133153915405,23.406574249267578
132,2025-08-25 00:45:00,2025-08-24 18:45:00-0600,13.574565887451172,0.14158667623996735,0.23483997583389282,22.459033966064453,0.1614733189344406,0.2999266982078552,23.493452072143555,0.3490133285522461,0.5901666879653931,23.43967628479004
133,2025-08-25 00:30:00,2025-08-24 18:30:00-0600,13.526718139648438,0.1415800154209137,0.23486000299453735,22.393016815185547,0.1614999771118164,0.2996533513069153,23.47171974182129,0.34872666001319885,0.5900866985321045,23.430492401123047
134,2025-08-25 00:15:00,2025-08-24 18:15:00-0600,13.480548858642578,0.14125999808311462,0.23454666137695312,22.352327346801758,0.16155332326889038,0.29940667748451233,23.434911727905273,0.3483133316040039,0.5899266600608826,23.43325424194336
135,2025-08-25 00:00:00,2025-08-24 18:00:00-0600,13.44697093963623,0.14086668193340302,0.23414000868797302,22.30851173400879,0.16131332516670227,0.29901331663131714,23.404348373413086,0.34827330708503723,0.5903133153915405,23.406574249267578
136,2025-08-25 00:30:00,2025-08-24 18:30:00-0600,13.574565887451172,0.14158667623996735,0.23483997583389282,22.459033966064453,0.1614733189344406,0.2999266982078552,23.493452072143555,0.3490133285522461,0.5901666879653931,23.43967628479004
137,2025-08-25 00:15:00,2025-08-24 18:15:00-0600,13.526718139648438,0.1415800154209137,0.23486000299453735,22.393016815185547,0.1614999771118164,0.2996533513069153,23.47171974182129,0.34872666001319885,0.5900866985321045,23.430492401123047
138,2025-08-25 00:00:00,2025-08-24 18:00:00-0600,13.480548858642578,0.14125999808311462,0.23454666137695312,22.352327346801758,0.16155332326889038,0.29940667748451233,23.434911727905273,0.3483133316040039,0.5899266600608826,23.43325424194336
139,2025-08-25 00:15:00,2025-08-24 18:15:00-0600,13.574565887451172,0.14158667623996735,0.23483997583389282,22.459033966064453,0.1614733189344406,0.2999266982078552,23.493452072143555,0.3490133285522461,0.5901666879653931,23.43967628479004
140,2025-08-25 00:00:00,2025-08-24 18:00:00-0600,13.526718139648438,0.1415800154209137,0.23486000299453735,22.393016815185547,0.1614999771118164,0.2996533513069153,23.47171974182129,0.34872666001319885,0.5900866985321045,23.430492401123047
141,2025-08-24 23:45:00,2025-08-24 17:45:00-0600,13.480548858642578,0.14125999808311462,0.23454666137695312,22.352327346801758,0.16155332326889038,0.29940667748451233,23.434911727905273,0.3483133316040039,0.5899266600608826,23.43325424194336
142,2025-08-24 23:30:00,2025-08-24 17:30:00-0600,13.44697093963623,0.14086668193340302,0.23414000868797302,22.30851173400879,0.16131332516670227,0.29901331663131714,23.404348373413086,0.34827330708503723,0.5903133153915405,23.406574249267578
143,2025-08-25 00:00:00,2025-08-24 18:00:00-0600,13.574565887451172,0.14158667623996735,0.23483997583389282,22.459033966064453,0.1614733189344406,0.2999266982078552,23.493452072143555,0.3490133285522461,0.5901666879653931,23.43967628479004
144,2025-08-24 23:45:00,2025-08-24 17:45:00-0600,13.526718139648438,0.1415800154209137,0.23486000299453735,22.393016815185547,0.1614999771118164,0.2996533513069153,23.47171974182129,0.34872666001319885,0.5900866985321045,23.430492401123047
145,2025-08-24 23:30:00,2025-08-24 17:30:00-0600,13.480548858642578,0.14125999808311462,0.23454666137695312,22.352327346801758,0.16155332326889038,0.29940667748451233,23.434911727905273,0.3483133316040039,0.5899266600608826,23.43325424194336
146,2025-08-24 23:15:00,2025-08-24 17:15:00-0600,13.44697093963623,0.14086668193340302,0.23414000868797302,22.30851173400879,0.16131332516670227,0.29901331663131714,23.404348373413086,0.34827330708503723,0.5903133153915405,23.406574249267578
147,2025-08-24 23:45:00,2025-08-24 17:45:00-0600,13.574565887451172,0.14158667623996735,0.23483997583389282,22.459033966064453,0.1614733189344406,0.2999266982078552,23.493452072143555,0.3490133285522461,0.5901666879653931,23.43967628479004
148,2025-08-24 23:30:00,2025-08-24 17:30:00-0600,13.526718139648438,0.1415800154209137,0.23486000299453735,22.393016815185547,0.1614999771118164,0.2996533513069153,23.47171974182129,0.34872666001319885,0.5900866985321045,23.430492401123047
149,2025-08-24 23:15:00,2025-08-24 17:15:00-0600,13.480548858642578,0.14125999808311462,0.23454666137695312,22.352327346801758,0.16155332326889038,0.29940667748451233,23.434911727905273,0.3483133316040039,0.5899266600608826,23.43325424194336
150,2025-08-24 23:00:00,2025-08-24 17:00:00-0600,13.44697093963623,0.14086668193340302,0.23414000868797302,22.30851173400879,0.16131332516670227,0.29901331663131714,23.404348373413086,0.34827330708503723,0.5903133153915405,23.406574249267578
151,2025-08-24 23:30:00,2025-08-24 17:30:00-0600,13.574565887451172,0.14158667623996735,0.23483997583389282,22.459033966064453,0.1614733189344406,0.2999266982078552,23.493452072143555,0.3490133285522461,0.5901666879653931,23.43967628479004
152,2025-08-24 23:15:00,2025-08-24 17:15:00-0600,13.526718139648438,0.1415800154209137,0.23486000299453735,22.393016815185547,0.1614999771118164,0.2996533513069153,23.47171974182129,0.34872666001319885,0.5900866985321045,23.430492401123047
153,2025-08-24 23:00:00,2025-08-24 17:00:00-0600,13.480548858642578,0.14125999808311462,0.23454666137695312,22.352327346801758,0.16155332326889038,0.29940667748451233,23.434911727905273,0.3483133316040039,0.5899266600608826,23.43325424194336
154,2025-08-24 22:45:00,2025-08-24 16:45:00-0600,13.44697093963623,0.14086668193340302,0.23414000868797302,22.30851173400879,0.16131332516670227,0.29901331663131714,23.404348373413086,0.34827330708503723,0.5903133153915405,23.406574249267578
155,2025-08-24 23:15:00,2025-08-24 17:15:00-0600,13.574565887451172,0.14158667623996735,0.23483997583389282,22.459033966064453,0.1614733189344406,0.2999266982078552,23.493452072143555,0.3490133285522461,0.5901666879653931,23.43967628479004
156,2025-08-24 23:00:00,2025-08-24 17:00:00-0600,13.526718139648438,0.1415800154209137,0.23486000299453735,22.393016815185547,0.1614999771118164,0.2996533513069153,23.47171974182129,0.34872666001319885,0.5900866985321045,23.430492401123047
157,2025-08-24 22:45:00,2025-08-24 16:45:00-0600,13.480548858642578,0.14125999808311462,0.23454666137695312,22.352327346801758,0.16155332326889038,0.29940667748451233,23.434911727905273,0.3483133316040039,0.5899266600608826,23.43325424194336
158,2025-08-24 22:30:00,2025-08-24 16:30:00-0600,13.44697093963623,0.14086668193340302,0.23414000868797302,22.30851173400879,0.16131332516670227,0.29901331663131714,23.404348373413086,0.34827330708503723,0.5903133153915405,23.406574249267578
159,2025-08-24 23:00:00,2025-08-24 17:00:00-0600,13.574565887451172,0.14158667623996735,0.23483997583389282,22.459033966064453,0.1614733189344406,0.2999266982078552,23.493452072143555,0.3490133285522461,0.5901666879653931,23.43967628479004
160,2025-08-24 22:45:00,2025-08-24 16:45:00-0600,13.526718139648438,0.1415800154209137,0.23486000299453735,22.393016815185547,0.1614999771118164,0.2996533513069153,23.47171974182129,0.34872666001319885,0.5900866985321045,23.430492401123047
161,2025-08-24 22:30:00,2025-08-24 16:30:00-0600,13.480548858642578,0.14125999808311462,0.23454666137695312,22.352327346801758,0.16155332326889038,0.29940667748451233,23.434911727905273,0.3483133316040039,0.5899266600608826,23.43325424194336
162,2025-08-24 22:15:00,2025-08-24 16:15:00-0600,13.44697093963623,0.14086668193340302,0.23414000868797302,22.30851173400879,0.16131332516670227,0.29901331663131714,23.404348373413086,0.34827330708503723,0.5903133153915405,23.406574249267578
163,2025-08-24 22:45:00,2025-08-24 16:45:00-0600,13.574565887451172,0.14158667623996735,0.23483997583389282,22.459033966064453,0.1614733189344406,0.2999266982078552,23.493452072143555,0.3490133285522461,0.5901666879653931,23.43967628479004
164,2025-08-24 22:30:00,2025-08-24 16:30:00-0600,13.526718139648438,0.1415800154209137,0.23486000299453735,22.393016815185547,0.1614999771118164,0.2996533513069153,23.47171974182129,0.34872666001319885,0.5900866985321045,23.430492401123047
165,2025-08-24 22:15:00,2025-08-24 16:15:00-0600,13.480548858642578,0.14125999808311462,0.23454666137695312,22.352327346801758,0.16155332326889038,0.29940667748451233,23.434911727905273,0.3483133316040039,0.5899266600608826,23.43325424194336
166,2025-08-24 22:00:00,2025-08-24 16:00:00-0600,13.44697093963623,0.14086668193340302,0.23414000868797302,22.30851173400879,0.16131332516670227,0.29901331663131714,23.404348373413086,0.34827330708503723,0.5903133153915405,23.406574249267578
