timestamp,VWC_1_raw_S1_T_15min,EC_1_raw_S1_T_15min,T_1_raw_S1_T_15min,VWC_2_raw_S1_T_15min,EC_2_raw_S1_T_15min,T_2_raw_S1_T_15min,VWC_3_raw_S1_T_15min,EC_3_raw_S1_T_15min,T_3_raw_S1_T_15min,VWC_1_raw_S1_M_15min,EC_1_raw_S1_M_15min,T_1_raw_S1_M_15min,VWC_2_raw_S1_M_15min,EC_2_raw_S1_M_15min,T_2_raw_S1_M_15min,VWC_3_raw_S1_M_15min,EC_3_raw_S1_M_15min,T_3_raw_S1_M_15min,VWC_1_raw_S1_B_15min,EC_1_raw_S1_B_15min,T_1_raw_S1_B_15min,VWC_2_raw_S1_B_15min,EC_2_raw_S1_B_15min,T_2_raw_S1_B_15min,VWC_3_raw_S1_B_15min,EC_3_raw_S1_B_15min,T_3_raw_S1_B_15min,VWC_1_raw_S2_T_15min,EC_1_raw_S2_T_15min,T_1_raw_S2_T_15min,VWC_2_raw_S2_T_15min,EC_2_raw_S2_T_15min,T_2_raw_S2_T_15min,VWC_3_raw_S2_T_15min,EC_3_raw_S2_T_15min,T_3_raw_S2_T_15min,VWC_1_raw_S2_M_15min,EC_1_raw_S2_M_15min,T_1_raw_S2_M_15min,VWC_2_raw_S2_M_15min,EC_2_raw_S2_M_15min,T_2_raw_S2_M_15min,VWC_3_raw_S2_M_15min,EC_3_raw_S2_M_15min,T_3_raw_S2_M_15min,VWC_1_raw_S2_B_15min,EC_1_raw_S2_B_15min,T_1_raw_S2_B_15min,VWC_2_raw_S2_B_15min,EC_2_raw_S2_B_15min,T_2_raw_S2_B_15min,VWC_3_raw_S2_B_15min,EC_3_raw_S2_B_15min,T_3_raw_S2_B_15min,VWC_1_raw_S3_T_15min,EC_1_raw_S3_T_15min,T_1_raw_S3_T_15min,VWC_2_raw_S3_T_15min,EC_2_raw_S3_T_15min,T_2_raw_S3_T_15min,VWC_3_raw_S3_T_15min,EC_3_raw_S3_T_15min,T_3_raw_S3_T_15min,VWC_1_raw_S3_B_15min,EC_1_raw_S3_B_15min,T_1_raw_S3_B_15min,VWC_2_raw_S3_B_15min,EC_2_raw_S3_B_15min,T_2_raw_S3_B_15min,VWC_3_raw_S3_B_15min,EC_3_raw_S3_B_15min,T_3_raw_S3_B_15min,VWC_1_raw_S3_M_15min,EC_1_raw_S3_M_15min,T_1_raw_S3_M_15min,VWC_2_raw_S3_M_15min,EC_2_raw_S3_M_15min,T_2_raw_S3_M_15min,VWC_3_raw_S3_M_15min,EC_3_raw_S3_M_15min,T_3_raw_S3_M_15min,VWC_1_raw_S4_T_15min,EC_1_raw_S4_T_15min,T_1_raw_S4_T_15min,VWC_2_raw_S4_T_15min,EC_2_raw_S4_T_15min,T_2_raw_S4_T_15min,VWC_3_raw_S4_T_15min,EC_3_raw_S4_T_15min,T_3_raw_S4_T_15min,VWC_1_raw_S4_M_15min,EC_1_raw_S4_M_15min,T_1_raw_S4_M_15min,VWC_2_raw_S4_M_15min,EC_2_raw_S4_M_15min,T_2_raw_S4_M_15min,VWC_3_raw_S4_M_15min,EC_3_raw_S4_M_15min,T_3_raw_S4_M_15min,VWC_1_raw_S4_B_15min,EC_1_raw_S4_B_15min,T_1_raw_S4_B_15min,VWC_2_raw_S4_B_15min,EC_2_raw_S4_B_15min,T_2_raw_S4_B_15min,VWC_3_raw_S4_B_15min,EC_3_raw_S4_B_15min,T_3_raw_S4_B_15min,SWC_1_raw_S1_T_15min,SWC_1_raw_S1_M_15min,SWC_1_raw_S1_B_15min,SWC_1_raw_S2_T_15min,SWC_1_raw_S2_M_15min,SWC_1_raw_S2_B_15min,SWC_1_raw_S3_T_15min,SWC_1_raw_S3_M_15min,SWC_1_raw_S3_B_15min,SWC_1_raw_S4_T_15min,SWC_1_raw_S4_M_15min,SWC_1_raw_S4_B_15min,VWC_1_ratio_S1_S2_T_15min,VWC_2_ratio_S1_S2_T_15min,VWC_3_ratio_S1_S2_T_15min,VWC_1_ratio_S1_S2_M_15min,VWC_2_ratio_S1_S2_M_15min,VWC_3_ratio_S1_S2_M_15min,VWC_1_ratio_S1_S2_B_15min,VWC_2_ratio_S1_S2_B_15min,VWC_3_ratio_S1_S2_B_15min,VWC_1_ratio_S3_S4_T_15min,VWC_2_ratio_S3_S4_T_15min,VWC_3_ratio_S3_S4_T_15min,VWC_1_ratio_S3_S4_M_15min,VWC_2_ratio_S3_S4_M_15min,VWC_3_ratio_S3_S4_M_15min,VWC_1_ratio_S3_S4_B_15min,VWC_2_ratio_S3_S4_B_15min,VWC_3_ratio_S3_S4_B_15min,SWC_1_ratio_S1_S2_T_15min,SWC_1_ratio_S1_S2_M_15min,SWC_1_ratio_S1_S2_B_15min,SWC_1_ratio_S3_S4_T_15min,SWC_1_ratio_S3_S4_M_15min,SWC_1_ratio_S3_S4_B_15min,EC_1_ratio_S1_S2_T_15min,EC_2_ratio_S1_S2_T_15min,EC_3_ratio_S1_S2_T_15min,EC_1_ratio_S1_S2_M_15min,EC_2_ratio_S1_S2_M_15min,EC_3_ratio_S1_S2_M_15min,EC_1_ratio_S1_S2_B_15min,EC_2_ratio_S1_S2_B_15min,EC_3_ratio_S1_S2_B_15min,EC_1_ratio_S3_S4_T_15min,EC_2_ratio_S3_S4_T_15min,EC_3_ratio_S3_S4_T_15min,EC_1_ratio_S3_S4_M_15min,EC_2_ratio_S3_S4_M_15min,EC_3_ratio_S3_S4_M_15min,EC_1_ratio_S3_S4_B_15min,EC_2_ratio_S3_S4_B_15min,EC_3_ratio_S3_S4_B_15min,T_1_ratio_S1_S2_T_15min,T_2_ratio_S1_S2_T_15min,T_3_ratio_S1_S2_T_15min,T_1_ratio_S1_S2_M_15min,T_2_ratio_S1_S2_M_15min,T_3_ratio_S1_S2_M_15min,T_1_ratio_S1_S2_B_15min,T_2_ratio_S1_S2_B_15min,T_3_ratio_S1_S2_B_15min,T_1_ratio_S3_S4_T_15min,T_2_ratio_S3_S4_T_15min,T_3_ratio_S3_S4_T_15min,T_1_ratio_S3_S4_M_15min,T_2_ratio_S3_S4_M_15min,T_3_ratio_S3_S4_M_15min,T_1_ratio_S3_S4_B_15min,T_2_ratio_S3_S4_B_15min,T_3_ratio_S3_S4_B_15min,temp_air_degC_15min,rh_15min,dewpoint_degC_15min,vaporpressure_kpa_15min,solarrad_wm-2_15min,precip_mm_15min,wind_m_s_15min,winddir_degN_15min,temp_soil_5cm_degC_15min,temp_soil_15cm_degC_15min,temp_air_degF_15min,dewpoint_degF_15min,precip_in_15min
2023-01-31,,,,,,,,,,,,,,,,,,,,,,,,,,,,,,,,,,,,,,,,,,,,,,,,,,,,,,,,,,,,,,,,,,,,,,,,,,,,,,,,,,,,,,,,,,,,,,,,,,,,,,,,,,,,,,,,,,,,,,,,,,,,,,,,,,,,,,,,,,,,,,,,,,,,,,,,,,,,,,,,,,,,,,,,,,,,,,,,,,,,,-0.7620,0.8087,-3.9498,0.4727,84.9329,26.8800,1.1140,145.6433,1.0044,1.1654,30.6284,24.8904,1.0583
2023-02-28,,,,,,,,,,,,,,,,,,,,,,,,,,,,,,,,,,,,,,,,,,,,,,,,,,,,,,,,,,,,,,,,,,,,,,,,,,,,,,,,,,,,,,,,,,,,,,,,,,,,,,,,,,,,,,,,,,,,,,,,,,,,,,,,,,,,,,,,,,,,,,,,,,,,,,,,,,,,,,,,,,,,,,,,,,,,,,,,,,,,,-1.9496,0.6915,-7.5686,0.3621,134.6599,6.7900,1.7481,171.4855,0.1389,0.3060,28.4906,18.3765,0.2673
2023-03-31,,,,,,,,,,,,,,,,,,,,,,,,,,,,,,,,,,,,,,,,,,,,,,,,,,,,,,,,,,,,,,,,,,,,,,,,,,,,,,,,,,,,,,,,,,,,,,,,,,,,,,,,,,,,,,,,,,,,,,,,,,,,,,,,,,,,,,,,,,,,,,,,,,,,,,,,,,,,,,,,,,,,,,,,,,,,,,,,,,,,,2.2793,0.6745,-4.2414,0.4713,159.3993,45.6500,1.9831,168.3766,3.4733,3.5731,36.1027,24.3656,1.7972
2023-04-30,,,,,,,,,,,,,,,,,,,,,,,,,,,,,,,,,,,,,0.0887,0.0395,13.9335,0.0419,0.0191,13.7478,0.0795,0.0395,14.0604,,,,,,,,,,0.0000,0.0000,0.0000,0.0850,0.0418,14.5859,0.0935,0.0375,14.7010,0.0560,0.0734,12.7267,0.0777,0.0464,12.2865,,,,0.0639,0.0282,12.1777,0.0496,0.0277,12.0865,0.0861,0.0375,11.6442,,,,,,,,,,0.0870,0.0923,18.7663,0.0285,0.0313,18.0379,0.0745,0.0937,18.0002,,,,0.0686,0.0461,18.4164,0.0831,0.0773,19.3262,,,,,0.1471,,0.1127,0.1373,,,0.1354,,,,,,,,,,,,,,0.7590,1.3169,1.1380,,1.1662,,,,,,0.9726,,,,,,,,,,,,,,0.3050,0.6754,0.4251,,0.8292,,,,,,,,,,,,,,1.0085,1.1270,-0.1817,,-0.3616,,8.4182,0.5106,-3.1450,0.5008,241.9384,15.8500,2.1470,164.2838,8.5169,8.5407,47.1528,26.3389,0.6240
2023-05-31,0.1966,0.2517,20.1125,0.2042,0.2669,19.6759,0.2176,0.3304,19.1733,0.2393,0.3156,21.3876,0.2488,0.3895,20.1598,0.3036,0.8470,19.1172,0.1416,0.4542,22.0047,0.1377,0.5225,20.8115,0.0839,0.9408,19.9086,0.1851,0.2494,20.1690,0.2153,0.4746,19.3964,0.0000,-0.0000,33.7515,0.2960,0.3798,20.1680,0.2767,0.4019,19.6589,0.2394,0.2959,19.1706,0.2000,0.2475,21.9192,0.1906,0.3071,21.0485,0.1534,0.3074,10.6320,0.0000,0.0000,0.0000,0.1640,0.6056,19.6260,0.2544,0.9367,18.8839,0.1429,0.1962,22.3272,0.1110,0.1757,21.3483,0.1106,0.1494,20.6233,0.1356,0.2103,24.0042,0.1108,0.3380,22.2002,0.1204,0.2840,20.3237,0.1435,0.2085,21.2890,0.1935,0.4671,20.8296,0.2362,0.7306,19.4098,0.1550,0.1677,22.4334,0.1083,0.2075,21.3241,0.1486,0.3019,20.0917,0.1774,0.4756,22.1894,0.1125,0.3721,18.4929,0.0739,0.2972,18.4749,0.4127,0.5315,0.2380,0.0000,0.5399,0.3604,0.1638,0.2474,0.3288,0.3816,0.2818,0.3209,0.9642,0.8972,,1.1091,1.1054,1.4617,1.1455,1.3301,0.3509,0.0000,1.2944,1.6414,0.8333,1.2450,0.8561,1.2698,0.7833,1.0214,,1.2169,1.5004,1.2683,0.9230,1.0287,9.1908,159841372.3105,359416.9850,1.2946,1.4114,3.9520,4.3361,3.9198,2.2333,0.0000,-2230.6474,8932.4127,1.3981,3.5195,1.1509,0.7535,-53.0520,0.3189,0.9911,1.0109,0.9024,1.0462,1.0186,1.0066,1.0646,1.0439,1.0656,0.0000,0.9659,0.9773,0.9495,0.9640,0.9587,1.0138,1.0470,1.0075,16.5921,0.4445,2.6927,0.7631,267.0993,0.7500,1.8637,188.0856,15.3693,15.3343,61.8658,36.8468,0.0295
2023-06-30,0.2862,0.3968,21.1388,0.2705,0.4060,20.3490,0.3346,0.5137,19.4831,0.2796,0.3698,21.9416,0.2952,0.4913,20.8647,0.3636,0.9378,20.0489,0.2090,0.7191,23.7134,0.2400,0.9166,22.6729,0.1936,1.4081,21.6906,0.2368,0.3240,21.6024,0.2742,0.5418,20.7596,0.2503,0.4389,18.9288,0.2273,0.3041,21.8714,0.2252,0.3660,20.9863,0.2229,0.2463,20.2701,0.1908,0.2503,22.6042,0.2073,0.3784,21.6350,0.2298,0.3831,20.8633,0.2809,0.3931,22.3449,0.3208,1.1221,20.7473,0.3953,1.0298,20.0232,0.2557,0.3731,22.5310,0.2600,0.4609,21.6201,0.1639,0.1788,20.6817,0.2515,0.3420,20.8526,0.2055,0.5991,20.2061,0.1951,0.3806,19.8096,0.2163,0.2873,22.3550,0.2454,0.6420,21.6982,0.2798,0.7379,20.8766,0.1803,0.2297,22.9589,0.1768,0.3711,21.7797,0.2013,0.4389,20.8544,0.1295,0.3103,23.2476,0.2457,0.9966,21.6035,0.1687,0.8537,20.8084,0.6008,0.6300,0.4219,0.4802,0.4502,0.4192,0.6594,0.4376,0.4447,0.4947,0.3746,0.3465,1.2275,0.9895,1.1779,1.2671,1.4031,1.8767,1.3514,1.4318,0.9505,1.3657,1.3398,1.4217,1.4935,1.1671,0.9735,2.2512,1.0685,1.0817,1.2089,1.5056,1.1839,1.3516,1.1854,1.3594,1.2195,0.7409,1.0126,1.2106,1.3457,4.5006,3.3282,2.6991,4.1843,1.4480,1.7507,1.4013,1.5807,1.6662,0.8755,1.4905,0.4990,0.2523,0.9921,0.9826,0.9654,1.0079,0.9951,0.9898,1.0525,1.0493,1.0409,0.9814,0.9562,0.9591,0.9244,0.9546,0.9602,0.9628,0.9841,0.9811,20.0406,0.3739,2.3381,0.7568,299.9076,3.5200,2.2003,190.3368,18.8390,18.7450,68.0731,36.2086,0.1386
2023-07-31,0.2506,0.3703,25.0008,0.2353,0.3777,24.0477,0.2995,0.4477,22.9994,0.2160,0.2893,25.9064,0.2432,0.4055,24.5662,0.3459,0.8703,23.5754,0.2409,0.9124,28.2410,0.3522,1.5455,27.0146,0.3419,1.9371,25.8343,0.2030,0.2835,26.1510,0.2431,0.5053,25.1220,0.2698,0.4485,24.1527,0.1878,0.2879,25.9538,0.1888,0.3429,24.8848,0.1946,0.2255,23.9838,0.1455,0.2005,26.9474,0.1561,0.3019,25.9716,0.2043,0.2423,25.0054,0.2635,0.3793,25.5459,0.2966,0.8510,24.1423,0.3774,0.6632,23.2395,0.2279,0.3466,25.6040,0.2419,0.4227,24.7676,0.1678,0.1720,23.8304,0.2475,0.3194,23.4254,0.2492,0.4886,22.9793,0.2768,0.2656,22.6477,0.1940,0.2497,25.4697,0.2560,0.5119,24.8884,0.2953,0.4702,23.9718,0.1470,0.1940,26.1549,0.1592,0.3196,24.8279,0.1594,0.3797,23.8476,0.1291,0.2853,28.2684,0.2919,1.4991,24.8256,0.2191,0.9939,24.1598,0.5302,0.5430,0.6132,0.4762,0.3813,0.3404,0.6290,0.5179,0.4177,0.4949,0.3094,0.4071,1.2452,0.9588,1.0930,1.1502,1.3277,2.0618,1.9166,2.5821,1.8557,1.5012,1.1847,1.2822,1.8260,1.6853,1.7936,1.9433,0.8266,0.7713,1.1031,1.4981,2.0006,1.2991,1.7582,1.0292,1.3026,0.7290,0.9785,0.9512,1.1437,4.7073,5.0226,5.4100,8.7114,1.7284,1.6919,1.4111,1.7929,1.6327,0.7158,1.3426,0.2787,0.1762,0.9618,0.9582,0.9526,1.0008,0.9878,0.9834,1.0492,1.0409,1.0339,1.0013,0.9701,0.9695,0.9126,0.9482,0.9586,0.9118,0.9793,0.9775,25.4196,0.3591,7.2103,1.0435,314.2221,3.0400,1.6170,180.2601,22.1767,22.1752,77.7552,44.9786,0.1197
2023-08-31,0.2695,0.4158,23.4162,0.2534,0.4162,23.2514,0.3096,0.4743,22.8599,0.2450,0.3528,24.6338,0.2623,0.4644,24.0698,0.3734,0.8461,23.6104,0.2739,1.1071,25.6394,0.3933,2.0494,25.2944,0.4328,2.5356,24.8712,0.2152,0.3148,24.2215,0.2555,0.5111,23.9753,0.2995,0.4947,23.7008,0.2226,0.3487,24.5474,0.2209,0.4047,24.2671,0.2840,0.3707,23.9397,0.1676,0.2374,24.9094,0.1750,0.3173,24.7796,0.2483,0.2876,24.4746,0.2502,0.3780,24.2983,0.2852,0.6669,23.5661,0.3735,0.5735,23.1596,0.2201,0.3509,24.3476,0.2450,0.4305,24.0173,0.1676,0.1864,23.5252,0.2705,0.3736,23.0010,0.2676,0.4428,22.8902,0.2944,0.3188,22.7761,0.1771,0.2544,24.4703,0.2270,0.4439,24.3879,0.2807,0.4077,23.9810,0.1301,0.1766,25.2929,0.1243,0.2676,24.6214,0.1411,0.4210,24.1057,0.1011,0.2263,26.7438,0.2714,1.4050,24.7399,0.2055,0.8863,24.6256,0.5610,0.5950,0.7267,0.5138,0.4904,0.3994,0.6103,0.5575,0.4133,0.4569,0.2656,0.3656,1.2686,0.9809,1.0177,1.1161,1.2187,1.3254,1.9855,2.6728,1.7845,1.5136,1.2961,1.3350,2.3456,2.3745,2.1632,2.4143,0.9132,0.8262,1.0779,1.2314,1.9809,1.3598,2.2628,1.1521,1.3320,0.7948,0.9495,0.9704,1.1351,2.3124,5.5316,7.0482,8.9953,1.6770,1.5632,1.4064,2.4360,1.8615,0.8021,1.7135,0.3106,0.2113,0.9716,0.9706,0.9649,1.0056,0.9923,0.9866,1.0305,1.0214,1.0167,0.9919,0.9665,0.9659,0.9332,0.9520,0.9525,0.9076,0.9538,0.9484,23.3476,0.4955,10.3787,1.2970,257.2287,11.6300,1.5628,185.6521,21.4944,21.6518,74.0258,50.6817,0.4579
2023-09-30,0.2335,0.3328,18.7567,0.2223,0.3397,19.1968,0.2760,0.3967,19.4623,0.2007,0.2687,19.8572,0.2151,0.3619,20.0545,0.3402,0.7413,20.1967,0.2351,0.7785,20.9279,0.3166,1.5320,21.2483,0.3635,2.0253,21.4273,0.1892,0.2600,19.4631,0.2305,0.4406,19.9049,0.2790,0.5064,20.2759,0.1896,0.2844,19.6224,0.1876,0.3446,20.1217,0.2590,0.3328,20.3818,0.1415,0.1872,20.1571,0.1434,0.2704,20.5522,0.1921,0.2456,20.7482,0.2299,0.3240,19.2135,0.2702,0.5317,19.5134,0.3576,0.4700,24.5624,0.2182,0.3222,19.3493,0.2353,0.3949,19.6081,0.1586,0.1652,19.7127,0.2700,0.3466,18.1640,0.2637,0.3731,18.5781,0.2718,0.2654,18.8410,0.1941,0.2577,19.5195,0.2466,0.4210,19.8743,0.2855,0.3558,20.0612,0.2049,0.2034,19.4972,0.1760,0.3390,19.7868,0.2127,0.6246,19.9495,0.1519,0.3027,20.7361,0.3068,1.5542,19.9893,0.2429,0.9252,20.5331,0.4933,0.5133,0.6073,0.4664,0.4302,0.3219,0.5757,0.5382,0.4003,0.4830,0.4012,0.4495,1.2446,0.9484,0.9680,1.0509,1.1676,1.3195,2.0113,2.7012,2.1208,1.2116,1.1049,1.2535,1.7868,1.6857,1.4193,1.6585,0.7782,0.6851,1.0374,1.2029,2.1667,1.1999,1.5887,0.9187,1.2785,0.7501,0.7883,0.8783,1.0000,2.2495,4.8231,6.4742,8.8217,1.2861,1.2647,1.3213,1.8581,1.2296,0.4691,1.1321,0.2561,0.1847,0.9717,0.9662,0.9608,1.0158,0.9981,0.9918,1.0409,1.0353,1.0338,0.9817,0.9818,1.2147,0.9619,0.9624,0.9521,0.9220,0.9589,0.9511,17.7574,0.4685,4.3252,0.8785,219.7851,1.5000,1.4334,171.1026,16.9153,17.2024,63.9634,39.7854,0.0591
2023-10-31,0.1607,0.1870,11.4823,0.1532,0.2024,12.3931,0.2168,0.2604,13.1672,0.1211,0.1084,12.4450,0.1603,0.2214,13.2437,0.3267,0.6657,13.8416,0.2167,0.6499,13.0178,0.2769,1.3547,13.9843,0.3170,1.7817,14.6809,0.1305,0.1574,11.0105,0.1835,0.3182,12.3071,0.2720,0.4763,13.3068,0.1229,0.1729,11.8593,0.1435,0.2493,12.9438,0.2312,0.2617,13.6476,0.0910,0.1088,12.3964,0.0967,0.2005,13.2017,0.1677,0.2013,13.8354,0.1220,0.1514,11.9002,0.1879,0.3065,12.9338,0.2804,0.3373,13.7524,0.1386,0.1806,11.9249,0.1788,0.2577,12.6585,0.1252,0.1141,13.2575,0.1879,0.2252,12.0255,0.2260,0.2705,12.5564,0.2322,0.2019,12.9048,0.0863,0.0980,12.4527,0.1527,0.2225,13.1277,0.2348,0.2571,13.7637,0.0801,0.0870,11.5930,0.0960,0.1712,12.6074,0.1518,0.3461,13.2427,0.1104,0.2553,15.2215,0.2983,1.4529,16.9418,0.2616,0.9657,17.5813,0.3597,0.4160,0.5388,0.3936,0.3374,0.2424,0.3958,0.4280,0.2872,0.3172,0.2219,0.4281,1.2137,0.8193,0.7790,0.9722,1.1098,1.4129,2.3841,2.9290,1.8932,1.4194,1.2308,1.1915,2.2978,2.4116,1.5819,1.9802,0.8057,0.5595,0.8953,1.2285,2.2304,1.2469,1.9441,0.9199,1.1638,0.6187,0.5320,0.6039,0.8637,2.5505,6.0314,6.8683,8.8530,1.5534,1.3808,1.3125,2.5756,1.5997,0.5992,1.1882,0.2604,0.1540,1.0520,0.9978,0.9809,1.0527,1.0196,1.0106,1.0466,1.0543,1.0572,0.9468,0.9837,0.9980,1.0326,0.9799,0.9583,1.0261,0.9715,0.9577,9.8138,0.5909,0.7376,0.6636,162.7936,7.5200,1.0634,164.0522,11.9739,12.2005,49.6649,33.3276,0.2961
2023-11-30,0.1371,0.1419,7.2645,0.1293,0.1531,8.4317,0.1697,0.1730,9.5659,0.1033,0.0742,8.2180,0.1443,0.1684,9.3509,0.3131,0.5773,10.2600,0.1889,0.5343,8.4363,0.2225,1.1283,9.6738,0.2678,1.5582,10.6700,0.1142,0.1233,6.8522,0.1695,0.2792,8.2957,0.2648,0.4661,9.5663,0.1107,0.1415,7.5847,0.1291,0.2163,8.9043,0.2141,0.1979,9.8674,0.0801,0.0826,8.0587,0.0734,0.1510,9.0400,0.1426,0.1683,9.9286,0.1122,0.1278,7.6966,0.1740,0.2609,9.0982,0.2504,0.3102,10.2885,0.1120,0.1286,7.9996,0.1477,0.1884,8.9162,0.1187,0.0966,9.7944,0.1473,0.1916,8.3548,0.2160,0.2349,8.9773,0.2277,0.1787,9.4467,0.0761,0.0783,8.4641,0.1382,0.1815,9.2778,0.2153,0.2153,10.1958,0.0721,0.0691,7.4908,0.0778,0.1261,8.7552,0.1056,0.2202,9.7077,,,,,,,,,,0.2947,0.3844,0.4538,0.3690,0.3082,0.2038,0.3590,0.3892,0.2469,0.2877,0.1722,,1.2008,0.7630,0.6408,0.9328,1.1176,1.4624,2.3575,3.0299,1.8778,1.4740,1.2591,1.1631,2.0424,2.7749,2.1567,,,,0.7987,1.2475,2.2269,1.2479,2.2601,,1.1532,0.5483,0.3713,0.5251,0.7786,2.9179,6.4746,7.4719,9.2573,1.6300,1.4372,1.4409,2.7767,1.8625,0.8118,,,,1.1047,1.0183,1.0001,1.0986,1.0511,1.0399,1.0565,1.0712,1.0751,0.9013,0.9807,1.0092,1.1367,1.0266,0.9732,,,,1.9734,0.6752,-4.6453,0.4565,113.2145,20.3500,0.7420,129.3399,5.2349,5.5903,35.5521,23.6384,0.8012
2023-12-31,0.1440,0.1303,1.5927,0.1261,0.1296,2.6086,0.1768,0.1584,3.5559,0.1100,0.0781,1.7674,0.1527,0.2180,2.8879,0.3184,0.5174,3.7248,0.1792,0.6239,1.1323,0.2002,0.9638,2.4398,0.2119,1.2954,3.4596,0.1703,0.1616,0.8761,0.1809,0.2679,2.0180,0.2763,0.4369,3.1239,0.1397,0.1561,1.2195,0.1460,0.2052,2.4275,0.2247,0.1546,3.3108,0.1227,0.1442,1.2339,0.0862,0.1538,2.1840,0.1570,0.1516,3.0378,0.1704,0.1762,1.1883,0.1791,0.2295,2.5731,0.2626,0.3649,3.6603,0.1523,0.1579,1.4584,0.1569,0.1767,2.3286,0.1144,0.0777,3.1240,0.1731,0.2320,1.9920,0.2174,0.1978,2.6236,0.2236,0.1411,3.0849,0.1459,0.1346,1.9814,0.1452,0.1718,2.7454,0.2218,0.1754,3.5834,0.1097,0.1209,1.1893,0.0755,0.1001,2.3763,0.1014,0.1808,3.2468,,,,,,,,,,0.3036,0.3976,0.3935,0.4254,0.3463,0.2528,0.4143,0.4063,0.2785,0.3484,0.1960,,0.8805,0.6970,0.6398,0.8157,1.0458,1.4169,1.5537,2.3245,1.3498,1.1941,1.2338,1.1837,1.6675,2.8804,2.2062,,,,0.7164,1.1525,1.5704,1.1914,2.0960,,0.8631,0.4837,0.3627,0.5181,1.0626,3.3475,4.7156,6.2688,8.5440,1.3209,1.3363,2.0806,2.2071,1.9780,0.7805,,,,1.4098,1.4197,1.1530,1.1195,1.2328,1.1353,1.3454,1.1016,1.1404,0.3308,0.9243,1.0227,0.5237,1.1538,0.9525,,,,-1.3792,0.7564,-5.6973,0.4143,88.8040,15.1100,0.8698,1.2337,1.2706,1.5564,29.5175,21.7448,0.5949
