timestamp,VWC_1_raw_S1_T_monthly,EC_1_raw_S1_T_monthly,T_1_raw_S1_T_monthly,VWC_2_raw_S1_T_monthly,EC_2_raw_S1_T_monthly,T_2_raw_S1_T_monthly,VWC_3_raw_S1_T_monthly,EC_3_raw_S1_T_monthly,T_3_raw_S1_T_monthly,VWC_1_raw_S1_M_monthly,EC_1_raw_S1_M_monthly,T_1_raw_S1_M_monthly,VWC_2_raw_S1_M_monthly,EC_2_raw_S1_M_monthly,T_2_raw_S1_M_monthly,VWC_3_raw_S1_M_monthly,EC_3_raw_S1_M_monthly,T_3_raw_S1_M_monthly,VWC_1_raw_S1_B_monthly,EC_1_raw_S1_B_monthly,T_1_raw_S1_B_monthly,VWC_2_raw_S1_B_monthly,EC_2_raw_S1_B_monthly,T_2_raw_S1_B_monthly,VWC_3_raw_S1_B_monthly,EC_3_raw_S1_B_monthly,T_3_raw_S1_B_monthly,VWC_1_raw_S2_T_monthly,EC_1_raw_S2_T_monthly,T_1_raw_S2_T_monthly,VWC_2_raw_S2_T_monthly,EC_2_raw_S2_T_monthly,T_2_raw_S2_T_monthly,VWC_3_raw_S2_T_monthly,EC_3_raw_S2_T_monthly,T_3_raw_S2_T_monthly,VWC_1_raw_S2_M_monthly,EC_1_raw_S2_M_monthly,T_1_raw_S2_M_monthly,VWC_2_raw_S2_M_monthly,EC_2_raw_S2_M_monthly,T_2_raw_S2_M_monthly,VWC_3_raw_S2_M_monthly,EC_3_raw_S2_M_monthly,T_3_raw_S2_M_monthly,VWC_1_raw_S2_B_monthly,EC_1_raw_S2_B_monthly,T_1_raw_S2_B_monthly,VWC_2_raw_S2_B_monthly,EC_2_raw_S2_B_monthly,T_2_raw_S2_B_monthly,VWC_3_raw_S2_B_monthly,EC_3_raw_S2_B_monthly,T_3_raw_S2_B_monthly,VWC_1_raw_S3_T_monthly,EC_1_raw_S3_T_monthly,T_1_raw_S3_T_monthly,VWC_2_raw_S3_T_monthly,EC_2_raw_S3_T_monthly,T_2_raw_S3_T_monthly,VWC_3_raw_S3_T_monthly,EC_3_raw_S3_T_monthly,T_3_raw_S3_T_monthly,VWC_1_raw_S3_B_monthly,EC_1_raw_S3_B_monthly,T_1_raw_S3_B_monthly,VWC_2_raw_S3_B_monthly,EC_2_raw_S3_B_monthly,T_2_raw_S3_B_monthly,VWC_3_raw_S3_B_monthly,EC_3_raw_S3_B_monthly,T_3_raw_S3_B_monthly,VWC_1_raw_S3_M_monthly,EC_1_raw_S3_M_monthly,T_1_raw_S3_M_monthly,VWC_2_raw_S3_M_monthly,EC_2_raw_S3_M_monthly,T_2_raw_S3_M_monthly,VWC_3_raw_S3_M_monthly,EC_3_raw_S3_M_monthly,T_3_raw_S3_M_monthly,VWC_1_raw_S4_T_monthly,EC_1_raw_S4_T_monthly,T_1_raw_S4_T_monthly,VWC_2_raw_S4_T_monthly,EC_2_raw_S4_T_monthly,T_2_raw_S4_T_monthly,VWC_3_raw_S4_T_monthly,EC_3_raw_S4_T_monthly,T_3_raw_S4_T_monthly,VWC_1_raw_S4_M_monthly,EC_1_raw_S4_M_monthly,T_1_raw_S4_M_monthly,VWC_2_raw_S4_M_monthly,EC_2_raw_S4_M_monthly,T_2_raw_S4_M_monthly,VWC_3_raw_S4_M_monthly,EC_3_raw_S4_M_monthly,T_3_raw_S4_M_monthly,VWC_1_raw_S4_B_monthly,EC_1_raw_S4_B_monthly,T_1_raw_S4_B_monthly,VWC_2_raw_S4_B_monthly,EC_2_raw_S4_B_monthly,T_2_raw_S4_B_monthly,VWC_3_raw_S4_B_monthly,EC_3_raw_S4_B_monthly,T_3_raw_S4_B_monthly,SWC_1_raw_S1_T_monthly,SWC_1_raw_S1_M_monthly,SWC_1_raw_S1_B_monthly,SWC_1_raw_S2_T_monthly,SWC_1_raw_S2_M_monthly,SWC_1_raw_S2_B_monthly,SWC_1_raw_S3_T_monthly,SWC_1_raw_S3_M_monthly,SWC_1_raw_S3_B_monthly,SWC_1_raw_S4_T_monthly,SWC_1_raw_S4_M_monthly,SWC_1_raw_S4_B_monthly,VWC_1_ratio_S1_S2_T_monthly,VWC_2_ratio_S1_S2_T_monthly,VWC_3_ratio_S1_S2_T_monthly,VWC_1_ratio_S1_S2_M_monthly,VWC_2_ratio_S1_S2_M_monthly,VWC_3_ratio_S1_S2_M_monthly,VWC_1_ratio_S1_S2_B_monthly,VWC_2_ratio_S1_S2_B_monthly,VWC_3_ratio_S1_S2_B_monthly,VWC_1_ratio_S3_S4_T_monthly,VWC_2_ratio_S3_S4_T_monthly,VWC_3_ratio_S3_S4_T_monthly,VWC_1_ratio_S3_S4_M_monthly,VWC_2_ratio_S3_S4_M_monthly,VWC_3_ratio_S3_S4_M_monthly,VWC_1_ratio_S3_S4_B_monthly,VWC_2_ratio_S3_S4_B_monthly,VWC_3_ratio_S3_S4_B_monthly,SWC_1_ratio_S1_S2_T_monthly,SWC_1_ratio_S1_S2_M_monthly,SWC_1_ratio_S1_S2_B_monthly,SWC_1_ratio_S3_S4_T_monthly,SWC_1_ratio_S3_S4_M_monthly,SWC_1_ratio_S3_S4_B_monthly,EC_1_ratio_S1_S2_T_monthly,EC_2_ratio_S1_S2_T_monthly,EC_3_ratio_S1_S2_T_monthly,EC_1_ratio_S1_S2_M_monthly,EC_2_ratio_S1_S2_M_monthly,EC_3_ratio_S1_S2_M_monthly,EC_1_ratio_S1_S2_B_monthly,EC_2_ratio_S1_S2_B_monthly,EC_3_ratio_S1_S2_B_monthly,EC_1_ratio_S3_S4_T_monthly,EC_2_ratio_S3_S4_T_monthly,EC_3_ratio_S3_S4_T_monthly,EC_1_ratio_S3_S4_M_monthly,EC_2_ratio_S3_S4_M_monthly,EC_3_ratio_S3_S4_M_monthly,EC_1_ratio_S3_S4_B_monthly,EC_2_ratio_S3_S4_B_monthly,EC_3_ratio_S3_S4_B_monthly,T_1_ratio_S1_S2_T_monthly,T_2_ratio_S1_S2_T_monthly,T_3_ratio_S1_S2_T_monthly,T_1_ratio_S1_S2_M_monthly,T_2_ratio_S1_S2_M_monthly,T_3_ratio_S1_S2_M_monthly,T_1_ratio_S1_S2_B_monthly,T_2_ratio_S1_S2_B_monthly,T_3_ratio_S1_S2_B_monthly,T_1_ratio_S3_S4_T_monthly,T_2_ratio_S3_S4_T_monthly,T_3_ratio_S3_S4_T_monthly,T_1_ratio_S3_S4_M_monthly,T_2_ratio_S3_S4_M_monthly,T_3_ratio_S3_S4_M_monthly,T_1_ratio_S3_S4_B_monthly,T_2_ratio_S3_S4_B_monthly,T_3_ratio_S3_S4_B_monthly,temp_air_degC_monthly,rh_monthly,dewpoint_degC_monthly,vaporpressure_kpa_monthly,solarrad_wm-2_monthly,precip_mm_monthly,wind_m_s_monthly,winddir_degN_monthly,temp_soil_5cm_degC_monthly,temp_soil_15cm_degC_monthly
2023-01,,,,,,,,,,,,,,,,,,,,,,,,,,,,,,,,,,,,,,,,,,,,,,,,,,,,,,,,,,,,,,,,,,,,,,,,,,,,,,,,,,,,,,,,,,,,,,,,,,,,,,,,,,,,,,,,,,,,,,,,,,,,,,,,,,,,,,,,,,,,,,,,,,,,,,,,,,,,,,,,,,,,,,,,,,,,,,,,,,,,,-0.7586,0.8087,-3.946,0.4728,84.8902,0.8671,1.1145,145.6912,1.0041,1.165
2023-02,,,,,,,,,,,,,,,,,,,,,,,,,,,,,,,,,,,,,,,,,,,,,,,,,,,,,,,,,,,,,,,,,,,,,,,,,,,,,,,,,,,,,,,,,,,,,,,,,,,,,,,,,,,,,,,,,,,,,,,,,,,,,,,,,,,,,,,,,,,,,,,,,,,,,,,,,,,,,,,,,,,,,,,,,,,,,,,,,,,,,-1.9496,0.6915,-7.5686,0.3621,134.6599,0.2425,1.7481,171.4855,0.1389,0.306
2023-03,,,,,,,,,,,,,,,,,,,,,,,,,,,,,,,,,,,,,,,,,,,,,,,,,,,,,,,,,,,,,,,,,,,,,,,,,,,,,,,,,,,,,,,,,,,,,,,,,,,,,,,,,,,,,,,,,,,,,,,,,,,,,,,,,,,,,,,,,,,,,,,,,,,,,,,,,,,,,,,,,,,,,,,,,,,,,,,,,,,,,2.2793,0.6745,-4.2414,0.4713,159.3993,1.4726,1.9831,168.3766,3.4733,3.5731
2023-04,,,,,,,,,,,,,,,,,,,,,,,,,,,,,,,,,,,,,0.0848,0.0378,14.1279,0.04,0.0182,13.9604,0.0761,0.0378,14.2589,,,,,,,,,,0.0,0.0,0.0,0.0854,0.0423,15.2498,0.0939,0.0379,15.2914,0.0635,0.1591,11.5478,0.0789,0.0634,11.1661,,,,0.059,0.0272,10.989,0.0526,0.0299,10.8642,0.0818,0.0351,10.477,,,,,,,,,,0.0659,0.0708,19.7058,0.0218,0.0242,19.0548,0.0563,0.0713,18.9597,,,,0.0687,0.047,19.3833,0.0835,0.0791,20.3377,,,,,0.1406,,0.1132,0.1319,,,0.1026,,,,,,,,,,,,,,0.7627,1.3085,1.1439,,1.1765,,,,,,0.9757,,,,,,,,,,,,,,0.309,0.6684,0.4357,,0.8345,,,,,,,,,,,,,,0.9407,1.0484,0.0674,,-0.0688,,8.4182,0.5106,-3.145,0.5008,241.9384,0.5283,2.147,164.2838,8.5169,8.5407
2023-05,0.1919,0.2456,20.1513,0.1993,0.2605,19.7322,0.2123,0.3225,19.23,0.2216,0.2893,21.2676,0.2324,0.3593,20.1118,0.2854,0.7964,19.124,0.1382,0.4434,21.995,0.1344,0.51,20.8161,0.0819,0.9182,19.9482,0.1717,0.2313,20.1438,0.2001,0.4406,19.3484,0.0,-0.0,28.8764,0.2892,0.3701,20.4024,0.2694,0.3934,19.9218,0.2315,0.2873,19.4222,0.1928,0.2363,22.4879,0.1836,0.2962,21.4363,0.143,0.2866,9.9222,0.0,0.0,0.0,0.1572,0.5775,19.6001,0.2456,0.9051,18.8555,0.1273,0.1711,22.5187,0.102,0.1547,21.3578,0.1075,0.1432,21.0531,0.1321,0.2037,23.8436,0.1089,0.3276,22.0564,0.1192,0.2793,20.148,0.1292,0.2119,20.7517,0.1772,0.4243,20.3855,0.2189,0.6696,19.0453,0.1485,0.1595,21.583,0.1022,0.1913,20.4802,0.1432,0.2854,19.3567,0.1688,0.4417,22.9429,0.0928,0.3024,19.886,0.0733,0.2958,18.3801,0.4028,0.4964,0.2323,0.0,0.5252,0.3437,0.1656,0.2429,0.3187,0.3496,0.2699,0.3139,0.9485,0.8882,,1.106,1.1128,1.5122,1.1787,1.3678,0.3666,0.0,1.2905,1.5123,0.8266,1.2522,0.8695,1.2453,0.7456,0.9823,,1.2288,1.5823,1.0954,0.9248,0.9878,8.8785,154900337.6585,490109.7605,1.272,1.3804,4.375,4.4734,4.0214,2.4215,0.0,-4654.0484,18625.0545,1.3432,3.4305,1.1229,0.7664,-222.5137,0.2988,0.9918,1.0129,0.9437,1.0527,1.0204,1.0075,1.056,1.0371,1.0649,0.0,0.9759,0.9945,0.9407,0.9628,0.9496,1.0187,1.091,1.0118,16.5921,0.4445,2.6927,0.7631,267.0993,0.0242,1.8637,188.0856,15.3693,15.3343
2023-06,0.2862,0.3968,21.1388,0.2705,0.406,20.349,0.3346,0.5137,19.4831,0.2796,0.3698,21.9416,0.2952,0.4913,20.8647,0.3636,0.9378,20.0489,0.209,0.7191,23.7134,0.24,0.9166,22.6729,0.1936,1.4081,21.6906,0.2371,0.3243,21.5945,0.2744,0.5421,20.7532,0.2451,0.4298,18.5345,0.2273,0.3041,21.8714,0.2252,0.366,20.9863,0.2229,0.2463,20.2701,0.1908,0.2503,22.6042,0.2073,0.3784,21.635,0.2298,0.3831,20.8633,0.282,0.3955,22.3614,0.3208,1.1224,20.7458,0.3953,1.0302,20.0221,0.2557,0.3731,22.531,0.26,0.4609,21.6201,0.1639,0.1788,20.6817,0.2524,0.3427,20.8132,0.2056,0.5997,20.1829,0.1953,0.3816,19.7943,0.2163,0.2873,22.355,0.2454,0.642,21.6981,0.2798,0.7379,20.8766,0.1803,0.2297,22.9589,0.1768,0.3711,21.7797,0.2013,0.4389,20.8544,0.1344,0.3291,23.5933,0.2568,1.0895,21.7074,0.1954,1.0203,20.9405,0.6008,0.63,0.4219,0.4786,0.4502,0.4192,0.6606,0.4385,0.4447,0.4947,0.3746,0.3758,1.2272,0.9895,1.178,1.2671,1.4031,1.8767,1.3514,1.4318,0.9505,1.3705,1.34,1.4219,1.4935,1.1682,0.9757,2.1314,1.0298,0.9719,1.2212,1.5056,1.1839,1.3557,1.1868,1.2612,1.2196,0.7411,1.013,1.2106,1.3457,4.5006,3.3282,2.6991,4.1843,1.4516,1.751,1.4015,1.5807,1.6673,0.8781,1.3701,0.4571,0.22,0.9922,0.9827,0.966,1.0079,0.9951,0.9898,1.0525,1.0493,1.0409,0.9811,0.9562,0.9591,0.9245,0.9544,0.9599,0.9627,0.9887,0.9843,20.0406,0.3739,2.3381,0.7568,299.9076,0.1173,2.2003,190.3368,18.839,18.745
2023-07,0.2506,0.3703,25.0008,0.2353,0.3777,24.0477,0.2995,0.4477,22.9994,0.216,0.2893,25.9064,0.2432,0.4055,24.5662,0.3459,0.8703,23.5754,0.2409,0.9124,28.241,0.3522,1.5455,27.0146,0.3419,1.9371,25.8343,0.203,0.2835,26.151,0.2431,0.5053,25.122,0.2698,0.4485,24.1527,0.1878,0.2879,25.9538,0.1888,0.3429,24.8848,0.1946,0.2255,23.9838,0.1455,0.2005,26.9474,0.1561,0.3019,25.9716,0.2043,0.2423,25.0054,0.2635,0.3793,25.5459,0.2966,0.851,24.1423,0.3774,0.6632,23.2395,0.2279,0.3466,25.604,0.2419,0.4227,24.7676,0.1678,0.172,23.8304,0.248,0.3204,23.4473,0.2495,0.4886,23.0041,0.2771,0.2661,22.6737,0.194,0.2497,25.4697,0.256,0.5119,24.8884,0.2953,0.4702,23.9718,0.147,0.194,26.1549,0.1592,0.3196,24.8279,0.1594,0.3797,23.8476,0.1298,0.2866,28.3593,0.2915,1.4974,24.8741,0.2183,0.9876,24.1939,0.5302,0.543,0.6132,0.4762,0.3813,0.3404,0.629,0.5186,0.4177,0.4949,0.3094,0.4068,1.2452,0.9588,1.093,1.1502,1.3277,2.0618,1.9166,2.5821,1.8557,1.5012,1.1847,1.2822,1.8425,1.6987,1.802,1.9509,0.832,0.775,1.1031,1.4981,2.0006,1.2991,1.7709,1.0353,1.3026,0.729,0.9785,0.9512,1.1437,4.7073,5.0226,5.41,8.7114,1.7284,1.6919,1.4111,1.8111,1.6417,0.719,1.3519,0.2808,0.1779,0.9618,0.9582,0.9526,1.0008,0.9878,0.9834,1.0492,1.0409,1.0339,1.0013,0.9701,0.9695,0.9126,0.9482,0.9588,0.9101,0.9785,0.9772,25.4196,0.3591,7.2103,1.0435,314.2221,0.0981,1.617,180.2601,22.1767,22.1752
2023-08,0.2695,0.4158,23.4162,0.2534,0.4162,23.2514,0.3096,0.4743,22.8599,0.245,0.3528,24.6338,0.2623,0.4644,24.0698,0.3734,0.8461,23.6104,0.2739,1.1071,25.6394,0.3933,2.0494,25.2943,0.4328,2.5356,24.8712,0.2152,0.3148,24.2215,0.2555,0.5111,23.9753,0.2995,0.4947,23.7008,0.2226,0.3487,24.5474,0.2209,0.4047,24.2671,0.284,0.3707,23.9397,0.1676,0.2374,24.9094,0.175,0.3173,24.7796,0.2483,0.2876,24.4746,0.2502,0.378,24.2983,0.2852,0.6669,23.5661,0.3735,0.5735,23.1596,0.2201,0.3509,24.3476,0.245,0.4305,24.0173,0.1676,0.1864,23.5252,0.2715,0.375,23.0007,0.2681,0.4432,22.8922,0.2946,0.3188,22.7792,0.1771,0.2544,24.4703,0.227,0.4439,24.3879,0.2807,0.4077,23.981,0.1301,0.1766,25.2929,0.1243,0.2676,24.6214,0.1411,0.421,24.1057,0.1011,0.2264,26.7156,0.2715,1.4054,24.7295,0.2055,0.8861,24.6192,0.561,0.595,0.7267,0.5138,0.4904,0.3994,0.6103,0.5586,0.4133,0.4569,0.2656,0.3657,1.2686,0.9809,1.0177,1.1161,1.2187,1.3254,1.9855,2.6728,1.7845,1.5136,1.2961,1.335,2.3518,2.3845,2.1665,2.4155,0.9112,0.8254,1.0779,1.2314,1.9809,1.3598,2.2683,1.151,1.332,0.7948,0.9495,0.9704,1.1351,2.3124,5.5316,7.0482,8.9953,1.677,1.5632,1.4064,2.4428,1.8678,0.8023,1.7117,0.3099,0.2114,0.9716,0.9706,0.9649,1.0056,0.9923,0.9866,1.0305,1.0214,1.0167,0.9919,0.9665,0.9659,0.9337,0.9523,0.9528,0.9081,0.954,0.9485,23.3476,0.4955,10.3787,1.297,257.2287,0.3752,1.5628,185.6521,21.4944,21.6518
2023-09,0.2335,0.3328,18.7555,0.2223,0.3397,19.1957,0.2761,0.3967,19.4612,0.2007,0.2687,19.8561,0.2151,0.362,20.0534,0.3402,0.7413,20.1956,0.2351,0.7784,20.9268,0.3166,1.532,21.2472,0.3635,2.0253,21.4262,0.1892,0.26,19.4618,0.2305,0.4407,19.9036,0.279,0.5064,20.2748,0.1896,0.2844,19.6212,0.1877,0.3446,20.1205,0.259,0.3328,20.3806,0.1415,0.1872,20.1559,0.1434,0.2704,20.551,0.1921,0.2456,20.747,0.2299,0.324,19.2124,0.2702,0.5317,19.5123,0.3576,0.47,24.5597,0.2182,0.3222,19.3481,0.2353,0.3949,19.607,0.1586,0.1652,19.7117,0.2691,0.3458,18.1794,0.2631,0.3728,18.5898,0.2713,0.2652,18.8493,0.1941,0.2577,19.5185,0.2466,0.421,19.8733,0.2855,0.3558,20.0602,0.2053,0.2034,19.496,0.176,0.339,19.7856,0.2127,0.6246,19.9484,0.1506,0.3012,20.7556,0.3068,1.5549,20.0198,0.2425,0.9275,20.5591,0.4933,0.5133,0.6073,0.4664,0.4302,0.3219,0.5757,0.5369,0.4003,0.483,0.4015,0.4482,1.2446,0.9484,0.9681,1.0509,1.1676,1.3195,2.0111,2.7008,2.1206,1.2115,1.1049,1.2535,1.7896,1.6841,1.4153,1.666,0.7763,0.6831,1.0374,1.2029,2.1665,1.1999,1.5875,0.9179,1.2785,0.7501,0.7884,0.8784,1.0001,2.2496,4.8225,6.4735,8.8213,1.2861,1.2647,1.3213,1.8592,1.2287,0.4677,1.1364,0.256,0.1839,0.9717,0.9662,0.9609,1.0158,0.9981,0.9918,1.0409,1.0353,1.0338,0.9817,0.9818,1.2146,0.9618,0.9622,0.952,0.9224,0.9589,0.9511,17.7574,0.4685,4.3252,0.8785,219.7851,0.05,1.4334,171.1026,16.9153,17.2024
2023-10,0.166,0.1966,11.7201,0.1583,0.2117,12.5925,0.2226,0.2712,13.3363,0.1265,0.1194,12.7013,0.1643,0.234,13.4433,0.3278,0.6718,14.0117,0.2187,0.6574,13.3287,0.2813,1.3691,14.2298,0.3203,1.7955,14.8764,0.1342,0.1633,11.2254,0.187,0.3258,12.5126,0.2734,0.4768,13.4868,0.1265,0.1782,12.0711,0.1465,0.2543,13.1244,0.2327,0.2646,13.8097,0.0938,0.1134,12.5997,0.1006,0.2068,13.3837,0.17,0.2039,13.9995,0.1252,0.1566,12.086,0.1914,0.3143,13.1159,0.2838,0.3416,13.9117,0.1424,0.187,12.1468,0.182,0.2641,12.8632,0.1262,0.1157,13.4414,0.1922,0.2302,12.2461,0.2274,0.2741,12.7555,0.2332,0.204,13.088,0.0901,0.1035,12.6725,0.1566,0.2302,13.3349,0.2372,0.2609,13.951,0.0834,0.0911,11.8299,0.1006,0.1791,12.8179,0.1565,0.3588,13.4313,0.1103,0.2553,15.2215,0.2983,1.453,16.9418,0.2616,0.9657,17.5813,0.3706,0.4229,0.5449,0.3993,0.3427,0.2482,0.4025,0.4327,0.2924,0.3237,0.2303,0.4281,1.2165,0.827,0.793,0.9807,1.1118,1.4089,2.3513,2.8832,1.8854,1.4066,1.2258,1.1947,2.2723,2.3433,1.5459,1.9802,0.8057,0.5595,0.9056,1.2285,2.2085,1.2445,1.9051,0.9199,1.1717,0.6275,0.5518,0.6291,0.8845,2.5435,5.9231,6.7671,8.8062,1.538,1.3738,1.3109,2.5319,1.5626,0.5863,1.1882,0.2604,0.154,1.0498,0.9966,0.9799,1.0511,1.019,1.0102,1.047,1.0542,1.057,0.9487,0.9836,0.9974,1.0292,0.9787,0.9581,1.0261,0.9716,0.9577,9.8138,0.5909,0.7376,0.6636,162.7936,0.2426,1.0634,164.0522,11.9739,12.2005
2023-11,0.1372,0.1423,7.347,0.1294,0.1534,8.4845,0.1696,0.173,9.574,0.1034,0.0745,8.301,0.1444,0.1691,9.4017,0.3132,0.5776,10.2744,0.1892,0.5355,8.5171,0.223,1.1305,9.755,0.2684,1.5603,10.7108,0.1143,0.1235,6.9065,0.1696,0.2802,8.3668,0.2649,0.4673,9.5947,0.1108,0.1418,7.6527,0.1292,0.217,8.9717,0.2142,0.1978,9.8985,0.0802,0.0827,8.1096,0.0735,0.1515,9.12,0.1426,0.1686,9.9785,0.1123,0.128,7.7539,0.1741,0.2615,9.1635,0.2505,0.3111,10.3101,0.1119,0.1288,8.0787,0.1475,0.1885,8.9883,0.1187,0.0966,9.8295,0.1473,0.1923,8.4336,0.216,0.2355,9.0334,0.2277,0.1789,9.4763,0.0762,0.0784,8.5337,0.1383,0.182,9.3399,0.2153,0.2154,10.2241,0.0722,0.0692,7.5792,0.0779,0.1263,8.8301,0.1054,0.2199,9.7422,,,,,,,,,,0.2948,0.3846,0.4547,0.3692,0.3083,0.2039,0.3591,0.3893,0.2468,0.2878,0.1722,,1.201,0.763,0.6402,0.9332,1.1176,1.4624,2.36,3.0338,1.8814,1.4742,1.259,1.1634,2.0407,2.7738,2.1605,,,,0.7985,1.2475,2.2304,1.2481,2.2611,,1.1542,0.5476,0.3703,0.5254,0.7792,2.9213,6.4794,7.4644,9.255,1.6302,1.4373,1.4442,2.7804,1.8642,0.814,,,,1.1044,1.016,0.998,1.0985,1.0489,1.0381,1.0586,1.0704,1.0737,0.9012,0.9812,1.0085,1.1327,1.0243,0.9728,,,,1.9734,0.6752,-4.6453,0.4565,113.2145,0.6783,0.742,129.3399,5.2349,5.5903
2023-12,0.1438,0.1301,1.6006,0.1261,0.1296,2.6198,0.1767,0.1584,3.57,0.1099,0.078,1.7775,0.1526,0.2178,2.9011,0.3184,0.5176,3.7404,0.1791,0.6215,1.1449,0.2002,0.9639,2.453,0.2121,1.2962,3.4763,0.17,0.1615,0.8801,0.1808,0.2678,2.0277,0.2763,0.4371,3.1374,0.1391,0.1554,1.2262,0.1459,0.2052,2.4385,0.2247,0.1547,3.3249,0.122,0.1431,1.2481,0.0861,0.1537,2.1956,0.157,0.1516,3.0514,0.1698,0.1755,1.196,0.1791,0.2295,2.587,0.2625,0.3647,3.6766,0.1517,0.1572,1.4633,0.1568,0.1766,2.3375,0.1144,0.0777,3.1365,0.1728,0.2314,1.9983,0.2174,0.1977,2.6342,0.2237,0.1411,3.098,0.1449,0.1338,1.9926,0.1451,0.1717,2.7575,0.2218,0.1755,3.598,0.1089,0.1195,1.1935,0.0755,0.1001,2.3863,0.1014,0.1808,3.2604,,,,,,,,,,0.3034,0.3975,0.3935,0.4251,0.3458,0.2523,0.4138,0.406,0.278,0.3476,0.1954,,0.8798,0.6972,0.6396,0.8182,1.046,1.4169,1.5595,2.3272,1.3509,1.1985,1.2339,1.1835,1.676,2.88,2.2069,,,,0.7163,1.1538,1.5738,1.1926,2.1011,,0.8613,0.4839,0.3625,0.5193,1.0616,3.3469,4.7247,6.2746,8.5489,1.3242,1.3366,2.0788,2.2274,1.977,0.7806,,,,1.4232,1.4156,1.1522,1.1301,1.2317,1.135,1.3337,1.1022,1.1407,0.3386,0.9252,1.0229,0.5561,1.1523,0.9524,,,,-1.3792,0.7564,-5.6973,0.4143,88.804,0.4874,0.8698,1.2337,1.2706,1.5564
