leaf,table,frame_len,frame_hex,guessed_count,first_frame,last_frame,first_stream,last_stream
S1M,1,27,bda0016ffd10030ffd090d00000500022c79000000010000211dbd,,1,1,0,0
S1M,1,31,bda0016ffd10030ffd090e00000600022c790000ff400000ffb700003350bd,,1,4,0,0
S1M,1,31,bda0016ffd10030ffd090f00000600022c790000ff450000ffb70000d0d7bd,,1,7,0,0
S1M,1,31,bda0016ffd10030ffd091000000600022c790000ff4a0000ffb70000143dbd,,1,10,0,0
S1M,1,31,bda0016ffd10030ffd091100000600022c790000ff4f0000ffb70000c61bbd,,1,13,0,0
S1M,1,31,bda0016ffd10030ffd091200000600022c790000ff540000ffb7000068fcbd,,1,16,0,0
S1M,1,31,bda0016ffd10030ffd091300000600022c790000ff590000ffb70000a9ddbd,,1,19,0,0
S1M,1,31,bda0016ffd10030ffd091400000600022c790000ff5e0000ffb70000558fbd,,1,22,0,0
S1M,1,31,bda0016ffd10030ffd091500000600022c790000ff630000ffb700000f00bd,15,1,25,0,0
S1M,1,31,bda0016ffd10030ffd091600000600022c790000ff680000ffb700003d63bd,,1,28,0,0
S1M,1,31,bda0016ffd10030ffd091700000600022c790000ff6d0000ffb700007644bd,,1,31,0,0
S1M,1,31,bda0016ffd10030ffd091800000600022c790000ff720000ffb700009ec7bd,,1,34,0,0
S1M,1,31,bda0016ffd10030ffd091900000600022c790000ff770000ffb700008d66bd,,1,37,0,0
S1M,1,31,bda0016ffd10030ffd091a00000600022c790000ff7c0000ffb700004c20bd,,1,40,0,0
S1M,1,31,bda0016ffd10030ffd091b00000600022c790000ff810000ffb70000c482bd,,1,43,0,0
S1M,1,31,bda0016ffd10030ffd091c00000600022c790000ff860000ffb70000fb06bd,,1,46,0,0
S1M,1,31,bda0016ffd10030ffd091d00000600022c790000ff8b0000ffb70000b062bd,,1,49,0,0
S1M,1,31,bda0016ffd10030ffd091e00000600022c790000ff900000ffb7000041a4bd,,1,52,0,0
S1M,1,31,bda0016ffd10030ffd091f00000600022c790000ff950000ffb700000a07bd,,1,55,0,0
S1M,1,31,bda0016ffd10030ffd092000000600022c790000ff9a0000ffb700009026bd,,1,58,0,0
S1M,1,31,bda0016ffd10030ffd092100000600022c790000ff9f0000ffb700008b40bd,,1,61,0,0
S1M,1,31,bda0016ffd10030ffd092200000600022c790000ffa40000ffb70000cfcfbd,,1,64,0,0
S1M,1,31,bda0016ffd10030ffd092300000600022c790000ffa90000ffb700000ee8bd,,1,67,0,0
S1M,1,31,bda0016ffd10030ffd092400000600022c790000ffae0000ffb700008f4ebd,,1,70,0,0
S1M,1,31,bda0016ffd10030ffd092500000600022c790000ffb30000ffb70000f3b6bd,,1,73,0,0
