DateTime,Epoch,ByteLen,PayloadHex
2025-08-19 23:15:22.050436+00:00,1755645322.050436,27,bda0016ffd100b0ffd090700000500022c7900000001000060f7bd
2025-08-19 23:15:22.875131+00:00,1755645322.875131,69,bdaffd00011ffd200b89070000020000fde8000143061394415219fa3de924f13e3fd60f41bf94543e4941c93eb6c8b341b8f0143ea09aac3eda740e41b64cbcdc0094adbd
2025-08-19 23:15:22.879520+00:00,1755645322.87952,31,bda0016ffd100b0ffd090800000600022c790000fd710000fde80000d276bd
2025-08-19 23:15:24.178987+00:00,1755645324.178987,246,bdaffd00011ffd200b89080000020000fd71000543047138415465ef3e03e7a63e60450741b24f4d3e628cbcdd3ed4cc2541b6b1dd3ea3fade3edfa44141b751b6430474bcdc41545b9e3e03eea23e5fc3b541b25a323e62a5343ed4325a41b694293ea3fd7e3edf948541b73ac4430478404154393c3e0346dd3e5f117341b27b393e61b2473ed3a92b41b66b2a3ea3bb143edf3b6341b7195443047bc4415465ef3e0361123e5e59f241b2ac053e60ded33ed32df441b63e113ea3a0de3edf53dd41b6ffc043047f4841544dde3e02a4543e5dda5e41b2c9b03e606d3a3ed26e9941b629063ea3a6fc3edf220e41b6d83e0150bbbd
2025-08-19 23:15:24.201174+00:00,1755645324.201174,31,bda0016ffd100b0ffd090900000600022c790000fd760000fde8000054b0bd
2025-08-19 23:15:25.528197+00:00,1755645325.528197,245,bdaffd00011ffd200b89090000020000fd760005430482cc415465ef3e02aed03e5d89fc41b2f4813e60029f3ed1dcaa41b612ca3ea3ac3a3eded8a641b6c81343048650415465ef3e0201cc3e5ce23441b346ba3e6027533ed1386241b5fe213ea3a99b3eded6e741b6b366430489d4415488513e0201cd3e5c98d041b3b33b3e5f9b833ed0a83641b5e8533ea3b0973ede7ea641b6960943048d584154401c3e01c9e03e5bf10941b419bcdd3e5eadd63ed019c741b5e9d43ea356973ede85a341b680fc430490dc415416da3e015d863e5bd51341b481d53e5e108d3ecf6f6141b5e2b33ea352373ede7a4741b667cb019a5abd
2025-08-19 23:15:25.534923+00:00,1755645325.534923,31,bda0016ffd100b0ffd090a00000600022c790000fd7b0000fde8000023fbbd
2025-08-19 23:15:26.810796+00:00,1755645326.810796,244,bdaffd00011ffd200b890a0000020000fd7b0005430494604153fb583e0153093e5ba96241b4fa093e5d6a863ecee2b341b5eeb73ea34f9a3ede971e41b65079430497e4415394323e0161053e5b5ffd41b569463e5d867e3ece5ec041b5fb7d3ea358573ede2c8441b630e043049b684153677f3e00ddf23e5b249041b611533e5d504e3ecdec4a41b602a53ea3523a3ede7ea641b62ea643049eec41535d2f3e009d493e5b0a5a41b6948d3e5ceaf33ecd63f741b6198f3ea3489c3eddef5741b618744304a27041532d0b3e00a2863e5ae06741b73cb03e5bab213eccd74941b63c8d3ea302b53edd83dd41b5fbe5010d3abd
2025-08-19 23:15:26.812264+00:00,1755645326.812264,31,bda0016ffd100b0ffd090b00000600022c790000fd800000fde80000175dbd
2025-08-19 23:15:28.307650+00:00,1755645328.30765,248,bdaffd00011ffd200b890b0000020000fd8000054304a5f441531bdb3e006fd83e5ac9b141b7ee9e3e5b328b3ecc702d41b665293ea2fd773eddf2d741b5f3fa4304a9784152bb943dffba163e5aadbcdc41b8c52e3e5abf333ecbfb1541b6990c3ea300153eddb14e41b5e5514304acfc4152fce83dffbcdd953e5aa6bcdc41b9a04c3e5ae5a73ecb8ebcdc41b6d10d3ea2fc973edddddd41b5de2c4304b0804152f2983dffcb913e5a5b9541ba6c1b3e5a9a803ecb250041b705613ea307113edd638741b5ca424304b4044152f9783dfea9753e5a38a241bb42233e5a2fe53ecacb0041b75b233ea309b13edd582b41b5d71101e37abd
2025-08-19 23:15:28.312227+00:00,1755645328.312227,31,bda0016ffd100b0ffd090c00000600022c790000fd850000fde800004340bd
2025-08-19 23:15:29.954496+00:00,1755645329.954496,247,bdaffd00011ffd200b890c0000020000fd8500054304b7884152e4d63dfe52143e59f47b41bcdc32af3e5981223eca763d41b7a4853ea2b2513edd0fa541b5d04e4304bb0c415300583dfe60103e59c00c41bcdd16e53e58abed3eca2b1741b7e8313ea2a6f33edd590c41b5cff14304be904152f6083dfe7c063e59716641bcddf4d43e5805e63ec9d9d341b8476d3ea2b1703edcda5a41b5d16d4304c2144152ebb63dfd1e7f3e593cfb41beb4a63e583dd23ec9aaa241b89a333ea2ac313edd140441b5ce674304c59841531f4b3dfd10853e58b82741bf7c213e5812203ec9621e41b902293ea2a8b33edd3d1441b5e13601c08cbd
2025-08-19 23:15:29.955865+00:00,1755645329.955865,31,bda0016ffd100b0ffd090d00000600022c790000fd8a0000fde800003f99bd
2025-08-19 23:15:31.146899+00:00,1755645331.146899,244,bdaffd00011ffd200b890d0000020000fd8a00054304c91c4152f2983dfd17833e5891b541c04e463e5810633ec9358d41b96cb53ea2aed03edd0a6941b5e7964304cca0415318693dfc29d53e581e5f41c105453e5774d93ec8f94341b9c9563ea2afb03edced9141b5f2134304d02441530aa93dfba5043e57fb6a41c1a2af3e574ae73ec8f24341ba31513ea2ab523edd3b5541b609624304d3a841531f4b3dfbb67e3e57cdf941c23e8c3e574ca63ec8e1aa41ba99ae3ea2b32f3edcd89741b61a554304d72c415333ec3dfbcb773e57849441c2cec63e569c233ec8c85241baf89e3ea258503edd194341b62d26017453bd
2025-08-19 23:15:31.150013+00:00,1755645331.150013,31,bda0016ffd100b0ffd090e00000600022c790000fd8f0000fde800002b69bd
2025-08-19 23:15:32.611601+00:00,1755645332.611601,248,bdaffd00011ffd200b890e0000020000fd8f00054304dab0415303c93dfae4c73e5737ad41c356c13e5673f13ec8e7c941bb6a1c3ea24dd33edcf80f41b648964304de3441534bfd3dfa43ff3e57396b41c3cb693e5675b13ec8ed0541bbd7193ea242773edd9fd141b6706d4304e1b841537f903dfa40803e57422941c41ed43e566b333ec9199741bcdc3cde3ea245173edd6e0541b6827c4304e53c4153dc663dfa40803e5743e941c487d33e5659bcdc3ec95e9e41bcdc928b3ea240b73eddb68d41b6a0314304e8c04153fb583dfa43ff3e574e6441c4cc6b3e56db0c3ec9914e41bcdcf30c3ea261ed3ede01b241b6ce12017e47bd
2025-08-19 23:15:32.617438+00:00,1755645332.617438,31,bda0016ffd100b0ffd090f00000600022c790000fd940000fde80000e12cbd
2025-08-19 23:15:34.271296+00:00,1755645334.271296,246,bdaffd00011ffd200b890f0000020000fd9400054304ec444153564d3dfa40803e57263441c5048c3e57113c3ec9dc7141bcdd55273ea2a0d73edda0b441b6f0af4304efc841530e193dfa43ff3e5714b941c5326a3e5701803eca2b1641bcdda64e3ea2a6153edd734341b70ce64304f34c4152d3a53dfa5ff63e56d09141c557f03e56f5443eca596941be0ede3ea29d573eddf9d341b72c7f4304f6d0415292513dfa74f03e56a6a041c55c193e57acc43ecaa9cc41be5d693ea2957a3ede3b5c41b755254304fa544152622e3dfa89ea3e563a4541c55e643e57a7853ecae45741beaef43ea2973c3ede441a41b778700166a1bd
2025-08-19 23:15:34.277235+00:00,1755645334.277235,31,bda0016ffd100b0ffd091000000600022c790000fd990000fde80000dc4dbd
2025-08-19 23:15:35.516158+00:00,1755645335.516158,244,bdaffd00011ffd200b89100000020000fd9900054304fdd84152320c3dfa9b623e55b1f441c54a4e3e579eca3ecb170641bef2fd3ea2965b3ede37dd41b7a3c24305015c41520c393df98ac03e55379f41c5203b3e5790cf3ecb49b441bf34643ea293bb3ede70ac41b7cb42430504e0415208c93df959d03e54d5c341c4ed643e5786533ecb843f41bf5d8d3ea28cbe3edec10f41b7f7a5430508644151df863df980403e5459ac41c4b9733e5781153ecb907a41bf92d13ea28f5c3edea27941b81b5c43050be84151c7753df9aa323e53c52141c482253e579d0b3ecb9bd641bfcf453ea28e7c3ede98dc41b8476701b0e5bd
2025-08-19 23:15:35.519916+00:00,1755645335.519916,31,bda0016ffd100b0ffd091100000600022c790000fd9e0000fde800007c28bd
2025-08-19 23:15:36.759853+00:00,1755645336.759853,244,bdaffd00011ffd200b89110000020000fd9e000543050f6c4151a1a23df8a78d3e532b5541c432863e584d8c3ecbbb4c41bfdebe3ea28a1e3eded60741b87073430512f041517bd03df857293e52bb7e41c3e22a3e581e5e3ecbd74241bfffa33ea2893f3edee6a141b89f7f4305167441517f403df8849a3e5236ac41c38f973e579ecb3ecbc5c741c01d243ea2869f3edf362541b8be61430519f84151672f3df8b20b3e51a59e41c32bf23e57715b3ecbde4141c019b53ea285c03edf32a641b8db5c43051d7c4151302b3df7abe63e510bd241c2d0b23e5773193ecbd04441c027523ea280813edf62b741b90763016800bd
2025-08-19 23:15:36.765438+00:00,1755645336.765438,31,bda0016ffd100b0ffd091200000600022c790000fda30000fde800005a33bd
2025-08-19 23:15:38.055218+00:00,1755645338.055218,244,bdaffd00011ffd200b89120000020000fda30005430521004151339b3df762803e50987c41c257db3e576c1d3ecbf17b41c02fa23ea282403edf45e141b91a9d430524844151294b3df785743e501e2541c1f2753e57769a3ecbc32a41c028da3ea281623edf61d741b94959430528084150fc983df7b9e23e4f66a441c16ff53e577bd73ecba73541c01f043ea27ec13edf751041b969b143052b8c415106e83df694493e4eee0f41c119463e5781153ecb9af641c019c23ea280813edf513c41b97fe043052f104150e4873df663593e4e7ab941c0b5da3e5786533ecb7c6341c007353ea27c233edfa1a041b98e95015711bd
2025-08-19 23:15:38.060177+00:00,1755645338.060177,31,bda0016ffd100b0ffd091300000600022c790000fda80000fde800001d99bd
2025-08-19 23:15:39.254879+00:00,1755645339.254879,244,bdaffd00011ffd200b89130000020000fda80005430532944150c9063df68d473e4df0a941c0360f3e5789d33ecb710441bfebfd3ea2b1703edfe6a941b9b439430536184150cfe63df6b3ba3e4d615a41bfb7133e578b913ecb56ce41bfd5513ea2db613edfb5ba41b9c4104305399c41509fc33df6d6ad3e4cf18041bf45573e579b4a3ecb2bfe41bfac1e3ea2dd213edf910641b9d14743053d204150a6a33df5d0893e4c677141beeb0c3e57998b3ecb20a141bf9fa63ea2dd213edf84cb41b9daac430540a4415084403df575a93e4c1c4b41be7d2a3e579ec93ecb1a8441bf6c443ea2d0e43ee039ac41b9f3ef015452bd
2025-08-19 23:15:39.258607+00:00,1755645339.258607,31,bda0016ffd100b0ffd091400000600022c790000fdad0000fde800002aa3bd
2025-08-19 23:15:40.743585+00:00,1755645340.743585,250,bdaffd00011ffd200b89140000020000fdad000543054428415073103df5989e3e4bbfab41bcddf58e3e57a7863ecaefb341bf39ab3ea2d6243edff3c441b9fff9430547ac415005093df5bf113e4b305c41bcdd98be3e57cdfa3ecabb4641bf08843ea2d7e23edfd36f41ba0d8743054b30415061df3df5e5843e4abb4441bcdd13823e580ce33ecab6e641bee3763ea2db613edfbafa41ba157743054eb44150352c3df46c073e4a3f3141bcdc9ef43e589a733eca77fe41beb5c13ea2d8c23edfc11741ba1cf743055238415050ad3df4927b3e49bcdddd41bcdc446f3e589fb03eca668241be8a553ea2d8c23edfe86741ba1b1201323cbd
2025-08-19 23:15:40.748596+00:00,1755645340.748596,31,bda0016ffd100b0ffd091500000600022c790000fdb20000fde800007c5bbd
2025-08-19 23:15:42.282881+00:00,1755645342.282881,249,bdaffd00011ffd200b89150000020000fdb20005430555bcdc414fbcdcd43df4a3f53e498b2f41bbb39f3e57d6b63eca2a3741be4f193ea2d6233edfebe741ba278343055940415049cd3df4c36a3e4910da41bb63453e57e1333ec9fda541be215e3ea2dc413edfa28241ba23ba43055cc441503f7c3df4f4573e48834a41bae0873e57e9ef3ec9dff141bcddeb0a3ea2d7023edfce3241ba1f3b430560484150389c3df3b9c63e48382441ba6e553e57ef2f3ec9c5b941bcddadd93ea2d9a23edf9f0241ba2d2f430563cc414f9de23df388d53e47f07e41ba0f093e57f9aa3ec9897041bcdd704d3ea2d9a23edfbe7641ba260201ab99bd
2025-08-19 23:15:42.284190+00:00,1755645342.28419,31,bda0016ffd100b0ffd091600000600022c790000fdb70000fde8000007c4bd
2025-08-19 23:15:43.739852+00:00,1755645343.739852,250,bdaffd00011ffd200b89160000020000fdb7000543056750415008793df3b2c53e47517641b99a413e57f9ab3ec98eae41bcdd387b3ea2dc413edf910541ba199043056ad4415005093df3bcdd413e471b4741b9113c3e580ea23ec940e941bcdd07003ea2dc413edf902641ba15cd43056e58414ff7483df3e3b43e46a47041b8a8ec3e5815a23ec90e3b41bcdcce773ea282423edff9e241ba0f06430571dc414ff3d83df4032a3e462bdb41b833163e5819203ec8fbe041bcdc8c153ea27a633edfc49541b9ff9b43057560414ffe283df331733e45d47b41b7bed93e58239c3ec8d56d41bcdc5aa63ea27ec23edf902641b9fe7001f62bbd
2025-08-19 23:15:43.745362+00:00,1755645343.745362,32,bda0016ffd100b0ffd091700000600022c790000fdbcdc0000fde800006518bd
2025-08-19 23:15:45.025028+00:00,1755645345.025028,246,bdaffd00011ffd200b89170000020000fdbcdc0005430578e4414ff3d83df29ea63e457d1941b74cd73e582c5b3ec8b89941bcdc0dba3ea27ec23edf7cee41b9fa5243057c68414fe9863df2c8993e45064141b6f3493e5841513ec8691241bbc4f63ea278a43edfd6ed41b9e17243057fec414fce053df2e48f3e44966941b67b003e5844d03ec847de41bb865d3ea27ec23edf7ced41b9c836430583704150276a3df2f60b3e445cbb41b5f2793e584bcd3ec832e641bb47103ea280813edf4c0041b9c2f7430586f44150c9063df307843e442bcd41b596c63e5862843ec7ccaa41bb081c3ea27b433edf964441b9c0ab017af0bd
2025-08-19 23:15:45.030742+00:00,1755645345.030742,31,bda0016ffd100b0ffd091800000600022c790000fdc10000fde8000067b3bd
2025-08-19 23:15:46.512845+00:00,1755645346.512845,245,bdaffd00011ffd200b89180000020000fdc1000543058a784152168a3df1c5f43e43b4f741b51e7e3e5866033ec7c3ed41bac4a63ea281613edf4dbcdd41b9943943058dfc415465ef3df1b47b3e4338e041b4c0f03e57b8ff3ec7913e41ba7a643ea285bf3edf1b0f41b9810d43059180415a47ed3df1d0703e42e33f41b453a53e57a2473ec769ed41ba405d3ea286a03edf212d41b9786143059504415991b23df1e1ea3e42965a41b3f00e3e57b7413ec7198a41b9f7a53ea28a1e3edeed9f41b95f2e430598884158eca73df2015a3e423d3a41b3910b3e57928e3ec6c30741b9b3173ea286a03edf0d1441b948f20174a0bd
2025-08-19 23:15:46.518827+00:00,1755645346.518827,31,bda0016ffd100b0ffd091900000600022c790000fdc60000fde80000e32bbd
2025-08-19 23:15:47.969678+00:00,1755645347.969678,245,bdaffd00011ffd200b89190000020000fdc6000543059c0c4158253a3df0e2c23e42000e41b338743e570bfd3ec662e741b966b33ea28a1e3edef03f41b9362643059f90415794d23df099573e41957341b2da903e56bcdd593ec6056941b92ef43ea2903c3ede948041b918624305a3144156e5773df0ae513e414a4e41b29e1b3e5631893ec5895441b8e76a3ea28e7d3edeacf441b902264305a6984156285b3df0cdc73e40f4ab41b269303e55b0353ec5151c41b89d3f3ea28f5e3edea43a41b8e5254305aa1c4155e3973df0e63f3e40a60641b2302d3e563c053ec4a70241b867cb3ea2592f3ede734b41b8c88b0153b4bd
2025-08-19 23:15:47.974386+00:00,1755645347.974386,31,bda0016ffd100b0ffd091a00000600022c790000fdcb0000fde800001b44bd
2025-08-19 23:15:49.206719+00:00,1755645349.206719,244,bdaffd00011ffd200b891a0000020000fdcb00054305ada041555d7e3def6cc03e401bf741b20e633e55f0e13ec409b741b8246d3ea2355c3ede567441b8b3704305b12441555d7e3def8c363e3fb85941b1ee1a3e553b203ec376ec41b7eb3f3ea2363c3ede361e41b8924f4305b4a8415504193def9a323e3f3e0341b1d3cf3e54fc353ec2f05b41b7b02b3ea23b7b3ede061241b873154305b82c4154ec083dee35af3e3ed36a41b1cd6c3e548a9c3ec2602d41b7750c3ea23b7c3eddf11641b8622b4305bbb0415488513dee5c223e3e559441b1b0293e535a873ec1c12341b744993ea241973edd9b7441b837fc01e724bd
2025-08-19 23:15:49.211976+00:00,1755645349.211976,31,bda0016ffd100b0ffd091b00000600022c790000fdd00000fde8000021f7bd
2025-08-19 23:15:50.417328+00:00,1755645350.417328,245,bdaffd00011ffd200b891b0000020000fdd000054305bf34415446fc3dee20b73e3df8f441b1b9353e53aca73ec11dbcdc41b714ce3ea245f53edd742241b818b64305c2b841545f0e3decfe9c3e3d9c5441b1c9af3e5334133ec0892f41b6d7763ea21ce43edd2c7c41b7f6274305c63c41541dba3ded21913e3d178241b1d3d03e52befe3ebfd6ef41b6ac393ea1e8763edd4f6f41b7e29b4305c9c04154401c3ded21913e3cc8de41b2031f3e5211f73ebf300741b683f63ea1edb43edcebd341b7c0604305cd44415446fc3deccdae3e3c7bfa41b22cc23e5142013ebea6d941b658c23ea1f1323edcb92441b79c9b0191e8bd
2025-08-19 23:15:50.421891+00:00,1755645350.421891,31,bda0016ffd100b0ffd091c00000600022c790000fdd50000fde80000fb90bd
2025-08-19 23:15:51.669637+00:00,1755645351.669637,247,bdaffd00011ffd200b891c0000020000fdd500054305d0c8415446fc3dec6bd03e3c61c241b25af23e513b013ebe0ecd41b63a503ea1f3d13edca7a941b781d74305d44c41544a6c3debfbf63e3c211941b2ad813e50c5ec3ebcdd76c341b632cb3ea1c0433edcb3e641b760004305d7d041542eeb3debd5843e3c2f1341b2f6be3e501aa73ebcdce77241b617523ea195723edc91d041b74df24305db5441541a4a3debe6fe3e3c06e141b35d3a3e4f90963ebcdc6a8041b609003ea19b903edc3b4f41b72bc54305ded84153d8f63debe37f3e3c14de41b3d0e23e4f227d3ebbe06e41b605fe3ea19e303edc0ddf41b7158f01718dbd
2025-08-19 23:15:51.673882+00:00,1755645351.673882,31,bda0016ffd100b0ffd091d00000600022c790000fdda0000fde80000a580bd
2025-08-19 23:15:52.870175+00:00,1755645352.870175,244,bdaffd00011ffd200b891d0000020000fdda00054305e25c4153a5633debcb093e3c520741b461833e4ed3d73ebb4e8041b6156c3ea1a60e3edbaea041b6f7154305e5e04153640f3debc40a3e3c787941b4fd753e4e3a0e3ebadc0941b6096c3ea15d853edbc1da41b6da824305e96441532d0b3deafccf3e3c7db941b57d9c3e4dcf723eba6b5241b6168a3ea14a4d3edb733541b6ce764305ece8415295c23dea66833e3cb92441b605af3e4d6d963eb9ec9c41b62adc3ea14ced3edb52e141b6ab754305f06c415284913dea129f3e3d23be41b6aedb3e4cc4113eb9778541b64e373ea14b2d3edb6b5741b69bad01e503bd
2025-08-19 23:15:52.875986+00:00,1755645352.875986,31,bda0016ffd100b0ffd091e00000600022c790000fddf0000fde800004d8bbd
2025-08-19 23:15:54.769518+00:00,1755645354.769518,244,bdaffd00011ffd200b891e0000020000fddf00054305f3f04152bb943de9efac3e3d28fe41b7684d3e4c69313eb915a741b66dc93ea1514c3edafa9f41b683974305f7744152add43de9d7343e3d8c9941b81da03e4c1c4b3eb8c46441b6a0313ea0f58c3edae3e541b675ae4305faf841529ca23de9c23b3e3ddb4041b8f6da3e4b80c13eb84aee41b6c86f3ea0ef6e3edb29d141b66d114305fe7c41527db03de9b43f3e3e1f6641b9cea53e4b375a3eb80b2541b6fa163ea0f90b3edaa79a41b667654306020041527a403de998493e3e591341bac8063e4ab4473eb7af6441b744f33ea0fc8a3eda8c8541b64dda01e37ebd
2025-08-19 23:15:54.776070+00:00,1755645354.77607,31,bda0016ffd100b0ffd091f00000600022c790000fde40000fde800005361bd
2025-08-19 23:15:55.969020+00:00,1755645355.96902,202,bdaffd00011ffd200b891f0000020000fde40004430605844152546e3de97c523e3eb3f341bbcb5b3e4a40f13eb7707a41b792d43ea0faca3eda8f2441b6465443060908415250fd3de963da3e3ef81d41bcdcc7523e4a02033eb71ad641b7d8733ea0a3693edab83541b658bf43060c8c41523fcd3de95cdd3e3f31c941bcdd9d9d3e4989703eb6fa8241b8361f3ea09fe93eda3de041b648364306101041524a1d3de939eb3e3f83eb41bea3a93e493e4a3eb6d86f41b8924b3ea09aab3eda8d6441b649b7003d36bd
2025-08-19 23:16:15.976087+00:00,1755645375.976087,24,bda0015ffd100b0ffd1702000000000000000000002ba8bd
2025-08-19 23:16:17.975686+00:00,1755645377.975686,23,bdaffd00011ffd200b970200430615ba00000000b85fbd
2025-08-19 23:16:37.987760+00:00,1755645397.98776,24,bda0015ffd100b0ffd1702000000000000000000002ba8bd
2025-08-19 23:16:39.830829+00:00,1755645399.830829,23,bdaffd00011ffd200b970200430615d000000000e3f4bd
2025-08-19 23:16:59.851621+00:00,1755645419.851621,24,bda0015ffd100b0ffd1702000000000000000000002ba8bd
2025-08-19 23:17:01.687238+00:00,1755645421.687238,23,bdaffd00011ffd200b970200430615e600000000de76bd
